2025-08-25 09:44:03 | RSUFusion    | INFO     | logger.py:66 | RSU Fusion logging initialized - Log file: data/outputs/logs/rsu_fusion_20250825_094403.log
2025-08-25 09:44:03 | RSUFusion.Phase1System | INFO     | run_phase1.py:40 | Phase 1 system initialized
2025-08-25 09:44:03 | RSUFusion.Phase1System | INFO     | run_phase1.py:45 | 🚀 Starting RSU Fusion Phase 1 System...
2025-08-25 09:44:03 | RSUFusion.ConfigManager | INFO     | config_manager.py:36 | Loaded main configuration from config/phase1_config.yaml
2025-08-25 09:44:04 | RSUFusion.ConfigManager | DEBUG    | config_manager.py:64 | Loaded camera configuration from camera_config.yaml
2025-08-25 09:44:04 | RSUFusion.ConfigManager | DEBUG    | config_manager.py:64 | Loaded detection configuration from detection_config.yaml
2025-08-25 09:44:04 | RSUFusion.ConfigManager | DEBUG    | config_manager.py:64 | Loaded tracking configuration from tracking_config.yaml
2025-08-25 09:44:04 | RSUFusion.ConfigManager | DEBUG    | config_manager.py:64 | Loaded visualization configuration from visualization_config.yaml
2025-08-25 09:44:04 | RSUFusion.ConfigManager | DEBUG    | config_manager.py:64 | Loaded vehicles configuration from vehicle_config.yaml
2025-08-25 09:44:04 | RSUFusion.Phase1System | INFO     | run_phase1.py:160 | Camera process started
2025-08-25 09:44:04 | RSUFusion.CameraProcess | INFO     | run_phase1.py:80 | Camera process started
2025-08-25 09:44:04 | RSUFusion.CarlaClient | INFO     | carla_client.py:46 | Connecting to CARLA server at localhost:2000
2025-08-25 09:44:04 | RSUFusion.CarlaClient | INFO     | carla_client.py:55 | Connected to CARLA server version: 0.9.15
2025-08-25 09:44:04 | RSUFusion.CarlaClient | INFO     | carla_client.py:56 | Client version: 0.9.15
2025-08-25 09:44:04 | RSUFusion.CarlaClient | INFO     | carla_client.py:77 | Loading world: Town10HD
2025-08-25 09:44:04 | RSUFusion.CarlaClient | INFO     | carla_client.py:85 | Switching from Carla/Maps/Town10HD to Town10HD
2025-08-25 09:44:06 | RSUFusion.Phase1System | INFO     | run_phase1.py:220 | Detection process started
2025-08-25 09:44:06 | RSUFusion.DetectionProcess | INFO     | run_phase1.py:167 | Detection process started
2025-08-25 09:44:07 | RSUFusion.Phase1System | INFO     | run_phase1.py:289 | Tracking process started
2025-08-25 09:44:07 | RSUFusion.TrackingProcess | INFO     | run_phase1.py:227 | Tracking process started
2025-08-25 09:44:07 | RSUFusion.YOLODetector | INFO     | yolo_detector.py:83 | Initializing YOLOv8 detector with model: yolov8m.pt
2025-08-25 09:44:07 | RSUFusion.YOLODetector | INFO     | yolo_detector.py:84 | Target classes: {2: 'car', 7: 'truck'}
2025-08-25 09:44:07 | RSUFusion.YOLODetector | INFO     | yolo_detector.py:85 | Confidence threshold: 0.5
2025-08-25 09:44:08 | RSUFusion.Phase1System | INFO     | run_phase1.py:365 | Visualization process started
2025-08-25 09:44:08 | RSUFusion.Phase1System | INFO     | run_phase1.py:65 | ✅ All processes started successfully
2025-08-25 09:44:08 | RSUFusion.VisualizationProcess | INFO     | run_phase1.py:296 | Visualization process started
2025-08-25 09:44:08 | RSUFusion.LiveViewer | INFO     | live_viewer.py:54 | Live viewer initialized
2025-08-25 09:44:08 | RSUFusion.LiveViewer | INFO     | live_viewer.py:72 | ✅ Live viewer started
2025-08-25 09:44:08 | RSUFusion.VisualizationProcess | DEBUG    | run_phase1.py:346 | Visualization: 0.0 FPS
2025-08-25 09:44:08 | RSUFusion.SORTTracker | INFO     | sort_tracker.py:163 | Initialized SORT tracker: max_age=30, min_hits=3, iou_threshold=0.3
2025-08-25 09:44:08 | RSUFusion.VisualizationProcess | DEBUG    | run_phase1.py:346 | Visualization: 0.0 FPS
2025-08-25 09:44:09 | RSUFusion.VisualizationProcess | DEBUG    | run_phase1.py:346 | Visualization: 0.0 FPS
2025-08-25 09:44:09 | RSUFusion.VisualizationProcess | DEBUG    | run_phase1.py:346 | Visualization: 0.0 FPS
2025-08-25 09:44:10 | RSUFusion.VisualizationProcess | DEBUG    | run_phase1.py:346 | Visualization: 0.0 FPS
2025-08-25 09:44:10 | RSUFusion.VisualizationProcess | DEBUG    | run_phase1.py:346 | Visualization: 0.0 FPS
2025-08-25 09:44:10 | RSUFusion.VisualizationProcess | DEBUG    | run_phase1.py:346 | Visualization: 0.0 FPS
2025-08-25 09:44:11 | RSUFusion.YOLODetector | INFO     | yolo_detector.py:91 | ✅ YOLOv8 model loaded successfully
2025-08-25 09:44:11 | RSUFusion.VisualizationProcess | DEBUG    | run_phase1.py:346 | Visualization: 0.0 FPS
2025-08-25 09:44:11 | RSUFusion.VisualizationProcess | DEBUG    | run_phase1.py:346 | Visualization: 0.0 FPS
2025-08-25 09:44:11 | RSUFusion.CarlaClient | INFO     | carla_client.py:115 | Enabling synchronous mode
2025-08-25 09:44:11 | RSUFusion.CarlaClient | INFO     | carla_client.py:130 | Synchronous mode: True, Fixed delta: 0.05
2025-08-25 09:44:11 | RSUFusion.CarlaClient | INFO     | carla_client.py:99 | Found 155 spawn points
2025-08-25 09:44:11 | RSUFusion.VisualizationProcess | DEBUG    | run_phase1.py:346 | Visualization: 0.0 FPS
2025-08-25 09:44:11 | RSUFusion.CameraManager | INFO     | camera_manager.py:80 | Camera position: (0.0, 15.0, 5.0)
2025-08-25 09:44:11 | RSUFusion.CameraManager | INFO     | camera_manager.py:81 | Camera rotation: (-10.0, 180.0, 0.0)
2025-08-25 09:44:11 | RSUFusion.CameraManager | INFO     | camera_manager.py:82 | Image size: 960x540
2025-08-25 09:44:11 | RSUFusion.CameraManager | INFO     | camera_manager.py:41 | Camera manager initialized
2025-08-25 09:44:11 | RSUFusion.CameraManager | INFO     | camera_manager.py:109 | Attaching camera to traffic light: 81
2025-08-25 09:44:11 | RSUFusion.CameraManager | INFO     | camera_manager.py:136 | ✅ Camera spawned successfully at Location(x=-50.000000, y=-15.000000, z=8.000000)
2025-08-25 09:44:11 | RSUFusion.RouteManager | INFO     | route_manager.py:32 | Route manager initialized
2025-08-25 09:44:11 | RSUFusion.VehicleSpawner | INFO     | vehicle_spawner.py:39 | Vehicle spawner initialized
2025-08-25 09:44:11 | RSUFusion.VehicleSpawner | WARNING  | vehicle_spawner.py:53 | Could not load vehicle config: 'vehicles', using defaults
2025-08-25 09:44:11 | RSUFusion.RouteManager | INFO     | route_manager.py:73 | ✅ Loaded reference route 'vehicle.ford.ambulance.json' with 52 waypoints
2025-08-25 09:44:11 | RSUFusion.RouteManager | INFO     | route_manager.py:80 |    Route: (-51.8, -63.0) → (-47.6, 53.3)
2025-08-25 09:44:11 | RSUFusion.RouteManager | INFO     | route_manager.py:81 |    Total distance: 116.5m
2025-08-25 09:44:11 | RSUFusion.VehicleSpawner | INFO     | vehicle_spawner.py:108 | Spawning ambulance at reference start: Location(x=-51.796059, y=-63.008793, z=-0.004644)
2025-08-25 09:44:11 | RSUFusion.VehicleSpawner | WARNING  | vehicle_spawner.py:134 | Reference spawn attempt 1 failed: Spawn failed because of collision at spawn position
2025-08-25 09:44:11 | RSUFusion.VehicleSpawner | INFO     | vehicle_spawner.py:127 | ✅ Reference ambulance spawned at EXACT location:
2025-08-25 09:44:11 | RSUFusion.VehicleSpawner | INFO     | vehicle_spawner.py:128 |    Location: (-51.8, -63.0, 0.1)
2025-08-25 09:44:11 | RSUFusion.VehicleSpawner | INFO     | vehicle_spawner.py:129 |    Blueprint: vehicle.ford.ambulance
2025-08-25 09:44:11 | RSUFusion.VehicleSpawner | INFO     | vehicle_spawner.py:130 |    Route has 52 waypoints
2025-08-25 09:44:12 | RSUFusion.VisualizationProcess | DEBUG    | run_phase1.py:346 | Visualization: 0.0 FPS
2025-08-25 09:44:12 | RSUFusion.VisualizationProcess | DEBUG    | run_phase1.py:346 | Visualization: 0.0 FPS
2025-08-25 09:44:13 | RSUFusion.VisualizationProcess | DEBUG    | run_phase1.py:346 | Visualization: 0.0 FPS
2025-08-25 09:44:13 | RSUFusion.VisualizationProcess | DEBUG    | run_phase1.py:346 | Visualization: 0.0 FPS
2025-08-25 09:44:13 | RSUFusion.VisualizationProcess | DEBUG    | run_phase1.py:346 | Visualization: 0.0 FPS
2025-08-25 09:44:14 | RSUFusion.VisualizationProcess | DEBUG    | run_phase1.py:346 | Visualization: 0.0 FPS
2025-08-25 09:44:14 | RSUFusion.VisualizationProcess | DEBUG    | run_phase1.py:346 | Visualization: 0.0 FPS
2025-08-25 09:44:14 | RSUFusion.VisualizationProcess | DEBUG    | run_phase1.py:346 | Visualization: 0.0 FPS
2025-08-25 09:44:15 | RSUFusion.VisualizationProcess | DEBUG    | run_phase1.py:346 | Visualization: 0.0 FPS
2025-08-25 09:44:15 | RSUFusion.VisualizationProcess | DEBUG    | run_phase1.py:346 | Visualization: 0.0 FPS
2025-08-25 09:44:15 | RSUFusion.VehicleSpawner | INFO     | vehicle_spawner.py:280 | ✅ Ambulance autopilot enabled with emergency behavior
2025-08-25 09:44:15 | RSUFusion.VehicleSpawner | INFO     | vehicle_spawner.py:255 | ✅ Spawned 10 traffic vehicles
2025-08-25 09:44:15 | RSUFusion.CameraManager | INFO     | camera_manager.py:154 | ✅ Camera listening started
2025-08-25 09:44:15 | RSUFusion.VisualizationProcess | DEBUG    | run_phase1.py:346 | Visualization: 0.0 FPS
2025-08-25 09:44:16 | RSUFusion.VisualizationProcess | DEBUG    | run_phase1.py:346 | Visualization: 2.0 FPS
2025-08-25 09:44:17 | RSUFusion.VisualizationProcess | DEBUG    | run_phase1.py:346 | Visualization: 46.0 FPS
2025-08-25 09:44:17 | RSUFusion.VisualizationProcess | DEBUG    | run_phase1.py:346 | Visualization: 53.5 FPS
2025-08-25 09:44:18 | RSUFusion.VisualizationProcess | DEBUG    | run_phase1.py:346 | Visualization: 55.9 FPS
2025-08-25 09:44:18 | RSUFusion.VisualizationProcess | DEBUG    | run_phase1.py:346 | Visualization: 50.9 FPS
2025-08-25 09:44:19 | RSUFusion.VisualizationProcess | DEBUG    | run_phase1.py:323 | Updated image (consumed 1 frames)
2025-08-25 09:44:19 | RSUFusion.VisualizationProcess | DEBUG    | run_phase1.py:346 | Visualization: 53.8 FPS
2025-08-25 09:44:19 | RSUFusion.CameraProcess | DEBUG    | run_phase1.py:146 | Ambulance speed: 0.0 km/h
2025-08-25 09:44:19 | RSUFusion.VisualizationProcess | DEBUG    | run_phase1.py:346 | Visualization: 53.1 FPS
2025-08-25 09:44:20 | RSUFusion.VisualizationProcess | DEBUG    | run_phase1.py:346 | Visualization: 56.0 FPS
2025-08-25 09:44:21 | RSUFusion.VisualizationProcess | DEBUG    | run_phase1.py:346 | Visualization: 54.8 FPS
2025-08-25 09:44:21 | RSUFusion.VisualizationProcess | DEBUG    | run_phase1.py:323 | Updated image (consumed 1 frames)
2025-08-25 09:44:21 | RSUFusion.YOLODetector | DEBUG    | yolo_detector.py:155 | Detection performance: 10.2 FPS, 0 objects detected
2025-08-25 09:44:21 | RSUFusion.SORTTracker | DEBUG    | sort_tracker.py:208 | SORT performance: 0.0ms/frame, 0 confirmed tracks
2025-08-25 09:44:21 | RSUFusion.DetectionProcess | DEBUG    | run_phase1.py:198 | Detection: 10.2 FPS, 0 detections processed
2025-08-25 09:44:21 | RSUFusion.TrackingProcess | DEBUG    | run_phase1.py:268 | Tracking: 0 confirmed tracks
2025-08-25 09:44:21 | RSUFusion.VisualizationProcess | DEBUG    | run_phase1.py:346 | Visualization: 52.8 FPS
2025-08-25 09:44:22 | RSUFusion.VisualizationProcess | DEBUG    | run_phase1.py:346 | Visualization: 53.3 FPS
2025-08-25 09:44:22 | RSUFusion.KalmanFilter4D | DEBUG    | kalman_filter.py:88 | Kalman filter initialized at (717.5, 99.4)
2025-08-25 09:44:22 | RSUFusion.Track | DEBUG    | sort_tracker.py:51 | Created track 1 for car at (717.5, 99.4)
2025-08-25 09:44:22 | RSUFusion.SORTTracker | DEBUG    | sort_tracker.py:297 | Created new track 1 for car
2025-08-25 09:44:22 | RSUFusion.Track | DEBUG    | sort_tracker.py:100 | Updated track 1 with car at (715.1, 99.5)
2025-08-25 09:44:22 | RSUFusion.Track | DEBUG    | sort_tracker.py:100 | Updated track 1 with car at (712.1, 99.7)
2025-08-25 09:44:22 | RSUFusion.CameraProcess | DEBUG    | run_phase1.py:146 | Ambulance speed: 0.0 km/h
2025-08-25 09:44:22 | RSUFusion.VisualizationProcess | DEBUG    | run_phase1.py:346 | Visualization: 52.6 FPS
2025-08-25 09:44:23 | RSUFusion.VisualizationProcess | DEBUG    | run_phase1.py:346 | Visualization: 54.8 FPS
2025-08-25 09:44:23 | RSUFusion.KalmanFilter4D | DEBUG    | kalman_filter.py:88 | Kalman filter initialized at (644.5, 99.0)
2025-08-25 09:44:23 | RSUFusion.Track | DEBUG    | sort_tracker.py:51 | Created track 2 for car at (644.5, 99.0)
2025-08-25 09:44:23 | RSUFusion.SORTTracker | DEBUG    | sort_tracker.py:297 | Created new track 2 for car
2025-08-25 09:44:23 | RSUFusion.VisualizationProcess | DEBUG    | run_phase1.py:346 | Visualization: 52.5 FPS
2025-08-25 09:44:23 | RSUFusion.KalmanFilter4D | DEBUG    | kalman_filter.py:88 | Kalman filter initialized at (613.7, 99.9)
2025-08-25 09:44:23 | RSUFusion.Track | DEBUG    | sort_tracker.py:51 | Created track 3 for car at (613.7, 99.9)
2025-08-25 09:44:23 | RSUFusion.SORTTracker | DEBUG    | sort_tracker.py:297 | Created new track 3 for car
2025-08-25 09:44:23 | RSUFusion.Track | DEBUG    | sort_tracker.py:100 | Updated track 3 with car at (612.6, 99.9)
2025-08-25 09:44:24 | RSUFusion.Track | DEBUG    | sort_tracker.py:100 | Updated track 3 with car at (612.0, 99.7)
2025-08-25 09:44:24 | RSUFusion.Track | DEBUG    | sort_tracker.py:100 | Updated track 3 with car at (609.5, 100.2)
2025-08-25 09:44:24 | RSUFusion.Track | DEBUG    | sort_tracker.py:100 | Updated track 3 with car at (605.9, 100.4)
2025-08-25 09:44:24 | RSUFusion.YOLODetector | DEBUG    | yolo_detector.py:155 | Detection performance: 51.5 FPS, 1 objects detected
2025-08-25 09:44:24 | RSUFusion.DetectionProcess | DEBUG    | run_phase1.py:198 | Detection: 17.1 FPS, 10 detections processed
2025-08-25 09:44:24 | RSUFusion.Track | DEBUG    | sort_tracker.py:100 | Updated track 3 with car at (603.5, 100.4)
2025-08-25 09:44:24 | RSUFusion.SORTTracker | DEBUG    | sort_tracker.py:208 | SORT performance: 0.3ms/frame, 2 confirmed tracks
2025-08-25 09:44:24 | RSUFusion.TrackingProcess | DEBUG    | run_phase1.py:268 | Tracking: 2 confirmed tracks
2025-08-25 09:44:24 | RSUFusion.VisualizationProcess | DEBUG    | run_phase1.py:346 | Visualization: 54.2 FPS
2025-08-25 09:44:24 | RSUFusion.Track | DEBUG    | sort_tracker.py:100 | Updated track 3 with car at (601.6, 100.4)
2025-08-25 09:44:24 | RSUFusion.Track | DEBUG    | sort_tracker.py:100 | Updated track 3 with car at (599.7, 99.8)
2025-08-25 09:44:24 | RSUFusion.Track | DEBUG    | sort_tracker.py:100 | Updated track 3 with car at (597.3, 100.1)
2025-08-25 09:44:24 | RSUFusion.Track | DEBUG    | sort_tracker.py:100 | Updated track 3 with car at (596.3, 99.9)
2025-08-25 09:44:24 | RSUFusion.Track | DEBUG    | sort_tracker.py:100 | Updated track 3 with car at (595.2, 100.4)
2025-08-25 09:44:24 | RSUFusion.VisualizationProcess | DEBUG    | run_phase1.py:346 | Visualization: 53.4 FPS
2025-08-25 09:44:25 | RSUFusion.Track | DEBUG    | sort_tracker.py:100 | Updated track 3 with car at (592.0, 100.3)
2025-08-25 09:44:25 | RSUFusion.Track | DEBUG    | sort_tracker.py:100 | Updated track 3 with car at (590.9, 100.4)
2025-08-25 09:44:25 | RSUFusion.Track | DEBUG    | sort_tracker.py:100 | Updated track 3 with car at (589.5, 100.3)
2025-08-25 09:44:25 | RSUFusion.Track | DEBUG    | sort_tracker.py:100 | Updated track 3 with car at (586.3, 100.0)
2025-08-25 09:44:25 | RSUFusion.Track | DEBUG    | sort_tracker.py:100 | Updated track 3 with car at (585.7, 99.8)
2025-08-25 09:44:25 | RSUFusion.VisualizationProcess | DEBUG    | run_phase1.py:346 | Visualization: 54.7 FPS
2025-08-25 09:44:25 | RSUFusion.Track | DEBUG    | sort_tracker.py:100 | Updated track 3 with car at (582.6, 99.7)
2025-08-25 09:44:25 | RSUFusion.Track | DEBUG    | sort_tracker.py:100 | Updated track 3 with car at (579.9, 99.8)
2025-08-25 09:44:25 | RSUFusion.Track | DEBUG    | sort_tracker.py:100 | Updated track 3 with car at (578.7, 99.8)
2025-08-25 09:44:25 | RSUFusion.SORTTracker | DEBUG    | sort_tracker.py:303 | Deleting track 1 (too old: 31 frames)
2025-08-25 09:44:25 | RSUFusion.Track | DEBUG    | sort_tracker.py:100 | Updated track 3 with car at (576.4, 99.9)
2025-08-25 09:44:25 | RSUFusion.CameraProcess | DEBUG    | run_phase1.py:146 | Ambulance speed: 0.0 km/h
2025-08-25 09:44:25 | RSUFusion.Track | DEBUG    | sort_tracker.py:100 | Updated track 3 with car at (574.7, 99.1)
2025-08-25 09:44:26 | RSUFusion.VisualizationProcess | DEBUG    | run_phase1.py:346 | Visualization: 52.1 FPS
2025-08-25 09:44:26 | RSUFusion.Track | DEBUG    | sort_tracker.py:100 | Updated track 3 with car at (569.5, 100.2)
2025-08-25 09:44:26 | RSUFusion.Track | DEBUG    | sort_tracker.py:100 | Updated track 3 with car at (563.9, 99.7)
2025-08-25 09:44:26 | RSUFusion.Track | DEBUG    | sort_tracker.py:100 | Updated track 3 with car at (557.5, 99.5)
2025-08-25 09:44:26 | RSUFusion.Track | DEBUG    | sort_tracker.py:100 | Updated track 3 with car at (555.0, 99.7)
2025-08-25 09:44:26 | RSUFusion.SORTTracker | DEBUG    | sort_tracker.py:303 | Deleting track 2 (too old: 31 frames)
2025-08-25 09:44:26 | RSUFusion.VisualizationProcess | DEBUG    | run_phase1.py:346 | Visualization: 53.5 FPS
2025-08-25 09:44:26 | RSUFusion.Track | DEBUG    | sort_tracker.py:100 | Updated track 3 with car at (546.6, 99.3)
2025-08-25 09:44:27 | RSUFusion.VisualizationProcess | DEBUG    | run_phase1.py:346 | Visualization: 53.5 FPS
2025-08-25 09:44:27 | RSUFusion.Track | DEBUG    | sort_tracker.py:100 | Updated track 3 with car at (537.3, 99.8)
2025-08-25 09:44:27 | RSUFusion.Track | DEBUG    | sort_tracker.py:100 | Updated track 3 with car at (537.5, 99.7)
2025-08-25 09:44:27 | RSUFusion.YOLODetector | DEBUG    | yolo_detector.py:155 | Detection performance: 59.1 FPS, 1 objects detected
2025-08-25 09:44:27 | RSUFusion.DetectionProcess | DEBUG    | run_phase1.py:198 | Detection: 22.4 FPS, 33 detections processed
2025-08-25 09:44:27 | RSUFusion.Track | DEBUG    | sort_tracker.py:100 | Updated track 3 with car at (537.4, 99.8)
2025-08-25 09:44:27 | RSUFusion.SORTTracker | DEBUG    | sort_tracker.py:208 | SORT performance: 0.4ms/frame, 1 confirmed tracks
2025-08-25 09:44:27 | RSUFusion.TrackingProcess | DEBUG    | run_phase1.py:268 | Tracking: 1 confirmed tracks
2025-08-25 09:44:27 | RSUFusion.Track | DEBUG    | sort_tracker.py:100 | Updated track 3 with car at (537.3, 100.0)
2025-08-25 09:44:27 | RSUFusion.VisualizationProcess | DEBUG    | run_phase1.py:346 | Visualization: 53.1 FPS
2025-08-25 09:44:27 | RSUFusion.Track | DEBUG    | sort_tracker.py:100 | Updated track 3 with car at (537.4, 100.1)
2025-08-25 09:44:27 | RSUFusion.Track | DEBUG    | sort_tracker.py:100 | Updated track 3 with car at (537.2, 100.2)
2025-08-25 09:44:28 | RSUFusion.Track | DEBUG    | sort_tracker.py:100 | Updated track 3 with car at (537.3, 100.2)
2025-08-25 09:44:28 | RSUFusion.Track | DEBUG    | sort_tracker.py:100 | Updated track 3 with car at (537.3, 100.4)
2025-08-25 09:44:28 | RSUFusion.Track | DEBUG    | sort_tracker.py:100 | Updated track 3 with car at (537.3, 100.4)
2025-08-25 09:44:28 | RSUFusion.VisualizationProcess | DEBUG    | run_phase1.py:346 | Visualization: 54.1 FPS
2025-08-25 09:44:28 | RSUFusion.Track | DEBUG    | sort_tracker.py:100 | Updated track 3 with car at (537.2, 100.3)
2025-08-25 09:44:28 | RSUFusion.Track | DEBUG    | sort_tracker.py:100 | Updated track 3 with car at (537.2, 100.4)
2025-08-25 09:44:28 | RSUFusion.Track | DEBUG    | sort_tracker.py:100 | Updated track 3 with car at (537.2, 100.6)
2025-08-25 09:44:28 | RSUFusion.Track | DEBUG    | sort_tracker.py:100 | Updated track 3 with car at (537.2, 100.5)
2025-08-25 09:44:28 | RSUFusion.Track | DEBUG    | sort_tracker.py:100 | Updated track 3 with car at (537.2, 100.5)
2025-08-25 09:44:28 | RSUFusion.Track | DEBUG    | sort_tracker.py:100 | Updated track 3 with car at (537.3, 100.6)
2025-08-25 09:44:28 | RSUFusion.VisualizationProcess | DEBUG    | run_phase1.py:346 | Visualization: 53.5 FPS
2025-08-25 09:44:28 | RSUFusion.Track | DEBUG    | sort_tracker.py:100 | Updated track 3 with car at (537.3, 100.5)
2025-08-25 09:44:29 | RSUFusion.Track | DEBUG    | sort_tracker.py:100 | Updated track 3 with car at (537.2, 100.5)
2025-08-25 09:44:29 | RSUFusion.CameraProcess | DEBUG    | run_phase1.py:146 | Ambulance speed: 0.0 km/h
2025-08-25 09:44:29 | RSUFusion.Track | DEBUG    | sort_tracker.py:100 | Updated track 3 with car at (537.2, 100.4)
2025-08-25 09:44:29 | RSUFusion.Track | DEBUG    | sort_tracker.py:100 | Updated track 3 with car at (537.1, 100.4)
2025-08-25 09:44:29 | RSUFusion.Track | DEBUG    | sort_tracker.py:100 | Updated track 3 with car at (537.2, 100.4)
2025-08-25 09:44:29 | RSUFusion.VisualizationProcess | DEBUG    | run_phase1.py:346 | Visualization: 53.2 FPS
2025-08-25 09:44:29 | RSUFusion.Track | DEBUG    | sort_tracker.py:100 | Updated track 3 with car at (537.2, 100.5)
2025-08-25 09:44:29 | RSUFusion.Track | DEBUG    | sort_tracker.py:100 | Updated track 3 with car at (537.2, 100.5)
2025-08-25 09:44:29 | RSUFusion.Track | DEBUG    | sort_tracker.py:100 | Updated track 3 with car at (537.2, 100.5)
2025-08-25 09:44:29 | RSUFusion.Track | DEBUG    | sort_tracker.py:100 | Updated track 3 with car at (537.2, 100.5)
2025-08-25 09:44:29 | RSUFusion.Track | DEBUG    | sort_tracker.py:100 | Updated track 3 with car at (537.2, 100.6)
2025-08-25 09:44:29 | RSUFusion.VisualizationProcess | DEBUG    | run_phase1.py:346 | Visualization: 54.7 FPS
2025-08-25 09:44:30 | RSUFusion.Track | DEBUG    | sort_tracker.py:100 | Updated track 3 with car at (537.2, 100.5)
2025-08-25 09:44:30 | RSUFusion.Track | DEBUG    | sort_tracker.py:100 | Updated track 3 with car at (537.2, 100.5)
2025-08-25 09:44:30 | RSUFusion.Track | DEBUG    | sort_tracker.py:100 | Updated track 3 with car at (537.2, 100.5)
2025-08-25 09:44:30 | RSUFusion.Track | DEBUG    | sort_tracker.py:100 | Updated track 3 with car at (537.2, 100.5)
2025-08-25 09:44:30 | RSUFusion.Track | DEBUG    | sort_tracker.py:100 | Updated track 3 with car at (537.2, 100.5)
2025-08-25 09:44:30 | RSUFusion.VisualizationProcess | DEBUG    | run_phase1.py:346 | Visualization: 53.7 FPS
2025-08-25 09:44:30 | RSUFusion.Track | DEBUG    | sort_tracker.py:100 | Updated track 3 with car at (537.3, 100.5)
2025-08-25 09:44:30 | RSUFusion.Track | DEBUG    | sort_tracker.py:100 | Updated track 3 with car at (537.2, 100.5)
2025-08-25 09:44:30 | RSUFusion.YOLODetector | DEBUG    | yolo_detector.py:155 | Detection performance: 55.9 FPS, 1 objects detected
2025-08-25 09:44:30 | RSUFusion.DetectionProcess | DEBUG    | run_phase1.py:198 | Detection: 56.2 FPS, 63 detections processed
2025-08-25 09:44:30 | RSUFusion.Track | DEBUG    | sort_tracker.py:100 | Updated track 3 with car at (537.2, 100.5)
2025-08-25 09:44:30 | RSUFusion.SORTTracker | DEBUG    | sort_tracker.py:208 | SORT performance: 0.5ms/frame, 1 confirmed tracks
2025-08-25 09:44:30 | RSUFusion.TrackingProcess | DEBUG    | run_phase1.py:268 | Tracking: 1 confirmed tracks
2025-08-25 09:44:30 | RSUFusion.Track | DEBUG    | sort_tracker.py:100 | Updated track 3 with car at (537.2, 100.5)
2025-08-25 09:44:31 | RSUFusion.Track | DEBUG    | sort_tracker.py:100 | Updated track 3 with car at (537.2, 100.5)
2025-08-25 09:44:31 | RSUFusion.VisualizationProcess | DEBUG    | run_phase1.py:346 | Visualization: 52.2 FPS
2025-08-25 09:44:31 | RSUFusion.Track | DEBUG    | sort_tracker.py:100 | Updated track 3 with car at (537.3, 100.5)
2025-08-25 09:44:31 | RSUFusion.Track | DEBUG    | sort_tracker.py:100 | Updated track 3 with car at (537.2, 100.5)
2025-08-25 09:44:31 | RSUFusion.Track | DEBUG    | sort_tracker.py:100 | Updated track 3 with car at (537.2, 100.6)
2025-08-25 09:44:31 | RSUFusion.Track | DEBUG    | sort_tracker.py:100 | Updated track 3 with car at (537.3, 100.7)
2025-08-25 09:44:31 | RSUFusion.Track | DEBUG    | sort_tracker.py:100 | Updated track 3 with car at (537.2, 100.7)
2025-08-25 09:44:31 | RSUFusion.Track | DEBUG    | sort_tracker.py:100 | Updated track 3 with car at (537.2, 100.6)
2025-08-25 09:44:31 | RSUFusion.VisualizationProcess | DEBUG    | run_phase1.py:346 | Visualization: 52.0 FPS
2025-08-25 09:44:31 | RSUFusion.Track | DEBUG    | sort_tracker.py:100 | Updated track 3 with car at (537.2, 100.5)
2025-08-25 09:44:31 | RSUFusion.Track | DEBUG    | sort_tracker.py:100 | Updated track 3 with car at (537.1, 100.6)
2025-08-25 09:44:31 | RSUFusion.Track | DEBUG    | sort_tracker.py:100 | Updated track 3 with car at (537.1, 100.6)
2025-08-25 09:44:32 | RSUFusion.Track | DEBUG    | sort_tracker.py:100 | Updated track 3 with car at (537.2, 100.6)
2025-08-25 09:44:32 | RSUFusion.Track | DEBUG    | sort_tracker.py:100 | Updated track 3 with car at (537.1, 100.7)
2025-08-25 09:44:32 | RSUFusion.VisualizationProcess | DEBUG    | run_phase1.py:346 | Visualization: 52.0 FPS
2025-08-25 09:44:32 | RSUFusion.Track | DEBUG    | sort_tracker.py:100 | Updated track 3 with car at (537.2, 100.7)
2025-08-25 09:44:32 | RSUFusion.CameraProcess | DEBUG    | run_phase1.py:146 | Ambulance speed: 0.0 km/h
2025-08-25 09:44:32 | RSUFusion.Track | DEBUG    | sort_tracker.py:100 | Updated track 3 with car at (537.1, 100.7)
2025-08-25 09:44:32 | RSUFusion.Track | DEBUG    | sort_tracker.py:100 | Updated track 3 with car at (537.1, 100.7)
2025-08-25 09:44:32 | RSUFusion.Track | DEBUG    | sort_tracker.py:100 | Updated track 3 with car at (537.1, 100.6)
2025-08-25 09:44:32 | RSUFusion.Track | DEBUG    | sort_tracker.py:100 | Updated track 3 with car at (537.1, 100.6)
2025-08-25 09:44:32 | RSUFusion.Track | DEBUG    | sort_tracker.py:100 | Updated track 3 with car at (537.1, 100.6)
2025-08-25 09:44:32 | RSUFusion.VisualizationProcess | DEBUG    | run_phase1.py:346 | Visualization: 52.5 FPS
2025-08-25 09:44:32 | RSUFusion.Track | DEBUG    | sort_tracker.py:100 | Updated track 3 with car at (537.1, 100.7)
2025-08-25 09:44:33 | RSUFusion.Track | DEBUG    | sort_tracker.py:100 | Updated track 3 with car at (537.0, 100.7)
2025-08-25 09:44:33 | RSUFusion.Track | DEBUG    | sort_tracker.py:100 | Updated track 3 with car at (537.0, 100.8)
2025-08-25 09:44:33 | RSUFusion.Track | DEBUG    | sort_tracker.py:100 | Updated track 3 with car at (537.0, 100.8)
2025-08-25 09:44:33 | RSUFusion.Track | DEBUG    | sort_tracker.py:100 | Updated track 3 with car at (537.0, 100.8)
2025-08-25 09:44:33 | RSUFusion.VisualizationProcess | DEBUG    | run_phase1.py:346 | Visualization: 53.8 FPS
2025-08-25 09:44:33 | RSUFusion.Track | DEBUG    | sort_tracker.py:100 | Updated track 3 with car at (537.0, 100.7)
2025-08-25 09:44:33 | RSUFusion.Track | DEBUG    | sort_tracker.py:100 | Updated track 3 with car at (536.9, 100.7)
2025-08-25 09:44:33 | RSUFusion.Track | DEBUG    | sort_tracker.py:100 | Updated track 3 with car at (537.0, 100.8)
2025-08-25 09:44:33 | RSUFusion.Track | DEBUG    | sort_tracker.py:100 | Updated track 3 with car at (537.2, 100.8)
2025-08-25 09:44:33 | RSUFusion.Track | DEBUG    | sort_tracker.py:100 | Updated track 3 with car at (536.9, 100.8)
2025-08-25 09:44:33 | RSUFusion.VisualizationProcess | DEBUG    | run_phase1.py:346 | Visualization: 52.9 FPS
2025-08-25 09:44:34 | RSUFusion.YOLODetector | DEBUG    | yolo_detector.py:155 | Detection performance: 55.6 FPS, 1 objects detected
2025-08-25 09:44:34 | RSUFusion.DetectionProcess | DEBUG    | run_phase1.py:198 | Detection: 56.8 FPS, 93 detections processed
2025-08-25 09:44:34 | RSUFusion.Track | DEBUG    | sort_tracker.py:100 | Updated track 3 with car at (537.0, 100.9)
2025-08-25 09:44:34 | RSUFusion.SORTTracker | DEBUG    | sort_tracker.py:208 | SORT performance: 0.4ms/frame, 1 confirmed tracks
2025-08-25 09:44:34 | RSUFusion.TrackingProcess | DEBUG    | run_phase1.py:268 | Tracking: 1 confirmed tracks
2025-08-25 09:44:34 | RSUFusion.Track | DEBUG    | sort_tracker.py:100 | Updated track 3 with car at (536.9, 100.9)
2025-08-25 09:44:34 | RSUFusion.Track | DEBUG    | sort_tracker.py:100 | Updated track 3 with car at (536.9, 100.8)
2025-08-25 09:44:34 | RSUFusion.Track | DEBUG    | sort_tracker.py:100 | Updated track 3 with car at (536.9, 100.7)
2025-08-25 09:44:34 | RSUFusion.Track | DEBUG    | sort_tracker.py:100 | Updated track 3 with car at (536.8, 100.7)
2025-08-25 09:44:34 | RSUFusion.VisualizationProcess | DEBUG    | run_phase1.py:346 | Visualization: 53.5 FPS
2025-08-25 09:44:34 | RSUFusion.Track | DEBUG    | sort_tracker.py:100 | Updated track 3 with car at (536.9, 100.7)
2025-08-25 09:44:34 | RSUFusion.Track | DEBUG    | sort_tracker.py:100 | Updated track 3 with car at (537.1, 100.8)
2025-08-25 09:44:34 | RSUFusion.Track | DEBUG    | sort_tracker.py:100 | Updated track 3 with car at (536.8, 100.8)
2025-08-25 09:44:34 | RSUFusion.Track | DEBUG    | sort_tracker.py:100 | Updated track 3 with car at (536.8, 100.9)
2025-08-25 09:44:34 | RSUFusion.Track | DEBUG    | sort_tracker.py:100 | Updated track 3 with car at (536.8, 100.8)
2025-08-25 09:44:35 | RSUFusion.Track | DEBUG    | sort_tracker.py:100 | Updated track 3 with car at (536.7, 100.7)
2025-08-25 09:44:35 | RSUFusion.VisualizationProcess | DEBUG    | run_phase1.py:346 | Visualization: 53.6 FPS
2025-08-25 09:44:35 | RSUFusion.Track | DEBUG    | sort_tracker.py:100 | Updated track 3 with car at (536.7, 100.8)
2025-08-25 09:44:35 | RSUFusion.Track | DEBUG    | sort_tracker.py:100 | Updated track 3 with car at (536.7, 100.8)
2025-08-25 09:44:35 | RSUFusion.Track | DEBUG    | sort_tracker.py:100 | Updated track 3 with car at (536.7, 100.8)
2025-08-25 09:44:35 | RSUFusion.Track | DEBUG    | sort_tracker.py:100 | Updated track 3 with car at (537.0, 100.8)
2025-08-25 09:44:35 | RSUFusion.CameraProcess | DEBUG    | run_phase1.py:146 | Ambulance speed: 0.0 km/h
2025-08-25 09:44:35 | RSUFusion.Track | DEBUG    | sort_tracker.py:100 | Updated track 3 with car at (536.7, 100.8)
2025-08-25 09:44:35 | RSUFusion.VisualizationProcess | DEBUG    | run_phase1.py:346 | Visualization: 54.9 FPS
2025-08-25 09:44:35 | RSUFusion.Track | DEBUG    | sort_tracker.py:100 | Updated track 3 with car at (536.7, 100.8)
2025-08-25 09:44:35 | RSUFusion.Track | DEBUG    | sort_tracker.py:100 | Updated track 3 with car at (536.6, 100.8)
2025-08-25 09:44:35 | RSUFusion.Track | DEBUG    | sort_tracker.py:100 | Updated track 3 with car at (536.6, 100.8)
2025-08-25 09:44:36 | RSUFusion.Track | DEBUG    | sort_tracker.py:100 | Updated track 3 with car at (536.6, 100.8)
2025-08-25 09:44:36 | RSUFusion.Track | DEBUG    | sort_tracker.py:100 | Updated track 3 with car at (536.6, 100.7)
2025-08-25 09:44:36 | RSUFusion.VisualizationProcess | DEBUG    | run_phase1.py:346 | Visualization: 51.6 FPS
2025-08-25 09:44:36 | RSUFusion.Track | DEBUG    | sort_tracker.py:100 | Updated track 3 with car at (536.6, 100.7)
2025-08-25 09:44:36 | RSUFusion.Track | DEBUG    | sort_tracker.py:100 | Updated track 3 with car at (536.8, 100.8)
2025-08-25 09:44:36 | RSUFusion.Track | DEBUG    | sort_tracker.py:100 | Updated track 3 with car at (536.5, 100.8)
2025-08-25 09:44:36 | RSUFusion.Track | DEBUG    | sort_tracker.py:100 | Updated track 3 with car at (536.5, 100.7)
2025-08-25 09:44:36 | RSUFusion.Track | DEBUG    | sort_tracker.py:100 | Updated track 3 with car at (536.5, 100.9)
2025-08-25 09:44:36 | RSUFusion.VisualizationProcess | DEBUG    | run_phase1.py:346 | Visualization: 52.9 FPS
2025-08-25 09:44:36 | RSUFusion.Track | DEBUG    | sort_tracker.py:100 | Updated track 3 with car at (536.5, 100.6)
2025-08-25 09:44:36 | RSUFusion.Track | DEBUG    | sort_tracker.py:100 | Updated track 3 with car at (536.5, 100.7)
2025-08-25 09:44:37 | RSUFusion.Track | DEBUG    | sort_tracker.py:100 | Updated track 3 with car at (536.4, 100.6)
2025-08-25 09:44:37 | RSUFusion.Track | DEBUG    | sort_tracker.py:100 | Updated track 3 with car at (536.4, 100.6)
2025-08-25 09:44:37 | RSUFusion.YOLODetector | DEBUG    | yolo_detector.py:155 | Detection performance: 54.1 FPS, 1 objects detected
2025-08-25 09:44:37 | RSUFusion.DetectionProcess | DEBUG    | run_phase1.py:198 | Detection: 56.1 FPS, 123 detections processed
2025-08-25 09:44:37 | RSUFusion.Track | DEBUG    | sort_tracker.py:100 | Updated track 3 with car at (536.4, 100.6)
2025-08-25 09:44:37 | RSUFusion.SORTTracker | DEBUG    | sort_tracker.py:208 | SORT performance: 0.4ms/frame, 1 confirmed tracks
2025-08-25 09:44:37 | RSUFusion.TrackingProcess | DEBUG    | run_phase1.py:268 | Tracking: 1 confirmed tracks
2025-08-25 09:44:37 | RSUFusion.Track | DEBUG    | sort_tracker.py:100 | Updated track 3 with car at (536.4, 100.6)
2025-08-25 09:44:37 | RSUFusion.VisualizationProcess | DEBUG    | run_phase1.py:346 | Visualization: 51.8 FPS
2025-08-25 09:44:37 | RSUFusion.Track | DEBUG    | sort_tracker.py:100 | Updated track 3 with car at (536.4, 100.7)
2025-08-25 09:44:37 | RSUFusion.Track | DEBUG    | sort_tracker.py:100 | Updated track 3 with car at (536.4, 100.5)
2025-08-25 09:44:37 | RSUFusion.Track | DEBUG    | sort_tracker.py:100 | Updated track 3 with car at (536.4, 100.5)
2025-08-25 09:44:37 | RSUFusion.Track | DEBUG    | sort_tracker.py:100 | Updated track 3 with car at (536.3, 100.4)
2025-08-25 09:44:37 | RSUFusion.Track | DEBUG    | sort_tracker.py:100 | Updated track 3 with car at (536.3, 100.5)
2025-08-25 09:44:37 | RSUFusion.VisualizationProcess | DEBUG    | run_phase1.py:346 | Visualization: 54.2 FPS
2025-08-25 09:44:37 | RSUFusion.Track | DEBUG    | sort_tracker.py:100 | Updated track 3 with car at (536.4, 100.4)
2025-08-25 09:44:38 | RSUFusion.Phase1System | INFO     | run_phase1.py:398 | === System Performance Stats ===
2025-08-25 09:44:38 | RSUFusion.Track | DEBUG    | sort_tracker.py:100 | Updated track 3 with car at (536.3, 100.3)
2025-08-25 09:44:38 | RSUFusion.Phase1System | INFO     | run_phase1.py:408 | Visualization: 54.2 FPS
2025-08-25 09:44:38 | RSUFusion.Phase1System | INFO     | run_phase1.py:402 | Detection: 56.1 FPS
2025-08-25 09:44:38 | RSUFusion.Phase1System | INFO     | run_phase1.py:406 | Tracking: 1/1 tracks
2025-08-25 09:44:38 | RSUFusion.Phase1System | INFO     | run_phase1.py:411 | Queue sizes - Detection Images: 0, Visualization Images: 0, Detections: 0, Tracking: 0
2025-08-25 09:44:38 | RSUFusion.Track | DEBUG    | sort_tracker.py:100 | Updated track 3 with car at (536.3, 100.5)
2025-08-25 09:44:38 | RSUFusion.Track | DEBUG    | sort_tracker.py:100 | Updated track 3 with car at (536.4, 100.4)
2025-08-25 09:44:38 | RSUFusion.Track | DEBUG    | sort_tracker.py:100 | Updated track 3 with car at (536.3, 100.5)
2025-08-25 09:44:38 | RSUFusion.Track | DEBUG    | sort_tracker.py:100 | Updated track 3 with car at (536.3, 100.4)
2025-08-25 09:44:38 | RSUFusion.VisualizationProcess | DEBUG    | run_phase1.py:346 | Visualization: 49.8 FPS
2025-08-25 09:44:38 | RSUFusion.Track | DEBUG    | sort_tracker.py:100 | Updated track 3 with car at (536.3, 100.4)
2025-08-25 09:44:38 | RSUFusion.Track | DEBUG    | sort_tracker.py:100 | Updated track 3 with car at (536.3, 100.3)
2025-08-25 09:44:38 | RSUFusion.CameraProcess | DEBUG    | run_phase1.py:146 | Ambulance speed: 0.0 km/h
2025-08-25 09:44:38 | RSUFusion.Track | DEBUG    | sort_tracker.py:100 | Updated track 3 with car at (536.3, 100.4)
2025-08-25 09:44:38 | RSUFusion.Track | DEBUG    | sort_tracker.py:100 | Updated track 3 with car at (536.3, 100.4)
2025-08-25 09:44:39 | RSUFusion.Track | DEBUG    | sort_tracker.py:100 | Updated track 3 with car at (536.3, 100.4)
2025-08-25 09:44:39 | RSUFusion.KalmanFilter4D | DEBUG    | kalman_filter.py:88 | Kalman filter initialized at (217.1, 101.6)
2025-08-25 09:44:39 | RSUFusion.Track | DEBUG    | sort_tracker.py:51 | Created track 4 for car at (217.1, 101.6)
2025-08-25 09:44:39 | RSUFusion.SORTTracker | DEBUG    | sort_tracker.py:297 | Created new track 4 for car
2025-08-25 09:44:39 | RSUFusion.VisualizationProcess | DEBUG    | run_phase1.py:346 | Visualization: 52.5 FPS
2025-08-25 09:44:39 | RSUFusion.Track | DEBUG    | sort_tracker.py:100 | Updated track 3 with car at (536.3, 100.5)
2025-08-25 09:44:39 | RSUFusion.Track | DEBUG    | sort_tracker.py:100 | Updated track 4 with car at (218.7, 101.4)
2025-08-25 09:44:39 | RSUFusion.Track | DEBUG    | sort_tracker.py:100 | Updated track 3 with car at (536.2, 100.5)
2025-08-25 09:44:39 | RSUFusion.Track | DEBUG    | sort_tracker.py:100 | Updated track 3 with car at (536.2, 100.5)
2025-08-25 09:44:39 | RSUFusion.Track | DEBUG    | sort_tracker.py:100 | Updated track 3 with car at (536.2, 100.4)
2025-08-25 09:44:39 | RSUFusion.Track | DEBUG    | sort_tracker.py:100 | Updated track 4 with car at (225.7, 101.9)
2025-08-25 09:44:39 | RSUFusion.Track | DEBUG    | sort_tracker.py:100 | Updated track 3 with car at (536.2, 100.4)
2025-08-25 09:44:39 | RSUFusion.Track | DEBUG    | sort_tracker.py:100 | Updated track 4 with car at (228.1, 102.3)
2025-08-25 09:44:39 | RSUFusion.VisualizationProcess | DEBUG    | run_phase1.py:346 | Visualization: 52.2 FPS
2025-08-25 09:44:39 | RSUFusion.Track | DEBUG    | sort_tracker.py:100 | Updated track 3 with car at (536.2, 100.5)
2025-08-25 09:44:39 | RSUFusion.Track | DEBUG    | sort_tracker.py:100 | Updated track 4 with car at (230.5, 101.5)
2025-08-25 09:44:39 | RSUFusion.Track | DEBUG    | sort_tracker.py:100 | Updated track 3 with car at (536.2, 100.4)
2025-08-25 09:44:39 | RSUFusion.Track | DEBUG    | sort_tracker.py:100 | Updated track 4 with car at (232.6, 102.6)
2025-08-25 09:44:39 | RSUFusion.Track | DEBUG    | sort_tracker.py:100 | Updated track 3 with car at (536.2, 100.5)
2025-08-25 09:44:39 | RSUFusion.Track | DEBUG    | sort_tracker.py:100 | Updated track 4 with car at (234.2, 102.4)
2025-08-25 09:44:40 | RSUFusion.Track | DEBUG    | sort_tracker.py:100 | Updated track 3 with car at (536.2, 100.5)
2025-08-25 09:44:40 | RSUFusion.Track | DEBUG    | sort_tracker.py:100 | Updated track 4 with car at (238.0, 101.3)
2025-08-25 09:44:40 | RSUFusion.Track | DEBUG    | sort_tracker.py:100 | Updated track 3 with car at (536.1, 100.5)
2025-08-25 09:44:40 | RSUFusion.Track | DEBUG    | sort_tracker.py:100 | Updated track 4 with car at (240.8, 102.6)
2025-08-25 09:44:40 | RSUFusion.VisualizationProcess | DEBUG    | run_phase1.py:346 | Visualization: 53.7 FPS
2025-08-25 09:44:40 | RSUFusion.Track | DEBUG    | sort_tracker.py:100 | Updated track 3 with car at (536.1, 100.2)
2025-08-25 09:44:40 | RSUFusion.Track | DEBUG    | sort_tracker.py:100 | Updated track 3 with car at (536.1, 100.2)
2025-08-25 09:44:40 | RSUFusion.YOLODetector | DEBUG    | yolo_detector.py:155 | Detection performance: 51.6 FPS, 1 objects detected
2025-08-25 09:44:40 | RSUFusion.DetectionProcess | DEBUG    | run_phase1.py:198 | Detection: 53.5 FPS, 162 detections processed
2025-08-25 09:44:40 | RSUFusion.Track | DEBUG    | sort_tracker.py:100 | Updated track 3 with car at (536.0, 100.2)
2025-08-25 09:44:40 | RSUFusion.SORTTracker | DEBUG    | sort_tracker.py:208 | SORT performance: 0.5ms/frame, 2 confirmed tracks
2025-08-25 09:44:40 | RSUFusion.TrackingProcess | DEBUG    | run_phase1.py:268 | Tracking: 2 confirmed tracks
2025-08-25 09:44:40 | RSUFusion.Track | DEBUG    | sort_tracker.py:100 | Updated track 3 with car at (536.1, 100.2)
2025-08-25 09:44:40 | RSUFusion.Track | DEBUG    | sort_tracker.py:100 | Updated track 3 with car at (536.1, 100.3)
2025-08-25 09:44:40 | RSUFusion.Track | DEBUG    | sort_tracker.py:100 | Updated track 3 with car at (536.0, 100.4)
2025-08-25 09:44:40 | RSUFusion.Track | DEBUG    | sort_tracker.py:100 | Updated track 4 with car at (260.0, 103.6)
2025-08-25 09:44:40 | RSUFusion.VisualizationProcess | DEBUG    | run_phase1.py:346 | Visualization: 50.5 FPS
2025-08-25 09:44:40 | RSUFusion.Track | DEBUG    | sort_tracker.py:100 | Updated track 3 with car at (536.1, 100.5)
2025-08-25 09:44:40 | RSUFusion.Track | DEBUG    | sort_tracker.py:100 | Updated track 4 with car at (266.2, 103.5)
2025-08-25 09:44:40 | RSUFusion.Track | DEBUG    | sort_tracker.py:100 | Updated track 3 with car at (536.1, 100.4)
2025-08-25 09:44:40 | RSUFusion.Track | DEBUG    | sort_tracker.py:100 | Updated track 4 with car at (268.1, 103.9)
2025-08-25 09:44:41 | RSUFusion.Track | DEBUG    | sort_tracker.py:100 | Updated track 3 with car at (536.0, 100.3)
2025-08-25 09:44:41 | RSUFusion.Track | DEBUG    | sort_tracker.py:100 | Updated track 4 with car at (268.0, 103.7)
2025-08-25 09:44:41 | RSUFusion.Track | DEBUG    | sort_tracker.py:100 | Updated track 3 with car at (536.0, 100.4)
2025-08-25 09:44:41 | RSUFusion.Track | DEBUG    | sort_tracker.py:100 | Updated track 4 with car at (268.8, 103.6)
2025-08-25 09:44:41 | RSUFusion.Track | DEBUG    | sort_tracker.py:100 | Updated track 3 with car at (536.0, 100.3)
2025-08-25 09:44:41 | RSUFusion.Track | DEBUG    | sort_tracker.py:100 | Updated track 4 with car at (268.7, 103.3)
2025-08-25 09:44:41 | RSUFusion.Track | DEBUG    | sort_tracker.py:100 | Updated track 3 with car at (536.0, 100.3)
2025-08-25 09:44:41 | RSUFusion.Track | DEBUG    | sort_tracker.py:100 | Updated track 4 with car at (268.9, 103.1)
2025-08-25 09:44:41 | RSUFusion.VisualizationProcess | DEBUG    | run_phase1.py:346 | Visualization: 47.3 FPS
2025-08-25 09:44:41 | RSUFusion.Track | DEBUG    | sort_tracker.py:100 | Updated track 3 with car at (536.0, 100.3)
2025-08-25 09:44:41 | RSUFusion.Track | DEBUG    | sort_tracker.py:100 | Updated track 4 with car at (268.9, 103.1)
2025-08-25 09:44:41 | RSUFusion.Track | DEBUG    | sort_tracker.py:100 | Updated track 3 with car at (536.0, 100.4)
2025-08-25 09:44:41 | RSUFusion.Track | DEBUG    | sort_tracker.py:100 | Updated track 4 with car at (269.1, 102.9)
2025-08-25 09:44:41 | RSUFusion.Track | DEBUG    | sort_tracker.py:100 | Updated track 3 with car at (536.0, 100.5)
2025-08-25 09:44:41 | RSUFusion.Track | DEBUG    | sort_tracker.py:100 | Updated track 4 with car at (269.0, 103.0)
2025-08-25 09:44:41 | RSUFusion.Track | DEBUG    | sort_tracker.py:100 | Updated track 3 with car at (536.0, 100.5)
2025-08-25 09:44:41 | RSUFusion.Track | DEBUG    | sort_tracker.py:100 | Updated track 4 with car at (269.1, 103.1)
2025-08-25 09:44:41 | RSUFusion.Track | DEBUG    | sort_tracker.py:100 | Updated track 3 with car at (536.0, 100.4)
2025-08-25 09:44:41 | RSUFusion.Track | DEBUG    | sort_tracker.py:100 | Updated track 4 with car at (269.1, 103.2)
2025-08-25 09:44:41 | RSUFusion.CameraProcess | DEBUG    | run_phase1.py:146 | Ambulance speed: 0.0 km/h
2025-08-25 09:44:42 | RSUFusion.Track | DEBUG    | sort_tracker.py:100 | Updated track 3 with car at (536.0, 100.4)
2025-08-25 09:44:42 | RSUFusion.Track | DEBUG    | sort_tracker.py:100 | Updated track 4 with car at (269.3, 102.9)
2025-08-25 09:44:42 | RSUFusion.VisualizationProcess | DEBUG    | run_phase1.py:346 | Visualization: 41.7 FPS
2025-08-25 09:44:42 | RSUFusion.Track | DEBUG    | sort_tracker.py:100 | Updated track 3 with car at (535.9, 100.4)
2025-08-25 09:44:42 | RSUFusion.Track | DEBUG    | sort_tracker.py:100 | Updated track 4 with car at (269.3, 102.9)
2025-08-25 09:44:42 | RSUFusion.Track | DEBUG    | sort_tracker.py:100 | Updated track 3 with car at (536.0, 100.3)
2025-08-25 09:44:42 | RSUFusion.Track | DEBUG    | sort_tracker.py:100 | Updated track 4 with car at (269.4, 102.9)
2025-08-25 09:44:42 | RSUFusion.Track | DEBUG    | sort_tracker.py:100 | Updated track 3 with car at (536.0, 100.4)
2025-08-25 09:44:42 | RSUFusion.Track | DEBUG    | sort_tracker.py:100 | Updated track 4 with car at (269.3, 103.0)
2025-08-25 09:44:42 | RSUFusion.Track | DEBUG    | sort_tracker.py:100 | Updated track 3 with car at (536.0, 100.4)
2025-08-25 09:44:42 | RSUFusion.Track | DEBUG    | sort_tracker.py:100 | Updated track 4 with car at (269.5, 102.9)
2025-08-25 09:44:42 | RSUFusion.Track | DEBUG    | sort_tracker.py:100 | Updated track 3 with car at (536.0, 100.5)
2025-08-25 09:44:42 | RSUFusion.Track | DEBUG    | sort_tracker.py:100 | Updated track 4 with car at (269.5, 102.8)
2025-08-25 09:44:42 | RSUFusion.Track | DEBUG    | sort_tracker.py:100 | Updated track 3 with car at (536.0, 100.6)
2025-08-25 09:44:42 | RSUFusion.Track | DEBUG    | sort_tracker.py:100 | Updated track 4 with car at (269.5, 103.0)
2025-08-25 09:44:42 | RSUFusion.VisualizationProcess | DEBUG    | run_phase1.py:346 | Visualization: 49.2 FPS
2025-08-25 09:44:42 | RSUFusion.Track | DEBUG    | sort_tracker.py:100 | Updated track 3 with car at (536.0, 100.5)
2025-08-25 09:44:42 | RSUFusion.Track | DEBUG    | sort_tracker.py:100 | Updated track 4 with car at (269.4, 103.0)
2025-08-25 09:44:42 | RSUFusion.Track | DEBUG    | sort_tracker.py:100 | Updated track 3 with car at (536.0, 100.5)
2025-08-25 09:44:42 | RSUFusion.Track | DEBUG    | sort_tracker.py:100 | Updated track 4 with car at (269.6, 102.9)
2025-08-25 09:44:43 | RSUFusion.Track | DEBUG    | sort_tracker.py:100 | Updated track 3 with car at (535.9, 100.4)
2025-08-25 09:44:43 | RSUFusion.Track | DEBUG    | sort_tracker.py:100 | Updated track 4 with car at (269.5, 102.8)
2025-08-25 09:44:43 | RSUFusion.Track | DEBUG    | sort_tracker.py:100 | Updated track 3 with car at (535.9, 100.4)
2025-08-25 09:44:43 | RSUFusion.Track | DEBUG    | sort_tracker.py:100 | Updated track 4 with car at (269.6, 102.8)
2025-08-25 09:44:43 | RSUFusion.Track | DEBUG    | sort_tracker.py:100 | Updated track 3 with car at (535.9, 100.5)
2025-08-25 09:44:43 | RSUFusion.Track | DEBUG    | sort_tracker.py:100 | Updated track 4 with car at (269.5, 102.8)
2025-08-25 09:44:43 | RSUFusion.Track | DEBUG    | sort_tracker.py:100 | Updated track 3 with car at (536.0, 100.6)
2025-08-25 09:44:43 | RSUFusion.Track | DEBUG    | sort_tracker.py:100 | Updated track 4 with car at (269.7, 102.8)
2025-08-25 09:44:43 | RSUFusion.VisualizationProcess | DEBUG    | run_phase1.py:346 | Visualization: 46.6 FPS
2025-08-25 09:44:43 | RSUFusion.Track | DEBUG    | sort_tracker.py:100 | Updated track 3 with car at (536.0, 100.6)
2025-08-25 09:44:43 | RSUFusion.Track | DEBUG    | sort_tracker.py:100 | Updated track 4 with car at (269.7, 102.8)
2025-08-25 09:44:43 | RSUFusion.Track | DEBUG    | sort_tracker.py:100 | Updated track 3 with car at (536.0, 100.6)
2025-08-25 09:44:43 | RSUFusion.Track | DEBUG    | sort_tracker.py:100 | Updated track 4 with car at (269.7, 102.8)
2025-08-25 09:44:43 | RSUFusion.YOLODetector | DEBUG    | yolo_detector.py:155 | Detection performance: 53.7 FPS, 2 objects detected
2025-08-25 09:44:43 | RSUFusion.DetectionProcess | DEBUG    | run_phase1.py:198 | Detection: 54.0 FPS, 220 detections processed
2025-08-25 09:44:43 | RSUFusion.Track | DEBUG    | sort_tracker.py:100 | Updated track 3 with car at (536.0, 100.5)
2025-08-25 09:44:43 | RSUFusion.Track | DEBUG    | sort_tracker.py:100 | Updated track 4 with car at (269.6, 102.8)
2025-08-25 09:44:43 | RSUFusion.SORTTracker | DEBUG    | sort_tracker.py:208 | SORT performance: 0.7ms/frame, 2 confirmed tracks
2025-08-25 09:44:43 | RSUFusion.TrackingProcess | DEBUG    | run_phase1.py:268 | Tracking: 2 confirmed tracks
2025-08-25 09:44:43 | RSUFusion.Track | DEBUG    | sort_tracker.py:100 | Updated track 3 with car at (535.9, 100.5)
2025-08-25 09:44:43 | RSUFusion.Track | DEBUG    | sort_tracker.py:100 | Updated track 4 with car at (269.7, 102.7)
2025-08-25 09:44:43 | RSUFusion.Track | DEBUG    | sort_tracker.py:100 | Updated track 3 with car at (535.9, 100.5)
2025-08-25 09:44:43 | RSUFusion.Track | DEBUG    | sort_tracker.py:100 | Updated track 4 with car at (269.7, 102.8)
2025-08-25 09:44:43 | RSUFusion.Track | DEBUG    | sort_tracker.py:100 | Updated track 3 with car at (536.0, 100.5)
2025-08-25 09:44:43 | RSUFusion.Track | DEBUG    | sort_tracker.py:100 | Updated track 4 with car at (269.8, 102.6)
2025-08-25 09:44:44 | RSUFusion.VisualizationProcess | DEBUG    | run_phase1.py:346 | Visualization: 49.7 FPS
2025-08-25 09:44:44 | RSUFusion.Track | DEBUG    | sort_tracker.py:100 | Updated track 3 with car at (535.9, 100.5)
2025-08-25 09:44:44 | RSUFusion.Track | DEBUG    | sort_tracker.py:100 | Updated track 4 with car at (269.8, 102.7)
2025-08-25 09:44:44 | RSUFusion.Track | DEBUG    | sort_tracker.py:100 | Updated track 3 with car at (535.9, 100.6)
2025-08-25 09:44:44 | RSUFusion.Track | DEBUG    | sort_tracker.py:100 | Updated track 4 with car at (269.8, 102.6)
2025-08-25 09:44:44 | RSUFusion.Track | DEBUG    | sort_tracker.py:100 | Updated track 3 with car at (535.9, 100.6)
2025-08-25 09:44:44 | RSUFusion.Track | DEBUG    | sort_tracker.py:100 | Updated track 4 with car at (269.9, 102.5)
2025-08-25 09:44:44 | RSUFusion.Track | DEBUG    | sort_tracker.py:100 | Updated track 3 with car at (535.9, 100.6)
2025-08-25 09:44:44 | RSUFusion.Track | DEBUG    | sort_tracker.py:100 | Updated track 4 with car at (269.8, 102.7)
2025-08-25 09:44:44 | RSUFusion.Track | DEBUG    | sort_tracker.py:100 | Updated track 3 with car at (535.9, 100.5)
2025-08-25 09:44:44 | RSUFusion.Track | DEBUG    | sort_tracker.py:100 | Updated track 4 with car at (269.8, 102.9)
2025-08-25 09:44:44 | RSUFusion.Track | DEBUG    | sort_tracker.py:100 | Updated track 3 with car at (535.9, 100.5)
2025-08-25 09:44:44 | RSUFusion.Track | DEBUG    | sort_tracker.py:100 | Updated track 4 with car at (269.8, 102.7)
2025-08-25 09:44:44 | RSUFusion.VisualizationProcess | DEBUG    | run_phase1.py:346 | Visualization: 44.7 FPS
2025-08-25 09:44:44 | RSUFusion.Track | DEBUG    | sort_tracker.py:100 | Updated track 3 with car at (535.9, 100.5)
2025-08-25 09:44:44 | RSUFusion.Track | DEBUG    | sort_tracker.py:100 | Updated track 4 with car at (269.9, 102.5)
2025-08-25 09:44:44 | RSUFusion.Track | DEBUG    | sort_tracker.py:100 | Updated track 3 with car at (535.9, 100.5)
2025-08-25 09:44:44 | RSUFusion.Track | DEBUG    | sort_tracker.py:100 | Updated track 4 with car at (269.9, 102.9)
2025-08-25 09:44:44 | RSUFusion.Track | DEBUG    | sort_tracker.py:100 | Updated track 3 with car at (535.9, 100.6)
2025-08-25 09:44:44 | RSUFusion.Track | DEBUG    | sort_tracker.py:100 | Updated track 4 with car at (269.9, 102.6)
2025-08-25 09:44:45 | RSUFusion.Track | DEBUG    | sort_tracker.py:100 | Updated track 3 with car at (535.8, 100.6)
2025-08-25 09:44:45 | RSUFusion.Track | DEBUG    | sort_tracker.py:100 | Updated track 4 with car at (269.9, 102.4)
2025-08-25 09:44:45 | RSUFusion.Track | DEBUG    | sort_tracker.py:100 | Updated track 3 with car at (535.9, 100.7)
2025-08-25 09:44:45 | RSUFusion.Track | DEBUG    | sort_tracker.py:100 | Updated track 4 with car at (269.9, 102.4)
2025-08-25 09:44:45 | RSUFusion.CameraProcess | DEBUG    | run_phase1.py:146 | Ambulance speed: 0.0 km/h
2025-08-25 09:44:45 | RSUFusion.Track | DEBUG    | sort_tracker.py:100 | Updated track 3 with car at (535.8, 100.6)
2025-08-25 09:44:45 | RSUFusion.Track | DEBUG    | sort_tracker.py:100 | Updated track 4 with car at (270.0, 102.6)
2025-08-25 09:44:45 | RSUFusion.VisualizationProcess | DEBUG    | run_phase1.py:346 | Visualization: 46.7 FPS
2025-08-25 09:44:45 | RSUFusion.Track | DEBUG    | sort_tracker.py:100 | Updated track 3 with car at (535.8, 100.6)
2025-08-25 09:44:45 | RSUFusion.Track | DEBUG    | sort_tracker.py:100 | Updated track 4 with car at (269.9, 102.8)
2025-08-25 09:44:45 | RSUFusion.Track | DEBUG    | sort_tracker.py:100 | Updated track 3 with car at (535.8, 100.6)
2025-08-25 09:44:45 | RSUFusion.Track | DEBUG    | sort_tracker.py:100 | Updated track 4 with car at (269.9, 102.6)
2025-08-25 09:44:45 | RSUFusion.Track | DEBUG    | sort_tracker.py:100 | Updated track 3 with car at (535.8, 100.5)
2025-08-25 09:44:45 | RSUFusion.Track | DEBUG    | sort_tracker.py:100 | Updated track 4 with car at (270.0, 102.7)
2025-08-25 09:44:45 | RSUFusion.Track | DEBUG    | sort_tracker.py:100 | Updated track 3 with car at (535.8, 100.7)
2025-08-25 09:44:45 | RSUFusion.Track | DEBUG    | sort_tracker.py:100 | Updated track 4 with car at (270.1, 102.7)
2025-08-25 09:44:45 | RSUFusion.Track | DEBUG    | sort_tracker.py:100 | Updated track 3 with car at (535.8, 100.6)
2025-08-25 09:44:45 | RSUFusion.Track | DEBUG    | sort_tracker.py:100 | Updated track 4 with car at (269.9, 102.6)
2025-08-25 09:44:45 | RSUFusion.Track | DEBUG    | sort_tracker.py:100 | Updated track 3 with car at (535.8, 100.7)
2025-08-25 09:44:45 | RSUFusion.Track | DEBUG    | sort_tracker.py:100 | Updated track 4 with car at (270.1, 102.4)
2025-08-25 09:44:45 | RSUFusion.VisualizationProcess | DEBUG    | run_phase1.py:346 | Visualization: 49.8 FPS
2025-08-25 09:44:46 | RSUFusion.Track | DEBUG    | sort_tracker.py:100 | Updated track 3 with car at (535.8, 100.8)
2025-08-25 09:44:46 | RSUFusion.Track | DEBUG    | sort_tracker.py:100 | Updated track 4 with car at (270.1, 102.4)
2025-08-25 09:44:46 | RSUFusion.Track | DEBUG    | sort_tracker.py:100 | Updated track 3 with car at (535.8, 100.8)
2025-08-25 09:44:46 | RSUFusion.Track | DEBUG    | sort_tracker.py:100 | Updated track 4 with car at (270.0, 102.5)
2025-08-25 09:44:46 | RSUFusion.Track | DEBUG    | sort_tracker.py:100 | Updated track 3 with car at (535.8, 100.6)
2025-08-25 09:44:46 | RSUFusion.Track | DEBUG    | sort_tracker.py:100 | Updated track 4 with car at (270.1, 102.6)
2025-08-25 09:44:46 | RSUFusion.Track | DEBUG    | sort_tracker.py:100 | Updated track 3 with car at (535.8, 100.6)
2025-08-25 09:44:46 | RSUFusion.Track | DEBUG    | sort_tracker.py:100 | Updated track 4 with car at (270.2, 102.6)
2025-08-25 09:44:46 | RSUFusion.Track | DEBUG    | sort_tracker.py:100 | Updated track 3 with car at (535.7, 100.6)
2025-08-25 09:44:46 | RSUFusion.Track | DEBUG    | sort_tracker.py:100 | Updated track 4 with car at (270.2, 102.5)
2025-08-25 09:44:46 | RSUFusion.VisualizationProcess | DEBUG    | run_phase1.py:346 | Visualization: 51.4 FPS
2025-08-25 09:44:46 | RSUFusion.Track | DEBUG    | sort_tracker.py:100 | Updated track 3 with car at (535.7, 100.6)
2025-08-25 09:44:46 | RSUFusion.Track | DEBUG    | sort_tracker.py:100 | Updated track 4 with car at (270.2, 102.6)
2025-08-25 09:44:46 | RSUFusion.Track | DEBUG    | sort_tracker.py:100 | Updated track 3 with car at (535.7, 100.6)
2025-08-25 09:44:46 | RSUFusion.Track | DEBUG    | sort_tracker.py:100 | Updated track 4 with car at (270.1, 102.6)
2025-08-25 09:44:46 | RSUFusion.Track | DEBUG    | sort_tracker.py:100 | Updated track 3 with car at (535.7, 100.8)
2025-08-25 09:44:46 | RSUFusion.Track | DEBUG    | sort_tracker.py:100 | Updated track 4 with car at (270.2, 102.4)
2025-08-25 09:44:46 | RSUFusion.YOLODetector | DEBUG    | yolo_detector.py:155 | Detection performance: 56.1 FPS, 2 objects detected
2025-08-25 09:44:46 | RSUFusion.DetectionProcess | DEBUG    | run_phase1.py:198 | Detection: 54.0 FPS, 280 detections processed
2025-08-25 09:44:46 | RSUFusion.Track | DEBUG    | sort_tracker.py:100 | Updated track 3 with car at (535.8, 100.8)
2025-08-25 09:44:46 | RSUFusion.Track | DEBUG    | sort_tracker.py:100 | Updated track 4 with car at (270.2, 102.6)
2025-08-25 09:44:46 | RSUFusion.SORTTracker | DEBUG    | sort_tracker.py:208 | SORT performance: 0.7ms/frame, 2 confirmed tracks
2025-08-25 09:44:46 | RSUFusion.TrackingProcess | DEBUG    | run_phase1.py:268 | Tracking: 2 confirmed tracks
2025-08-25 09:44:46 | RSUFusion.Track | DEBUG    | sort_tracker.py:100 | Updated track 3 with car at (535.7, 100.7)
2025-08-25 09:44:46 | RSUFusion.Track | DEBUG    | sort_tracker.py:100 | Updated track 4 with car at (270.1, 102.7)
2025-08-25 09:44:47 | RSUFusion.Track | DEBUG    | sort_tracker.py:100 | Updated track 3 with car at (535.7, 100.7)
2025-08-25 09:44:47 | RSUFusion.Track | DEBUG    | sort_tracker.py:100 | Updated track 4 with car at (270.1, 102.8)
2025-08-25 09:44:47 | RSUFusion.VisualizationProcess | DEBUG    | run_phase1.py:346 | Visualization: 53.2 FPS
2025-08-25 09:44:47 | RSUFusion.Track | DEBUG    | sort_tracker.py:100 | Updated track 3 with car at (535.7, 100.8)
2025-08-25 09:44:47 | RSUFusion.Track | DEBUG    | sort_tracker.py:100 | Updated track 4 with car at (270.2, 102.8)
2025-08-25 09:44:47 | RSUFusion.Track | DEBUG    | sort_tracker.py:100 | Updated track 3 with car at (535.7, 100.7)
2025-08-25 09:44:47 | RSUFusion.Track | DEBUG    | sort_tracker.py:100 | Updated track 4 with car at (270.2, 102.6)
2025-08-25 09:44:47 | RSUFusion.Track | DEBUG    | sort_tracker.py:100 | Updated track 3 with car at (535.7, 100.8)
2025-08-25 09:44:47 | RSUFusion.Track | DEBUG    | sort_tracker.py:100 | Updated track 4 with car at (270.2, 102.7)
2025-08-25 09:44:47 | RSUFusion.Track | DEBUG    | sort_tracker.py:100 | Updated track 3 with car at (535.7, 100.8)
2025-08-25 09:44:47 | RSUFusion.Track | DEBUG    | sort_tracker.py:100 | Updated track 4 with car at (270.2, 102.7)
2025-08-25 09:44:47 | RSUFusion.Track | DEBUG    | sort_tracker.py:100 | Updated track 4 with car at (270.3, 102.6)
2025-08-25 09:44:47 | RSUFusion.Track | DEBUG    | sort_tracker.py:100 | Updated track 3 with car at (535.7, 100.8)
2025-08-25 09:44:47 | RSUFusion.VisualizationProcess | DEBUG    | run_phase1.py:346 | Visualization: 52.0 FPS
2025-08-25 09:44:47 | RSUFusion.Track | DEBUG    | sort_tracker.py:100 | Updated track 4 with car at (270.3, 102.6)
2025-08-25 09:44:47 | RSUFusion.Track | DEBUG    | sort_tracker.py:100 | Updated track 3 with car at (535.7, 100.9)
2025-08-25 09:44:47 | RSUFusion.Track | DEBUG    | sort_tracker.py:100 | Updated track 4 with car at (270.3, 102.8)
2025-08-25 09:44:47 | RSUFusion.Track | DEBUG    | sort_tracker.py:100 | Updated track 3 with car at (535.7, 100.9)
2025-08-25 09:44:47 | RSUFusion.Track | DEBUG    | sort_tracker.py:100 | Updated track 3 with car at (535.7, 100.9)
2025-08-25 09:44:47 | RSUFusion.Track | DEBUG    | sort_tracker.py:100 | Updated track 4 with car at (270.2, 102.8)
2025-08-25 09:44:48 | RSUFusion.Track | DEBUG    | sort_tracker.py:100 | Updated track 3 with car at (535.7, 100.8)
2025-08-25 09:44:48 | RSUFusion.Track | DEBUG    | sort_tracker.py:100 | Updated track 4 with car at (270.4, 102.7)
2025-08-25 09:44:48 | RSUFusion.Track | DEBUG    | sort_tracker.py:100 | Updated track 4 with car at (270.3, 102.6)
2025-08-25 09:44:48 | RSUFusion.Track | DEBUG    | sort_tracker.py:100 | Updated track 3 with car at (535.6, 100.8)
2025-08-25 09:44:48 | RSUFusion.VisualizationProcess | DEBUG    | run_phase1.py:323 | Updated image (consumed 1 frames)
2025-08-25 09:44:48 | RSUFusion.Track | DEBUG    | sort_tracker.py:100 | Updated track 3 with car at (535.6, 100.9)
2025-08-25 09:44:48 | RSUFusion.Track | DEBUG    | sort_tracker.py:100 | Updated track 4 with car at (270.3, 102.7)
2025-08-25 09:44:48 | RSUFusion.VisualizationProcess | DEBUG    | run_phase1.py:346 | Visualization: 46.0 FPS
2025-08-25 09:44:48 | RSUFusion.Track | DEBUG    | sort_tracker.py:100 | Updated track 3 with car at (535.6, 100.8)
2025-08-25 09:44:48 | RSUFusion.Track | DEBUG    | sort_tracker.py:100 | Updated track 4 with car at (270.2, 102.9)
2025-08-25 09:44:48 | RSUFusion.CameraProcess | DEBUG    | run_phase1.py:146 | Ambulance speed: 0.0 km/h
2025-08-25 09:44:48 | RSUFusion.Track | DEBUG    | sort_tracker.py:100 | Updated track 4 with car at (270.2, 102.6)
2025-08-25 09:44:48 | RSUFusion.Track | DEBUG    | sort_tracker.py:100 | Updated track 3 with car at (535.6, 100.9)
2025-08-25 09:44:48 | RSUFusion.Track | DEBUG    | sort_tracker.py:100 | Updated track 4 with car at (270.3, 102.8)
2025-08-25 09:44:48 | RSUFusion.Track | DEBUG    | sort_tracker.py:100 | Updated track 3 with car at (535.6, 100.9)
2025-08-25 09:44:48 | RSUFusion.Track | DEBUG    | sort_tracker.py:100 | Updated track 4 with car at (270.2, 102.8)
2025-08-25 09:44:48 | RSUFusion.Track | DEBUG    | sort_tracker.py:100 | Updated track 3 with car at (535.6, 100.8)
2025-08-25 09:44:48 | RSUFusion.Track | DEBUG    | sort_tracker.py:100 | Updated track 3 with car at (535.6, 100.8)
2025-08-25 09:44:48 | RSUFusion.Track | DEBUG    | sort_tracker.py:100 | Updated track 4 with car at (270.2, 102.8)
2025-08-25 09:44:48 | RSUFusion.Track | DEBUG    | sort_tracker.py:100 | Updated track 3 with car at (535.6, 100.8)
2025-08-25 09:44:48 | RSUFusion.Track | DEBUG    | sort_tracker.py:100 | Updated track 4 with car at (270.4, 102.8)
2025-08-25 09:44:48 | RSUFusion.VisualizationProcess | DEBUG    | run_phase1.py:346 | Visualization: 52.5 FPS
2025-08-25 09:44:49 | RSUFusion.Track | DEBUG    | sort_tracker.py:100 | Updated track 4 with car at (270.2, 102.6)
2025-08-25 09:44:49 | RSUFusion.Track | DEBUG    | sort_tracker.py:100 | Updated track 3 with car at (535.5, 100.8)
2025-08-25 09:44:49 | RSUFusion.Track | DEBUG    | sort_tracker.py:100 | Updated track 3 with car at (535.5, 100.8)
2025-08-25 09:44:49 | RSUFusion.Track | DEBUG    | sort_tracker.py:100 | Updated track 4 with car at (270.3, 102.7)
2025-08-25 09:44:49 | RSUFusion.Track | DEBUG    | sort_tracker.py:100 | Updated track 3 with car at (535.5, 100.7)
2025-08-25 09:44:49 | RSUFusion.Track | DEBUG    | sort_tracker.py:100 | Updated track 4 with car at (270.3, 102.4)
2025-08-25 09:44:49 | RSUFusion.Track | DEBUG    | sort_tracker.py:100 | Updated track 4 with car at (270.4, 102.6)
2025-08-25 09:44:49 | RSUFusion.Track | DEBUG    | sort_tracker.py:100 | Updated track 3 with car at (535.6, 100.8)
2025-08-25 09:44:49 | RSUFusion.Track | DEBUG    | sort_tracker.py:100 | Updated track 3 with car at (535.6, 100.9)
2025-08-25 09:44:49 | RSUFusion.Track | DEBUG    | sort_tracker.py:100 | Updated track 4 with car at (270.3, 102.5)
2025-08-25 09:44:49 | RSUFusion.VisualizationProcess | DEBUG    | run_phase1.py:346 | Visualization: 51.7 FPS
2025-08-25 09:44:49 | RSUFusion.Track | DEBUG    | sort_tracker.py:100 | Updated track 3 with car at (535.6, 100.8)
2025-08-25 09:44:49 | RSUFusion.Track | DEBUG    | sort_tracker.py:100 | Updated track 4 with car at (270.3, 102.6)
2025-08-25 09:44:49 | RSUFusion.Track | DEBUG    | sort_tracker.py:100 | Updated track 3 with car at (535.5, 100.8)
2025-08-25 09:44:49 | RSUFusion.Track | DEBUG    | sort_tracker.py:100 | Updated track 4 with car at (270.2, 102.6)
2025-08-25 09:44:49 | RSUFusion.Track | DEBUG    | sort_tracker.py:100 | Updated track 3 with car at (535.5, 100.8)
2025-08-25 09:44:49 | RSUFusion.Track | DEBUG    | sort_tracker.py:100 | Updated track 4 with car at (270.4, 102.8)
2025-08-25 09:44:49 | RSUFusion.Track | DEBUG    | sort_tracker.py:100 | Updated track 3 with car at (535.5, 100.8)
2025-08-25 09:44:49 | RSUFusion.Track | DEBUG    | sort_tracker.py:100 | Updated track 4 with car at (270.4, 102.6)
2025-08-25 09:44:49 | RSUFusion.Track | DEBUG    | sort_tracker.py:100 | Updated track 3 with car at (535.5, 100.8)
2025-08-25 09:44:49 | RSUFusion.Track | DEBUG    | sort_tracker.py:100 | Updated track 4 with car at (270.3, 102.6)
2025-08-25 09:44:50 | RSUFusion.YOLODetector | DEBUG    | yolo_detector.py:155 | Detection performance: 58.8 FPS, 2 objects detected
2025-08-25 09:44:50 | RSUFusion.DetectionProcess | DEBUG    | run_phase1.py:198 | Detection: 55.4 FPS, 340 detections processed
2025-08-25 09:44:50 | RSUFusion.Track | DEBUG    | sort_tracker.py:100 | Updated track 3 with car at (535.5, 100.8)
2025-08-25 09:44:50 | RSUFusion.Track | DEBUG    | sort_tracker.py:100 | Updated track 4 with car at (270.3, 102.8)
2025-08-25 09:44:50 | RSUFusion.SORTTracker | DEBUG    | sort_tracker.py:208 | SORT performance: 0.6ms/frame, 2 confirmed tracks
2025-08-25 09:44:50 | RSUFusion.TrackingProcess | DEBUG    | run_phase1.py:268 | Tracking: 2 confirmed tracks
2025-08-25 09:44:50 | RSUFusion.VisualizationProcess | DEBUG    | run_phase1.py:346 | Visualization: 47.4 FPS
2025-08-25 09:44:50 | RSUFusion.Track | DEBUG    | sort_tracker.py:100 | Updated track 3 with car at (535.5, 100.9)
2025-08-25 09:44:50 | RSUFusion.Track | DEBUG    | sort_tracker.py:100 | Updated track 4 with car at (270.4, 102.7)
2025-08-25 09:44:50 | RSUFusion.Track | DEBUG    | sort_tracker.py:100 | Updated track 3 with car at (535.5, 100.9)
2025-08-25 09:44:50 | RSUFusion.Track | DEBUG    | sort_tracker.py:100 | Updated track 4 with car at (270.4, 102.6)
2025-08-25 09:44:50 | RSUFusion.Track | DEBUG    | sort_tracker.py:100 | Updated track 3 with car at (535.5, 100.9)
2025-08-25 09:44:50 | RSUFusion.Track | DEBUG    | sort_tracker.py:100 | Updated track 4 with car at (270.3, 102.5)
2025-08-25 09:44:50 | RSUFusion.Track | DEBUG    | sort_tracker.py:100 | Updated track 3 with car at (535.5, 100.7)
2025-08-25 09:44:50 | RSUFusion.Track | DEBUG    | sort_tracker.py:100 | Updated track 4 with car at (270.3, 102.8)
2025-08-25 09:44:50 | RSUFusion.Track | DEBUG    | sort_tracker.py:100 | Updated track 3 with car at (535.4, 100.7)
2025-08-25 09:44:50 | RSUFusion.Track | DEBUG    | sort_tracker.py:100 | Updated track 4 with car at (270.4, 102.7)
2025-08-25 09:44:50 | RSUFusion.KalmanFilter4D | DEBUG    | kalman_filter.py:88 | Kalman filter initialized at (78.1, 481.3)
2025-08-25 09:44:50 | RSUFusion.Track | DEBUG    | sort_tracker.py:51 | Created track 5 for car at (78.1, 481.3)
2025-08-25 09:44:50 | RSUFusion.SORTTracker | DEBUG    | sort_tracker.py:297 | Created new track 5 for car
2025-08-25 09:44:50 | RSUFusion.Track | DEBUG    | sort_tracker.py:100 | Updated track 3 with car at (535.4, 100.6)
2025-08-25 09:44:50 | RSUFusion.Track | DEBUG    | sort_tracker.py:100 | Updated track 5 with car at (57.4, 478.7)
2025-08-25 09:44:50 | RSUFusion.Track | DEBUG    | sort_tracker.py:100 | Updated track 4 with car at (270.3, 102.2)
2025-08-25 09:44:50 | RSUFusion.Track | DEBUG    | sort_tracker.py:100 | Updated track 5 with car at (38.2, 478.7)
2025-08-25 09:44:50 | RSUFusion.Track | DEBUG    | sort_tracker.py:100 | Updated track 3 with car at (535.4, 100.8)
2025-08-25 09:44:50 | RSUFusion.Track | DEBUG    | sort_tracker.py:100 | Updated track 4 with car at (270.3, 102.6)
2025-08-25 09:44:50 | RSUFusion.VisualizationProcess | DEBUG    | run_phase1.py:346 | Visualization: 39.3 FPS
2025-08-25 09:44:50 | RSUFusion.Track | DEBUG    | sort_tracker.py:100 | Updated track 3 with car at (535.4, 100.7)
2025-08-25 09:44:50 | RSUFusion.Track | DEBUG    | sort_tracker.py:100 | Updated track 4 with car at (270.2, 102.5)
2025-08-25 09:44:50 | RSUFusion.Track | DEBUG    | sort_tracker.py:100 | Updated track 5 with car at (18.1, 489.4)
2025-08-25 09:44:51 | RSUFusion.Track | DEBUG    | sort_tracker.py:100 | Updated track 3 with car at (535.4, 100.8)
2025-08-25 09:44:51 | RSUFusion.Track | DEBUG    | sort_tracker.py:100 | Updated track 4 with car at (270.4, 102.5)
2025-08-25 09:44:51 | RSUFusion.Track | DEBUG    | sort_tracker.py:100 | Updated track 3 with car at (535.4, 100.9)
2025-08-25 09:44:51 | RSUFusion.Track | DEBUG    | sort_tracker.py:100 | Updated track 4 with car at (270.4, 102.7)
2025-08-25 09:44:51 | RSUFusion.KalmanFilter4D | DEBUG    | kalman_filter.py:88 | Kalman filter initialized at (901.6, 493.9)
2025-08-25 09:44:51 | RSUFusion.Track | DEBUG    | sort_tracker.py:51 | Created track 6 for car at (901.6, 493.9)
2025-08-25 09:44:51 | RSUFusion.SORTTracker | DEBUG    | sort_tracker.py:297 | Created new track 6 for car
2025-08-25 09:44:51 | RSUFusion.Track | DEBUG    | sort_tracker.py:100 | Updated track 6 with car at (890.5, 484.4)
2025-08-25 09:44:51 | RSUFusion.Track | DEBUG    | sort_tracker.py:100 | Updated track 3 with car at (535.5, 100.8)
2025-08-25 09:44:51 | RSUFusion.Track | DEBUG    | sort_tracker.py:100 | Updated track 4 with car at (270.4, 102.6)
2025-08-25 09:44:51 | RSUFusion.Track | DEBUG    | sort_tracker.py:100 | Updated track 6 with car at (883.0, 472.6)
2025-08-25 09:44:51 | RSUFusion.Track | DEBUG    | sort_tracker.py:100 | Updated track 3 with car at (535.4, 100.7)
2025-08-25 09:44:51 | RSUFusion.Track | DEBUG    | sort_tracker.py:100 | Updated track 4 with car at (270.3, 102.7)
2025-08-25 09:44:51 | RSUFusion.Track | DEBUG    | sort_tracker.py:100 | Updated track 6 with car at (874.4, 464.3)
2025-08-25 09:44:51 | RSUFusion.Track | DEBUG    | sort_tracker.py:100 | Updated track 3 with car at (535.4, 100.8)
2025-08-25 09:44:51 | RSUFusion.Track | DEBUG    | sort_tracker.py:100 | Updated track 4 with car at (270.4, 102.7)
2025-08-25 09:44:51 | RSUFusion.VisualizationProcess | DEBUG    | run_phase1.py:346 | Visualization: 46.7 FPS
2025-08-25 09:44:51 | RSUFusion.Track | DEBUG    | sort_tracker.py:100 | Updated track 6 with car at (866.7, 452.3)
2025-08-25 09:44:51 | RSUFusion.Track | DEBUG    | sort_tracker.py:100 | Updated track 3 with car at (535.4, 100.7)
2025-08-25 09:44:51 | RSUFusion.Track | DEBUG    | sort_tracker.py:100 | Updated track 4 with car at (270.3, 102.7)
2025-08-25 09:44:51 | RSUFusion.CameraProcess | DEBUG    | run_phase1.py:146 | Ambulance speed: 0.0 km/h
2025-08-25 09:44:51 | RSUFusion.Track | DEBUG    | sort_tracker.py:100 | Updated track 6 with car at (861.1, 429.9)
2025-08-25 09:44:51 | RSUFusion.Track | DEBUG    | sort_tracker.py:100 | Updated track 3 with car at (535.3, 100.8)
2025-08-25 09:44:51 | RSUFusion.Track | DEBUG    | sort_tracker.py:100 | Updated track 4 with car at (270.3, 102.5)
2025-08-25 09:44:51 | RSUFusion.Track | DEBUG    | sort_tracker.py:100 | Updated track 6 with car at (854.1, 411.6)
2025-08-25 09:44:51 | RSUFusion.Track | DEBUG    | sort_tracker.py:100 | Updated track 3 with car at (535.3, 100.7)
2025-08-25 09:44:51 | RSUFusion.Track | DEBUG    | sort_tracker.py:100 | Updated track 4 with car at (270.4, 102.6)
2025-08-25 09:44:51 | RSUFusion.Track | DEBUG    | sort_tracker.py:100 | Updated track 6 with car at (846.3, 394.8)
2025-08-25 09:44:51 | RSUFusion.Track | DEBUG    | sort_tracker.py:100 | Updated track 3 with car at (535.3, 100.7)
2025-08-25 09:44:51 | RSUFusion.Track | DEBUG    | sort_tracker.py:100 | Updated track 4 with car at (270.5, 102.5)
2025-08-25 09:44:51 | RSUFusion.Track | DEBUG    | sort_tracker.py:100 | Updated track 6 with car at (829.2, 379.1)
2025-08-25 09:44:51 | RSUFusion.Track | DEBUG    | sort_tracker.py:100 | Updated track 3 with car at (535.4, 100.8)
2025-08-25 09:44:51 | RSUFusion.Track | DEBUG    | sort_tracker.py:100 | Updated track 4 with car at (270.5, 102.6)
2025-08-25 09:44:52 | RSUFusion.Track | DEBUG    | sort_tracker.py:100 | Updated track 6 with car at (814.6, 364.5)
2025-08-25 09:44:52 | RSUFusion.Track | DEBUG    | sort_tracker.py:100 | Updated track 3 with car at (535.3, 100.7)
2025-08-25 09:44:52 | RSUFusion.Track | DEBUG    | sort_tracker.py:100 | Updated track 4 with car at (270.5, 102.6)
2025-08-25 09:44:52 | RSUFusion.VisualizationProcess | DEBUG    | run_phase1.py:346 | Visualization: 47.9 FPS
2025-08-25 09:44:52 | RSUFusion.Track | DEBUG    | sort_tracker.py:100 | Updated track 6 with car at (801.6, 350.4)
2025-08-25 09:44:52 | RSUFusion.Track | DEBUG    | sort_tracker.py:100 | Updated track 3 with car at (535.3, 100.6)
2025-08-25 09:44:52 | RSUFusion.Track | DEBUG    | sort_tracker.py:100 | Updated track 4 with car at (270.5, 102.5)
2025-08-25 09:44:52 | RSUFusion.Track | DEBUG    | sort_tracker.py:100 | Updated track 6 with car at (789.3, 339.8)
2025-08-25 09:44:52 | RSUFusion.Track | DEBUG    | sort_tracker.py:100 | Updated track 3 with car at (535.3, 100.6)
2025-08-25 09:44:52 | RSUFusion.Track | DEBUG    | sort_tracker.py:100 | Updated track 4 with car at (270.5, 102.6)
2025-08-25 09:44:52 | RSUFusion.Track | DEBUG    | sort_tracker.py:100 | Updated track 6 with car at (777.8, 327.5)
2025-08-25 09:44:52 | RSUFusion.Track | DEBUG    | sort_tracker.py:100 | Updated track 3 with car at (535.3, 100.7)
2025-08-25 09:44:52 | RSUFusion.Track | DEBUG    | sort_tracker.py:100 | Updated track 4 with car at (270.5, 102.4)
2025-08-25 09:44:52 | RSUFusion.Track | DEBUG    | sort_tracker.py:100 | Updated track 6 with car at (767.5, 317.2)
2025-08-25 09:44:52 | RSUFusion.Track | DEBUG    | sort_tracker.py:100 | Updated track 3 with car at (535.3, 100.7)
2025-08-25 09:44:52 | RSUFusion.Track | DEBUG    | sort_tracker.py:100 | Updated track 4 with car at (270.5, 102.5)
2025-08-25 09:44:52 | RSUFusion.Track | DEBUG    | sort_tracker.py:100 | Updated track 6 with car at (757.1, 305.3)
2025-08-25 09:44:52 | RSUFusion.Track | DEBUG    | sort_tracker.py:100 | Updated track 3 with car at (535.2, 100.6)
2025-08-25 09:44:52 | RSUFusion.Track | DEBUG    | sort_tracker.py:100 | Updated track 4 with car at (270.5, 102.4)
2025-08-25 09:44:52 | RSUFusion.VisualizationProcess | DEBUG    | run_phase1.py:346 | Visualization: 51.5 FPS
2025-08-25 09:44:52 | RSUFusion.Track | DEBUG    | sort_tracker.py:100 | Updated track 6 with car at (749.7, 298.2)
2025-08-25 09:44:52 | RSUFusion.Track | DEBUG    | sort_tracker.py:100 | Updated track 3 with car at (535.2, 100.6)
2025-08-25 09:44:52 | RSUFusion.Track | DEBUG    | sort_tracker.py:100 | Updated track 4 with car at (270.7, 102.3)
2025-08-25 09:44:52 | RSUFusion.Track | DEBUG    | sort_tracker.py:100 | Updated track 6 with car at (739.5, 291.0)
2025-08-25 09:44:52 | RSUFusion.Track | DEBUG    | sort_tracker.py:100 | Updated track 3 with car at (535.2, 100.7)
2025-08-25 09:44:52 | RSUFusion.Track | DEBUG    | sort_tracker.py:100 | Updated track 4 with car at (270.6, 102.4)
2025-08-25 09:44:52 | RSUFusion.Track | DEBUG    | sort_tracker.py:100 | Updated track 6 with car at (732.1, 283.0)
2025-08-25 09:44:52 | RSUFusion.Track | DEBUG    | sort_tracker.py:100 | Updated track 3 with car at (535.3, 100.6)
2025-08-25 09:44:52 | RSUFusion.Track | DEBUG    | sort_tracker.py:100 | Updated track 4 with car at (270.6, 102.3)
2025-08-25 09:44:53 | RSUFusion.Track | DEBUG    | sort_tracker.py:100 | Updated track 6 with car at (723.2, 274.9)
2025-08-25 09:44:53 | RSUFusion.Track | DEBUG    | sort_tracker.py:100 | Updated track 3 with car at (535.3, 100.6)
2025-08-25 09:44:53 | RSUFusion.Track | DEBUG    | sort_tracker.py:100 | Updated track 4 with car at (270.5, 102.6)
2025-08-25 09:44:53 | RSUFusion.Track | DEBUG    | sort_tracker.py:100 | Updated track 6 with car at (715.7, 268.1)
2025-08-25 09:44:53 | RSUFusion.Track | DEBUG    | sort_tracker.py:100 | Updated track 3 with car at (535.3, 100.5)
2025-08-25 09:44:53 | RSUFusion.Track | DEBUG    | sort_tracker.py:100 | Updated track 4 with car at (270.6, 102.5)
2025-08-25 09:44:53 | RSUFusion.YOLODetector | DEBUG    | yolo_detector.py:155 | Detection performance: 54.8 FPS, 3 objects detected
2025-08-25 09:44:53 | RSUFusion.DetectionProcess | DEBUG    | run_phase1.py:198 | Detection: 56.2 FPS, 425 detections processed
2025-08-25 09:44:53 | RSUFusion.Track | DEBUG    | sort_tracker.py:100 | Updated track 6 with car at (710.2, 262.0)
2025-08-25 09:44:53 | RSUFusion.Track | DEBUG    | sort_tracker.py:100 | Updated track 3 with car at (535.1, 100.5)
2025-08-25 09:44:53 | RSUFusion.Track | DEBUG    | sort_tracker.py:100 | Updated track 4 with car at (270.6, 102.3)
2025-08-25 09:44:53 | RSUFusion.SORTTracker | DEBUG    | sort_tracker.py:208 | SORT performance: 1.1ms/frame, 4 confirmed tracks
2025-08-25 09:44:53 | RSUFusion.TrackingProcess | DEBUG    | run_phase1.py:268 | Tracking: 4 confirmed tracks
2025-08-25 09:44:53 | RSUFusion.VisualizationProcess | DEBUG    | run_phase1.py:346 | Visualization: 51.1 FPS
2025-08-25 09:44:53 | RSUFusion.Track | DEBUG    | sort_tracker.py:100 | Updated track 6 with car at (706.0, 256.6)
2025-08-25 09:44:53 | RSUFusion.Track | DEBUG    | sort_tracker.py:100 | Updated track 3 with car at (535.1, 100.6)
2025-08-25 09:44:53 | RSUFusion.Track | DEBUG    | sort_tracker.py:100 | Updated track 4 with car at (270.6, 102.3)
2025-08-25 09:44:53 | RSUFusion.Track | DEBUG    | sort_tracker.py:100 | Updated track 6 with car at (700.4, 251.2)
2025-08-25 09:44:53 | RSUFusion.Track | DEBUG    | sort_tracker.py:100 | Updated track 3 with car at (535.1, 100.6)
2025-08-25 09:44:53 | RSUFusion.Track | DEBUG    | sort_tracker.py:100 | Updated track 4 with car at (270.5, 102.2)
2025-08-25 09:44:53 | RSUFusion.Track | DEBUG    | sort_tracker.py:100 | Updated track 6 with car at (694.9, 244.7)
2025-08-25 09:44:53 | RSUFusion.Track | DEBUG    | sort_tracker.py:100 | Updated track 4 with car at (270.7, 102.2)
2025-08-25 09:44:53 | RSUFusion.Track | DEBUG    | sort_tracker.py:100 | Updated track 3 with car at (535.1, 100.6)
2025-08-25 09:44:53 | RSUFusion.Track | DEBUG    | sort_tracker.py:100 | Updated track 6 with car at (686.8, 239.3)
2025-08-25 09:44:53 | RSUFusion.Track | DEBUG    | sort_tracker.py:100 | Updated track 4 with car at (270.6, 102.1)
2025-08-25 09:44:53 | RSUFusion.Track | DEBUG    | sort_tracker.py:100 | Updated track 3 with car at (535.1, 100.6)
2025-08-25 09:44:53 | RSUFusion.Track | DEBUG    | sort_tracker.py:100 | Updated track 6 with car at (680.6, 233.3)
2025-08-25 09:44:53 | RSUFusion.Track | DEBUG    | sort_tracker.py:100 | Updated track 3 with car at (535.2, 100.6)
2025-08-25 09:44:53 | RSUFusion.Track | DEBUG    | sort_tracker.py:100 | Updated track 4 with car at (270.6, 102.4)
2025-08-25 09:44:53 | RSUFusion.Track | DEBUG    | sort_tracker.py:100 | Updated track 6 with car at (675.2, 227.7)
2025-08-25 09:44:53 | RSUFusion.Track | DEBUG    | sort_tracker.py:100 | Updated track 3 with car at (535.2, 100.5)
2025-08-25 09:44:53 | RSUFusion.Track | DEBUG    | sort_tracker.py:100 | Updated track 4 with car at (270.6, 102.3)
2025-08-25 09:44:53 | RSUFusion.VisualizationProcess | DEBUG    | run_phase1.py:346 | Visualization: 49.4 FPS
2025-08-25 09:44:54 | RSUFusion.Track | DEBUG    | sort_tracker.py:100 | Updated track 6 with car at (671.3, 224.2)
2025-08-25 09:44:54 | RSUFusion.Track | DEBUG    | sort_tracker.py:100 | Updated track 3 with car at (535.1, 100.5)
2025-08-25 09:44:54 | RSUFusion.Track | DEBUG    | sort_tracker.py:100 | Updated track 4 with car at (270.7, 102.4)
2025-08-25 09:44:54 | RSUFusion.Track | DEBUG    | sort_tracker.py:100 | Updated track 6 with car at (666.2, 219.4)
2025-08-25 09:44:54 | RSUFusion.Track | DEBUG    | sort_tracker.py:100 | Updated track 3 with car at (535.0, 100.5)
2025-08-25 09:44:54 | RSUFusion.Track | DEBUG    | sort_tracker.py:100 | Updated track 4 with car at (270.7, 102.3)
2025-08-25 09:44:54 | RSUFusion.Track | DEBUG    | sort_tracker.py:100 | Updated track 6 with car at (663.0, 215.5)
2025-08-25 09:44:54 | RSUFusion.Track | DEBUG    | sort_tracker.py:100 | Updated track 3 with car at (535.0, 100.5)
2025-08-25 09:44:54 | RSUFusion.Track | DEBUG    | sort_tracker.py:100 | Updated track 4 with car at (270.7, 102.2)
2025-08-25 09:44:54 | RSUFusion.SORTTracker | DEBUG    | sort_tracker.py:303 | Deleting track 5 (too old: 31 frames)
2025-08-25 09:44:54 | RSUFusion.Track | DEBUG    | sort_tracker.py:100 | Updated track 6 with car at (658.3, 212.2)
2025-08-25 09:44:54 | RSUFusion.Track | DEBUG    | sort_tracker.py:100 | Updated track 3 with car at (534.9, 100.5)
2025-08-25 09:44:54 | RSUFusion.Track | DEBUG    | sort_tracker.py:100 | Updated track 4 with car at (270.6, 102.2)
2025-08-25 09:44:54 | RSUFusion.Track | DEBUG    | sort_tracker.py:100 | Updated track 6 with car at (653.9, 207.0)
2025-08-25 09:44:54 | RSUFusion.Track | DEBUG    | sort_tracker.py:100 | Updated track 3 with car at (535.0, 100.6)
2025-08-25 09:44:54 | RSUFusion.Track | DEBUG    | sort_tracker.py:100 | Updated track 4 with car at (270.7, 102.0)
2025-08-25 09:44:54 | RSUFusion.VisualizationProcess | DEBUG    | run_phase1.py:346 | Visualization: 50.5 FPS
2025-08-25 09:44:54 | RSUFusion.Track | DEBUG    | sort_tracker.py:100 | Updated track 6 with car at (650.8, 204.2)
2025-08-25 09:44:54 | RSUFusion.Track | DEBUG    | sort_tracker.py:100 | Updated track 4 with car at (270.8, 102.3)
2025-08-25 09:44:54 | RSUFusion.Track | DEBUG    | sort_tracker.py:100 | Updated track 3 with car at (535.0, 100.6)
2025-08-25 09:44:54 | RSUFusion.Track | DEBUG    | sort_tracker.py:100 | Updated track 3 with car at (535.1, 100.6)
2025-08-25 09:44:54 | RSUFusion.Track | DEBUG    | sort_tracker.py:100 | Updated track 4 with car at (270.8, 102.4)
2025-08-25 09:44:54 | RSUFusion.Track | DEBUG    | sort_tracker.py:100 | Updated track 6 with car at (646.7, 200.6)
2025-08-25 09:44:54 | RSUFusion.Track | DEBUG    | sort_tracker.py:100 | Updated track 6 with car at (642.9, 196.7)
2025-08-25 09:44:54 | RSUFusion.Track | DEBUG    | sort_tracker.py:100 | Updated track 3 with car at (535.0, 100.5)
2025-08-25 09:44:54 | RSUFusion.Track | DEBUG    | sort_tracker.py:100 | Updated track 4 with car at (270.7, 102.3)
2025-08-25 09:44:54 | RSUFusion.CameraProcess | DEBUG    | run_phase1.py:146 | Ambulance speed: 0.0 km/h
2025-08-25 09:44:54 | RSUFusion.Track | DEBUG    | sort_tracker.py:100 | Updated track 6 with car at (642.6, 195.4)
2025-08-25 09:44:54 | RSUFusion.Track | DEBUG    | sort_tracker.py:100 | Updated track 3 with car at (535.0, 100.5)
2025-08-25 09:44:54 | RSUFusion.Track | DEBUG    | sort_tracker.py:100 | Updated track 4 with car at (270.8, 102.4)
2025-08-25 09:44:54 | RSUFusion.Track | DEBUG    | sort_tracker.py:100 | Updated track 6 with car at (636.5, 191.1)
2025-08-25 09:44:54 | RSUFusion.Track | DEBUG    | sort_tracker.py:100 | Updated track 3 with car at (534.9, 100.4)
2025-08-25 09:44:54 | RSUFusion.Track | DEBUG    | sort_tracker.py:100 | Updated track 4 with car at (270.8, 102.3)
2025-08-25 09:44:55 | RSUFusion.Track | DEBUG    | sort_tracker.py:100 | Updated track 6 with car at (633.8, 186.7)
2025-08-25 09:44:55 | RSUFusion.Track | DEBUG    | sort_tracker.py:100 | Updated track 3 with car at (534.9, 100.5)
2025-08-25 09:44:55 | RSUFusion.Track | DEBUG    | sort_tracker.py:100 | Updated track 4 with car at (270.8, 102.5)
2025-08-25 09:44:55 | RSUFusion.VisualizationProcess | DEBUG    | run_phase1.py:346 | Visualization: 50.2 FPS
2025-08-25 09:44:55 | RSUFusion.Track | DEBUG    | sort_tracker.py:100 | Updated track 6 with car at (630.6, 185.3)
2025-08-25 09:44:55 | RSUFusion.Track | DEBUG    | sort_tracker.py:100 | Updated track 3 with car at (534.9, 100.4)
2025-08-25 09:44:55 | RSUFusion.Track | DEBUG    | sort_tracker.py:100 | Updated track 4 with car at (270.8, 102.4)
2025-08-25 09:44:55 | RSUFusion.Track | DEBUG    | sort_tracker.py:100 | Updated track 6 with car at (628.5, 182.3)
2025-08-25 09:44:55 | RSUFusion.Track | DEBUG    | sort_tracker.py:100 | Updated track 3 with car at (534.9, 100.5)
2025-08-25 09:44:55 | RSUFusion.Track | DEBUG    | sort_tracker.py:100 | Updated track 4 with car at (270.8, 102.4)
2025-08-25 09:44:55 | RSUFusion.Track | DEBUG    | sort_tracker.py:100 | Updated track 6 with car at (625.4, 179.5)
2025-08-25 09:44:55 | RSUFusion.Track | DEBUG    | sort_tracker.py:100 | Updated track 3 with car at (535.0, 100.6)
2025-08-25 09:44:55 | RSUFusion.Track | DEBUG    | sort_tracker.py:100 | Updated track 4 with car at (270.8, 102.5)
2025-08-25 09:44:55 | RSUFusion.Track | DEBUG    | sort_tracker.py:100 | Updated track 6 with car at (622.5, 177.5)
2025-08-25 09:44:55 | RSUFusion.Track | DEBUG    | sort_tracker.py:100 | Updated track 3 with car at (535.1, 100.6)
2025-08-25 09:44:55 | RSUFusion.Track | DEBUG    | sort_tracker.py:100 | Updated track 4 with car at (270.8, 102.4)
2025-08-25 09:44:55 | RSUFusion.Track | DEBUG    | sort_tracker.py:100 | Updated track 6 with car at (619.5, 174.9)
2025-08-25 09:44:55 | RSUFusion.Track | DEBUG    | sort_tracker.py:100 | Updated track 3 with car at (535.0, 100.5)
2025-08-25 09:44:55 | RSUFusion.Track | DEBUG    | sort_tracker.py:100 | Updated track 4 with car at (270.8, 102.4)
2025-08-25 09:44:55 | RSUFusion.VisualizationProcess | DEBUG    | run_phase1.py:346 | Visualization: 50.1 FPS
2025-08-25 09:44:55 | RSUFusion.Track | DEBUG    | sort_tracker.py:100 | Updated track 6 with car at (618.2, 173.1)
2025-08-25 09:44:55 | RSUFusion.Track | DEBUG    | sort_tracker.py:100 | Updated track 3 with car at (535.0, 100.4)
2025-08-25 09:44:55 | RSUFusion.Track | DEBUG    | sort_tracker.py:100 | Updated track 4 with car at (270.9, 102.4)
2025-08-25 09:44:55 | RSUFusion.Track | DEBUG    | sort_tracker.py:100 | Updated track 6 with car at (615.4, 169.7)
2025-08-25 09:44:55 | RSUFusion.Track | DEBUG    | sort_tracker.py:100 | Updated track 3 with car at (534.9, 100.4)
2025-08-25 09:44:55 | RSUFusion.Track | DEBUG    | sort_tracker.py:100 | Updated track 4 with car at (270.9, 102.3)
2025-08-25 09:44:55 | RSUFusion.Track | DEBUG    | sort_tracker.py:100 | Updated track 3 with car at (534.9, 100.4)
2025-08-25 09:44:55 | RSUFusion.Track | DEBUG    | sort_tracker.py:100 | Updated track 4 with car at (270.9, 102.4)
2025-08-25 09:44:55 | RSUFusion.Track | DEBUG    | sort_tracker.py:100 | Updated track 6 with car at (613.3, 167.3)
2025-08-25 09:44:56 | RSUFusion.Track | DEBUG    | sort_tracker.py:100 | Updated track 3 with car at (534.9, 100.5)
2025-08-25 09:44:56 | RSUFusion.Track | DEBUG    | sort_tracker.py:100 | Updated track 6 with car at (610.7, 165.3)
2025-08-25 09:44:56 | RSUFusion.Track | DEBUG    | sort_tracker.py:100 | Updated track 4 with car at (270.8, 102.5)
2025-08-25 09:44:56 | RSUFusion.KalmanFilter4D | DEBUG    | kalman_filter.py:88 | Kalman filter initialized at (409.1, 94.1)
2025-08-25 09:44:56 | RSUFusion.Track | DEBUG    | sort_tracker.py:51 | Created track 7 for truck at (409.1, 94.1)
2025-08-25 09:44:56 | RSUFusion.SORTTracker | DEBUG    | sort_tracker.py:297 | Created new track 7 for truck
2025-08-25 09:44:56 | RSUFusion.Track | DEBUG    | sort_tracker.py:100 | Updated track 6 with car at (609.4, 161.6)
2025-08-25 09:44:56 | RSUFusion.Track | DEBUG    | sort_tracker.py:100 | Updated track 3 with car at (534.9, 100.5)
2025-08-25 09:44:56 | RSUFusion.Track | DEBUG    | sort_tracker.py:100 | Updated track 4 with car at (270.9, 102.4)
2025-08-25 09:44:56 | RSUFusion.Track | DEBUG    | sort_tracker.py:100 | Updated track 6 with car at (608.3, 159.3)
2025-08-25 09:44:56 | RSUFusion.Track | DEBUG    | sort_tracker.py:100 | Updated track 3 with car at (534.9, 100.6)
2025-08-25 09:44:56 | RSUFusion.Track | DEBUG    | sort_tracker.py:100 | Updated track 4 with car at (270.9, 102.5)
2025-08-25 09:44:56 | RSUFusion.Track | DEBUG    | sort_tracker.py:100 | Updated track 7 with truck at (409.1, 94.0)
2025-08-25 09:44:56 | RSUFusion.VisualizationProcess | DEBUG    | run_phase1.py:346 | Visualization: 46.4 FPS
2025-08-25 09:44:56 | RSUFusion.Track | DEBUG    | sort_tracker.py:100 | Updated track 6 with car at (605.4, 158.7)
2025-08-25 09:44:56 | RSUFusion.Track | DEBUG    | sort_tracker.py:100 | Updated track 3 with car at (534.9, 100.6)
2025-08-25 09:44:56 | RSUFusion.Track | DEBUG    | sort_tracker.py:100 | Updated track 4 with car at (270.9, 102.5)
2025-08-25 09:44:56 | RSUFusion.Track | DEBUG    | sort_tracker.py:100 | Updated track 7 with truck at (409.1, 94.0)
2025-08-25 09:44:56 | RSUFusion.YOLODetector | DEBUG    | yolo_detector.py:155 | Detection performance: 57.9 FPS, 3 objects detected
2025-08-25 09:44:56 | RSUFusion.DetectionProcess | DEBUG    | run_phase1.py:198 | Detection: 58.1 FPS, 518 detections processed
2025-08-25 09:44:56 | RSUFusion.Track | DEBUG    | sort_tracker.py:100 | Updated track 6 with car at (603.2, 157.4)
2025-08-25 09:44:56 | RSUFusion.Track | DEBUG    | sort_tracker.py:100 | Updated track 3 with car at (534.9, 100.5)
2025-08-25 09:44:56 | RSUFusion.Track | DEBUG    | sort_tracker.py:100 | Updated track 4 with car at (270.9, 102.5)
2025-08-25 09:44:56 | RSUFusion.SORTTracker | DEBUG    | sort_tracker.py:208 | SORT performance: 0.9ms/frame, 4 confirmed tracks
2025-08-25 09:44:56 | RSUFusion.TrackingProcess | DEBUG    | run_phase1.py:268 | Tracking: 4 confirmed tracks
2025-08-25 09:44:56 | RSUFusion.Track | DEBUG    | sort_tracker.py:100 | Updated track 6 with car at (602.0, 155.6)
2025-08-25 09:44:56 | RSUFusion.Track | DEBUG    | sort_tracker.py:100 | Updated track 3 with car at (534.8, 100.4)
2025-08-25 09:44:56 | RSUFusion.Track | DEBUG    | sort_tracker.py:100 | Updated track 4 with car at (271.0, 102.6)
2025-08-25 09:44:56 | RSUFusion.Track | DEBUG    | sort_tracker.py:100 | Updated track 7 with truck at (409.1, 94.1)
2025-08-25 09:44:56 | RSUFusion.Track | DEBUG    | sort_tracker.py:100 | Updated track 6 with car at (600.2, 154.2)
2025-08-25 09:44:56 | RSUFusion.Track | DEBUG    | sort_tracker.py:100 | Updated track 3 with car at (534.8, 100.3)
2025-08-25 09:44:56 | RSUFusion.Track | DEBUG    | sort_tracker.py:100 | Updated track 4 with car at (270.9, 102.3)
2025-08-25 09:44:56 | RSUFusion.Track | DEBUG    | sort_tracker.py:100 | Updated track 6 with car at (599.0, 152.7)
2025-08-25 09:44:56 | RSUFusion.Track | DEBUG    | sort_tracker.py:100 | Updated track 3 with car at (534.9, 100.5)
2025-08-25 09:44:56 | RSUFusion.Track | DEBUG    | sort_tracker.py:100 | Updated track 4 with car at (270.9, 102.6)
2025-08-25 09:44:56 | RSUFusion.Track | DEBUG    | sort_tracker.py:100 | Updated track 6 with car at (598.5, 151.5)
2025-08-25 09:44:56 | RSUFusion.Track | DEBUG    | sort_tracker.py:100 | Updated track 3 with car at (534.8, 100.4)
2025-08-25 09:44:56 | RSUFusion.Track | DEBUG    | sort_tracker.py:100 | Updated track 4 with car at (271.0, 102.4)
2025-08-25 09:44:56 | RSUFusion.Track | DEBUG    | sort_tracker.py:100 | Updated track 7 with truck at (409.0, 94.1)
2025-08-25 09:44:56 | RSUFusion.VisualizationProcess | DEBUG    | run_phase1.py:346 | Visualization: 50.1 FPS
2025-08-25 09:44:57 | RSUFusion.Track | DEBUG    | sort_tracker.py:100 | Updated track 6 with car at (596.0, 150.3)
2025-08-25 09:44:57 | RSUFusion.Track | DEBUG    | sort_tracker.py:100 | Updated track 3 with car at (534.8, 100.4)
2025-08-25 09:44:57 | RSUFusion.Track | DEBUG    | sort_tracker.py:100 | Updated track 4 with car at (271.1, 102.4)
2025-08-25 09:44:57 | RSUFusion.Track | DEBUG    | sort_tracker.py:100 | Updated track 7 with truck at (409.1, 94.1)
2025-08-25 09:44:57 | RSUFusion.Track | DEBUG    | sort_tracker.py:100 | Updated track 6 with car at (594.7, 148.0)
2025-08-25 09:44:57 | RSUFusion.Track | DEBUG    | sort_tracker.py:100 | Updated track 3 with car at (534.9, 100.5)
2025-08-25 09:44:57 | RSUFusion.Track | DEBUG    | sort_tracker.py:100 | Updated track 4 with car at (271.2, 102.6)
2025-08-25 09:44:57 | RSUFusion.Track | DEBUG    | sort_tracker.py:100 | Updated track 7 with truck at (409.1, 94.0)
2025-08-25 09:44:57 | RSUFusion.Track | DEBUG    | sort_tracker.py:100 | Updated track 6 with car at (593.8, 147.8)
2025-08-25 09:44:57 | RSUFusion.Track | DEBUG    | sort_tracker.py:100 | Updated track 3 with car at (534.9, 100.4)
2025-08-25 09:44:57 | RSUFusion.Track | DEBUG    | sort_tracker.py:100 | Updated track 4 with car at (271.2, 102.4)
2025-08-25 09:44:57 | RSUFusion.Track | DEBUG    | sort_tracker.py:100 | Updated track 7 with truck at (409.1, 94.1)
2025-08-25 09:44:57 | RSUFusion.Track | DEBUG    | sort_tracker.py:100 | Updated track 6 with car at (592.4, 146.2)
2025-08-25 09:44:57 | RSUFusion.Track | DEBUG    | sort_tracker.py:100 | Updated track 3 with car at (534.8, 100.4)
2025-08-25 09:44:57 | RSUFusion.Track | DEBUG    | sort_tracker.py:100 | Updated track 4 with car at (271.1, 102.6)
2025-08-25 09:44:57 | RSUFusion.Track | DEBUG    | sort_tracker.py:100 | Updated track 7 with truck at (409.0, 94.1)
2025-08-25 09:44:57 | RSUFusion.Track | DEBUG    | sort_tracker.py:100 | Updated track 6 with car at (592.1, 145.2)
2025-08-25 09:44:57 | RSUFusion.Track | DEBUG    | sort_tracker.py:100 | Updated track 3 with car at (534.8, 100.3)
2025-08-25 09:44:57 | RSUFusion.Track | DEBUG    | sort_tracker.py:100 | Updated track 4 with car at (271.2, 102.5)
2025-08-25 09:44:57 | RSUFusion.Track | DEBUG    | sort_tracker.py:100 | Updated track 7 with truck at (409.0, 94.1)
2025-08-25 09:44:57 | RSUFusion.Track | DEBUG    | sort_tracker.py:100 | Updated track 6 with car at (590.3, 144.2)
2025-08-25 09:44:57 | RSUFusion.Track | DEBUG    | sort_tracker.py:100 | Updated track 3 with car at (534.8, 100.2)
2025-08-25 09:44:57 | RSUFusion.Track | DEBUG    | sort_tracker.py:100 | Updated track 4 with car at (271.2, 102.6)
2025-08-25 09:44:57 | RSUFusion.Track | DEBUG    | sort_tracker.py:100 | Updated track 7 with truck at (409.0, 94.2)
2025-08-25 09:44:57 | RSUFusion.VisualizationProcess | DEBUG    | run_phase1.py:346 | Visualization: 45.6 FPS
2025-08-25 09:44:57 | RSUFusion.Track | DEBUG    | sort_tracker.py:100 | Updated track 6 with car at (590.2, 142.7)
2025-08-25 09:44:57 | RSUFusion.Track | DEBUG    | sort_tracker.py:100 | Updated track 3 with car at (534.8, 100.3)
2025-08-25 09:44:57 | RSUFusion.Track | DEBUG    | sort_tracker.py:100 | Updated track 4 with car at (271.2, 102.5)
2025-08-25 09:44:57 | RSUFusion.Track | DEBUG    | sort_tracker.py:100 | Updated track 7 with truck at (409.0, 94.1)
2025-08-25 09:44:57 | RSUFusion.Track | DEBUG    | sort_tracker.py:100 | Updated track 3 with car at (534.8, 100.3)
2025-08-25 09:44:57 | RSUFusion.Track | DEBUG    | sort_tracker.py:100 | Updated track 6 with car at (589.3, 141.4)
2025-08-25 09:44:57 | RSUFusion.Track | DEBUG    | sort_tracker.py:100 | Updated track 4 with car at (271.2, 102.5)
2025-08-25 09:44:57 | RSUFusion.Track | DEBUG    | sort_tracker.py:100 | Updated track 7 with truck at (409.0, 94.1)
2025-08-25 09:44:57 | RSUFusion.Track | DEBUG    | sort_tracker.py:100 | Updated track 3 with car at (534.8, 100.4)
2025-08-25 09:44:57 | RSUFusion.Track | DEBUG    | sort_tracker.py:100 | Updated track 6 with car at (587.9, 139.6)
2025-08-25 09:44:57 | RSUFusion.Track | DEBUG    | sort_tracker.py:100 | Updated track 4 with car at (271.3, 102.4)
2025-08-25 09:44:57 | RSUFusion.Track | DEBUG    | sort_tracker.py:100 | Updated track 7 with truck at (409.1, 94.1)
2025-08-25 09:44:58 | RSUFusion.Track | DEBUG    | sort_tracker.py:100 | Updated track 3 with car at (534.8, 100.4)
2025-08-25 09:44:58 | RSUFusion.Track | DEBUG    | sort_tracker.py:100 | Updated track 6 with car at (587.0, 138.6)
2025-08-25 09:44:58 | RSUFusion.Track | DEBUG    | sort_tracker.py:100 | Updated track 4 with car at (271.3, 102.6)
2025-08-25 09:44:58 | RSUFusion.Track | DEBUG    | sort_tracker.py:100 | Updated track 7 with truck at (409.1, 94.1)
2025-08-25 09:44:58 | RSUFusion.CameraProcess | DEBUG    | run_phase1.py:146 | Ambulance speed: 0.0 km/h
2025-08-25 09:44:58 | RSUFusion.Track | DEBUG    | sort_tracker.py:100 | Updated track 6 with car at (585.5, 138.0)
2025-08-25 09:44:58 | RSUFusion.Track | DEBUG    | sort_tracker.py:100 | Updated track 3 with car at (534.8, 100.5)
2025-08-25 09:44:58 | RSUFusion.Track | DEBUG    | sort_tracker.py:100 | Updated track 4 with car at (271.3, 102.6)
2025-08-25 09:44:58 | RSUFusion.Track | DEBUG    | sort_tracker.py:100 | Updated track 7 with truck at (409.1, 94.0)
2025-08-25 09:44:58 | RSUFusion.VisualizationProcess | DEBUG    | run_phase1.py:346 | Visualization: 51.0 FPS
2025-08-25 09:44:58 | RSUFusion.Track | DEBUG    | sort_tracker.py:100 | Updated track 6 with car at (584.1, 137.1)
2025-08-25 09:44:58 | RSUFusion.Track | DEBUG    | sort_tracker.py:100 | Updated track 3 with car at (534.8, 100.4)
2025-08-25 09:44:58 | RSUFusion.Track | DEBUG    | sort_tracker.py:100 | Updated track 4 with car at (271.3, 102.6)
2025-08-25 09:44:58 | RSUFusion.Track | DEBUG    | sort_tracker.py:100 | Updated track 7 with truck at (409.1, 94.1)
2025-08-25 09:44:58 | RSUFusion.Track | DEBUG    | sort_tracker.py:100 | Updated track 6 with car at (584.0, 136.4)
2025-08-25 09:44:58 | RSUFusion.Track | DEBUG    | sort_tracker.py:100 | Updated track 3 with car at (534.8, 100.4)
2025-08-25 09:44:58 | RSUFusion.Track | DEBUG    | sort_tracker.py:100 | Updated track 4 with car at (271.4, 102.7)
2025-08-25 09:44:58 | RSUFusion.Track | DEBUG    | sort_tracker.py:100 | Updated track 7 with truck at (409.0, 94.1)
2025-08-25 09:44:58 | RSUFusion.Track | DEBUG    | sort_tracker.py:100 | Updated track 6 with car at (583.3, 135.6)
2025-08-25 09:44:58 | RSUFusion.Track | DEBUG    | sort_tracker.py:100 | Updated track 3 with car at (534.8, 100.4)
2025-08-25 09:44:58 | RSUFusion.Track | DEBUG    | sort_tracker.py:100 | Updated track 4 with car at (271.3, 102.5)
2025-08-25 09:44:58 | RSUFusion.Track | DEBUG    | sort_tracker.py:100 | Updated track 7 with truck at (409.1, 94.4)
2025-08-25 09:44:58 | RSUFusion.Track | DEBUG    | sort_tracker.py:100 | Updated track 6 with car at (582.8, 134.5)
2025-08-25 09:44:58 | RSUFusion.Track | DEBUG    | sort_tracker.py:100 | Updated track 3 with car at (534.8, 100.4)
2025-08-25 09:44:58 | RSUFusion.Track | DEBUG    | sort_tracker.py:100 | Updated track 4 with car at (271.4, 102.6)
2025-08-25 09:44:58 | RSUFusion.Track | DEBUG    | sort_tracker.py:100 | Updated track 7 with truck at (409.0, 94.1)
2025-08-25 09:44:58 | RSUFusion.Track | DEBUG    | sort_tracker.py:100 | Updated track 6 with car at (581.9, 134.0)
2025-08-25 09:44:58 | RSUFusion.Track | DEBUG    | sort_tracker.py:100 | Updated track 3 with car at (534.7, 100.4)
2025-08-25 09:44:58 | RSUFusion.Track | DEBUG    | sort_tracker.py:100 | Updated track 4 with car at (271.3, 102.4)
2025-08-25 09:44:58 | RSUFusion.Track | DEBUG    | sort_tracker.py:100 | Updated track 7 with truck at (409.1, 94.1)
2025-08-25 09:44:58 | RSUFusion.Track | DEBUG    | sort_tracker.py:100 | Updated track 6 with car at (581.7, 133.1)
2025-08-25 09:44:58 | RSUFusion.Track | DEBUG    | sort_tracker.py:100 | Updated track 3 with car at (534.8, 100.4)
2025-08-25 09:44:58 | RSUFusion.Track | DEBUG    | sort_tracker.py:100 | Updated track 4 with car at (271.4, 102.3)
2025-08-25 09:44:58 | RSUFusion.Track | DEBUG    | sort_tracker.py:100 | Updated track 7 with truck at (409.1, 94.1)
2025-08-25 09:44:58 | RSUFusion.VisualizationProcess | DEBUG    | run_phase1.py:346 | Visualization: 52.3 FPS
2025-08-25 09:44:58 | RSUFusion.Track | DEBUG    | sort_tracker.py:100 | Updated track 6 with car at (581.2, 132.1)
2025-08-25 09:44:58 | RSUFusion.Track | DEBUG    | sort_tracker.py:100 | Updated track 3 with car at (534.8, 100.5)
2025-08-25 09:44:58 | RSUFusion.Track | DEBUG    | sort_tracker.py:100 | Updated track 4 with car at (271.4, 102.6)
2025-08-25 09:44:58 | RSUFusion.Track | DEBUG    | sort_tracker.py:100 | Updated track 7 with truck at (409.1, 94.1)
2025-08-25 09:44:58 | RSUFusion.Track | DEBUG    | sort_tracker.py:100 | Updated track 6 with car at (580.4, 131.5)
2025-08-25 09:44:58 | RSUFusion.Track | DEBUG    | sort_tracker.py:100 | Updated track 3 with car at (534.9, 100.5)
2025-08-25 09:44:58 | RSUFusion.Track | DEBUG    | sort_tracker.py:100 | Updated track 4 with car at (271.4, 102.3)
2025-08-25 09:44:58 | RSUFusion.Track | DEBUG    | sort_tracker.py:100 | Updated track 7 with truck at (409.1, 94.0)
2025-08-25 09:44:59 | RSUFusion.Track | DEBUG    | sort_tracker.py:100 | Updated track 6 with car at (579.5, 130.4)
2025-08-25 09:44:59 | RSUFusion.Track | DEBUG    | sort_tracker.py:100 | Updated track 3 with car at (534.9, 100.4)
2025-08-25 09:44:59 | RSUFusion.Track | DEBUG    | sort_tracker.py:100 | Updated track 4 with car at (271.3, 102.5)
2025-08-25 09:44:59 | RSUFusion.Track | DEBUG    | sort_tracker.py:100 | Updated track 7 with truck at (409.1, 94.1)
2025-08-25 09:44:59 | RSUFusion.Track | DEBUG    | sort_tracker.py:100 | Updated track 6 with car at (579.2, 129.9)
2025-08-25 09:44:59 | RSUFusion.Track | DEBUG    | sort_tracker.py:100 | Updated track 3 with car at (534.9, 100.4)
2025-08-25 09:44:59 | RSUFusion.Track | DEBUG    | sort_tracker.py:100 | Updated track 4 with car at (271.4, 102.5)
2025-08-25 09:44:59 | RSUFusion.Track | DEBUG    | sort_tracker.py:100 | Updated track 7 with truck at (409.0, 94.1)
2025-08-25 09:44:59 | RSUFusion.Track | DEBUG    | sort_tracker.py:100 | Updated track 6 with car at (578.9, 128.8)
2025-08-25 09:44:59 | RSUFusion.Track | DEBUG    | sort_tracker.py:100 | Updated track 3 with car at (534.9, 100.4)
2025-08-25 09:44:59 | RSUFusion.Track | DEBUG    | sort_tracker.py:100 | Updated track 4 with car at (271.3, 102.4)
2025-08-25 09:44:59 | RSUFusion.Track | DEBUG    | sort_tracker.py:100 | Updated track 6 with car at (578.2, 128.0)
2025-08-25 09:44:59 | RSUFusion.Track | DEBUG    | sort_tracker.py:100 | Updated track 3 with car at (534.9, 100.5)
2025-08-25 09:44:59 | RSUFusion.Track | DEBUG    | sort_tracker.py:100 | Updated track 4 with car at (271.3, 102.5)
2025-08-25 09:44:59 | RSUFusion.Track | DEBUG    | sort_tracker.py:100 | Updated track 7 with truck at (409.0, 94.1)
2025-08-25 09:44:59 | RSUFusion.VisualizationProcess | DEBUG    | run_phase1.py:346 | Visualization: 48.1 FPS
2025-08-25 09:44:59 | RSUFusion.Track | DEBUG    | sort_tracker.py:100 | Updated track 6 with car at (578.0, 128.1)
2025-08-25 09:44:59 | RSUFusion.Track | DEBUG    | sort_tracker.py:100 | Updated track 3 with car at (534.9, 100.5)
2025-08-25 09:44:59 | RSUFusion.Track | DEBUG    | sort_tracker.py:100 | Updated track 4 with car at (271.4, 102.4)
2025-08-25 09:44:59 | RSUFusion.Track | DEBUG    | sort_tracker.py:100 | Updated track 7 with truck at (409.0, 94.1)
2025-08-25 09:44:59 | RSUFusion.Track | DEBUG    | sort_tracker.py:100 | Updated track 6 with car at (577.5, 127.7)
2025-08-25 09:44:59 | RSUFusion.Track | DEBUG    | sort_tracker.py:100 | Updated track 3 with car at (534.9, 100.6)
2025-08-25 09:44:59 | RSUFusion.Track | DEBUG    | sort_tracker.py:100 | Updated track 4 with car at (271.4, 102.2)
2025-08-25 09:44:59 | RSUFusion.Track | DEBUG    | sort_tracker.py:100 | Updated track 7 with truck at (409.1, 94.0)
2025-08-25 09:44:59 | RSUFusion.YOLODetector | DEBUG    | yolo_detector.py:155 | Detection performance: 55.1 FPS, 3 objects detected
2025-08-25 09:44:59 | RSUFusion.DetectionProcess | DEBUG    | run_phase1.py:198 | Detection: 56.2 FPS, 634 detections processed
2025-08-25 09:44:59 | RSUFusion.Track | DEBUG    | sort_tracker.py:100 | Updated track 3 with car at (534.8, 100.6)
2025-08-25 09:44:59 | RSUFusion.Track | DEBUG    | sort_tracker.py:100 | Updated track 6 with car at (576.5, 127.1)
2025-08-25 09:44:59 | RSUFusion.Track | DEBUG    | sort_tracker.py:100 | Updated track 4 with car at (271.5, 102.4)
2025-08-25 09:44:59 | RSUFusion.SORTTracker | DEBUG    | sort_tracker.py:208 | SORT performance: 1.1ms/frame, 4 confirmed tracks
2025-08-25 09:44:59 | RSUFusion.TrackingProcess | DEBUG    | run_phase1.py:268 | Tracking: 4 confirmed tracks
2025-08-25 09:44:59 | RSUFusion.Track | DEBUG    | sort_tracker.py:100 | Updated track 3 with car at (534.8, 100.6)
2025-08-25 09:44:59 | RSUFusion.Track | DEBUG    | sort_tracker.py:100 | Updated track 6 with car at (574.3, 126.4)
2025-08-25 09:44:59 | RSUFusion.Track | DEBUG    | sort_tracker.py:100 | Updated track 4 with car at (271.4, 102.4)
2025-08-25 09:44:59 | RSUFusion.Track | DEBUG    | sort_tracker.py:100 | Updated track 3 with car at (534.8, 100.7)
2025-08-25 09:44:59 | RSUFusion.Track | DEBUG    | sort_tracker.py:100 | Updated track 6 with car at (574.8, 125.9)
2025-08-25 09:44:59 | RSUFusion.Track | DEBUG    | sort_tracker.py:100 | Updated track 4 with car at (271.4, 102.5)
2025-08-25 09:45:00 | RSUFusion.VisualizationProcess | DEBUG    | run_phase1.py:346 | Visualization: 48.8 FPS
2025-08-25 09:45:00 | RSUFusion.Track | DEBUG    | sort_tracker.py:100 | Updated track 3 with car at (534.8, 100.5)
2025-08-25 09:45:00 | RSUFusion.Track | DEBUG    | sort_tracker.py:100 | Updated track 6 with car at (574.3, 125.2)
2025-08-25 09:45:00 | RSUFusion.Track | DEBUG    | sort_tracker.py:100 | Updated track 4 with car at (271.5, 102.4)
2025-08-25 09:45:00 | RSUFusion.Track | DEBUG    | sort_tracker.py:100 | Updated track 6 with car at (573.0, 124.9)
2025-08-25 09:45:00 | RSUFusion.Track | DEBUG    | sort_tracker.py:100 | Updated track 3 with car at (534.7, 100.4)
2025-08-25 09:45:00 | RSUFusion.Track | DEBUG    | sort_tracker.py:100 | Updated track 4 with car at (271.4, 102.4)
2025-08-25 09:45:00 | RSUFusion.Track | DEBUG    | sort_tracker.py:100 | Updated track 6 with car at (573.1, 123.9)
2025-08-25 09:45:00 | RSUFusion.Track | DEBUG    | sort_tracker.py:100 | Updated track 3 with car at (534.8, 100.9)
2025-08-25 09:45:00 | RSUFusion.Track | DEBUG    | sort_tracker.py:100 | Updated track 4 with car at (271.5, 102.5)
2025-08-25 09:45:00 | RSUFusion.Track | DEBUG    | sort_tracker.py:100 | Updated track 6 with car at (572.9, 123.8)
2025-08-25 09:45:00 | RSUFusion.Track | DEBUG    | sort_tracker.py:100 | Updated track 3 with car at (534.7, 100.9)
2025-08-25 09:45:00 | RSUFusion.Track | DEBUG    | sort_tracker.py:100 | Updated track 4 with car at (271.4, 102.4)
2025-08-25 09:45:00 | RSUFusion.Track | DEBUG    | sort_tracker.py:100 | Updated track 6 with car at (572.5, 123.7)
2025-08-25 09:45:00 | RSUFusion.Track | DEBUG    | sort_tracker.py:100 | Updated track 3 with car at (534.7, 101.0)
2025-08-25 09:45:00 | RSUFusion.Track | DEBUG    | sort_tracker.py:100 | Updated track 4 with car at (271.5, 102.3)
2025-08-25 09:45:00 | RSUFusion.Track | DEBUG    | sort_tracker.py:100 | Updated track 6 with car at (572.3, 123.5)
2025-08-25 09:45:00 | RSUFusion.Track | DEBUG    | sort_tracker.py:100 | Updated track 3 with car at (534.6, 101.3)
2025-08-25 09:45:00 | RSUFusion.Track | DEBUG    | sort_tracker.py:100 | Updated track 4 with car at (271.5, 102.5)
2025-08-25 09:45:00 | RSUFusion.VisualizationProcess | DEBUG    | run_phase1.py:346 | Visualization: 48.8 FPS
2025-08-25 09:45:00 | RSUFusion.Track | DEBUG    | sort_tracker.py:100 | Updated track 6 with car at (572.2, 123.5)
2025-08-25 09:45:00 | RSUFusion.Track | DEBUG    | sort_tracker.py:100 | Updated track 3 with car at (534.6, 101.5)
2025-08-25 09:45:00 | RSUFusion.Track | DEBUG    | sort_tracker.py:100 | Updated track 4 with car at (271.5, 102.5)
2025-08-25 09:45:00 | RSUFusion.Track | DEBUG    | sort_tracker.py:100 | Updated track 6 with car at (572.1, 123.4)
2025-08-25 09:45:00 | RSUFusion.Track | DEBUG    | sort_tracker.py:100 | Updated track 3 with car at (534.6, 101.4)
2025-08-25 09:45:00 | RSUFusion.Track | DEBUG    | sort_tracker.py:100 | Updated track 4 with car at (271.6, 102.5)
2025-08-25 09:45:00 | RSUFusion.Track | DEBUG    | sort_tracker.py:100 | Updated track 6 with car at (572.0, 123.3)
2025-08-25 09:45:00 | RSUFusion.Track | DEBUG    | sort_tracker.py:100 | Updated track 3 with car at (534.6, 101.3)
2025-08-25 09:45:00 | RSUFusion.Track | DEBUG    | sort_tracker.py:100 | Updated track 4 with car at (271.6, 102.5)
2025-08-25 09:45:00 | RSUFusion.Track | DEBUG    | sort_tracker.py:100 | Updated track 6 with car at (571.6, 123.2)
2025-08-25 09:45:00 | RSUFusion.Track | DEBUG    | sort_tracker.py:100 | Updated track 3 with car at (534.5, 101.3)
2025-08-25 09:45:00 | RSUFusion.Track | DEBUG    | sort_tracker.py:100 | Updated track 4 with car at (271.6, 102.3)
2025-08-25 09:45:01 | RSUFusion.Track | DEBUG    | sort_tracker.py:100 | Updated track 6 with car at (571.6, 123.3)
2025-08-25 09:45:01 | RSUFusion.Track | DEBUG    | sort_tracker.py:100 | Updated track 3 with car at (534.7, 101.4)
2025-08-25 09:45:01 | RSUFusion.Track | DEBUG    | sort_tracker.py:100 | Updated track 4 with car at (271.6, 102.5)
2025-08-25 09:45:01 | RSUFusion.Track | DEBUG    | sort_tracker.py:100 | Updated track 6 with car at (571.7, 123.3)
2025-08-25 09:45:01 | RSUFusion.Track | DEBUG    | sort_tracker.py:100 | Updated track 3 with car at (534.6, 101.4)
2025-08-25 09:45:01 | RSUFusion.Track | DEBUG    | sort_tracker.py:100 | Updated track 4 with car at (271.6, 102.4)
2025-08-25 09:45:01 | RSUFusion.CameraProcess | DEBUG    | run_phase1.py:146 | Ambulance speed: 0.0 km/h
2025-08-25 09:45:01 | RSUFusion.VisualizationProcess | DEBUG    | run_phase1.py:346 | Visualization: 48.9 FPS
2025-08-25 09:45:01 | RSUFusion.Track | DEBUG    | sort_tracker.py:100 | Updated track 6 with car at (571.6, 123.2)
2025-08-25 09:45:01 | RSUFusion.Track | DEBUG    | sort_tracker.py:100 | Updated track 3 with car at (534.7, 101.6)
2025-08-25 09:45:01 | RSUFusion.Track | DEBUG    | sort_tracker.py:100 | Updated track 4 with car at (271.6, 102.3)
2025-08-25 09:45:01 | RSUFusion.Track | DEBUG    | sort_tracker.py:100 | Updated track 6 with car at (571.6, 123.2)
2025-08-25 09:45:01 | RSUFusion.Track | DEBUG    | sort_tracker.py:100 | Updated track 3 with car at (534.5, 101.5)
2025-08-25 09:45:01 | RSUFusion.Track | DEBUG    | sort_tracker.py:100 | Updated track 4 with car at (271.7, 102.6)
2025-08-25 09:45:01 | RSUFusion.Track | DEBUG    | sort_tracker.py:100 | Updated track 6 with car at (571.6, 123.1)
2025-08-25 09:45:01 | RSUFusion.Track | DEBUG    | sort_tracker.py:100 | Updated track 3 with car at (534.7, 101.7)
2025-08-25 09:45:01 | RSUFusion.Track | DEBUG    | sort_tracker.py:100 | Updated track 4 with car at (271.7, 102.5)
2025-08-25 09:45:01 | RSUFusion.Track | DEBUG    | sort_tracker.py:100 | Updated track 6 with car at (571.5, 123.1)
2025-08-25 09:45:01 | RSUFusion.Track | DEBUG    | sort_tracker.py:100 | Updated track 3 with car at (534.6, 101.8)
2025-08-25 09:45:01 | RSUFusion.Track | DEBUG    | sort_tracker.py:100 | Updated track 4 with car at (271.7, 102.5)
2025-08-25 09:45:01 | RSUFusion.Track | DEBUG    | sort_tracker.py:100 | Updated track 6 with car at (571.5, 123.1)
2025-08-25 09:45:01 | RSUFusion.Track | DEBUG    | sort_tracker.py:100 | Updated track 3 with car at (534.4, 101.6)
2025-08-25 09:45:01 | RSUFusion.Track | DEBUG    | sort_tracker.py:100 | Updated track 4 with car at (271.8, 102.6)
2025-08-25 09:45:01 | RSUFusion.VisualizationProcess | DEBUG    | run_phase1.py:346 | Visualization: 51.5 FPS
2025-08-25 09:45:01 | RSUFusion.Track | DEBUG    | sort_tracker.py:100 | Updated track 6 with car at (571.4, 123.1)
2025-08-25 09:45:01 | RSUFusion.Track | DEBUG    | sort_tracker.py:100 | Updated track 3 with car at (534.4, 101.5)
2025-08-25 09:45:01 | RSUFusion.Track | DEBUG    | sort_tracker.py:100 | Updated track 4 with car at (271.7, 102.6)
2025-08-25 09:45:01 | RSUFusion.Track | DEBUG    | sort_tracker.py:100 | Updated track 6 with car at (571.4, 123.2)
2025-08-25 09:45:01 | RSUFusion.Track | DEBUG    | sort_tracker.py:100 | Updated track 3 with car at (534.7, 101.7)
2025-08-25 09:45:01 | RSUFusion.Track | DEBUG    | sort_tracker.py:100 | Updated track 4 with car at (271.7, 102.5)
2025-08-25 09:45:02 | RSUFusion.Track | DEBUG    | sort_tracker.py:100 | Updated track 6 with car at (571.4, 123.1)
2025-08-25 09:45:02 | RSUFusion.Track | DEBUG    | sort_tracker.py:100 | Updated track 3 with car at (534.6, 101.6)
2025-08-25 09:45:02 | RSUFusion.Track | DEBUG    | sort_tracker.py:100 | Updated track 4 with car at (271.7, 102.6)
2025-08-25 09:45:02 | RSUFusion.Track | DEBUG    | sort_tracker.py:100 | Updated track 6 with car at (571.4, 123.1)
2025-08-25 09:45:02 | RSUFusion.Track | DEBUG    | sort_tracker.py:100 | Updated track 3 with car at (534.6, 101.8)
2025-08-25 09:45:02 | RSUFusion.Track | DEBUG    | sort_tracker.py:100 | Updated track 4 with car at (271.7, 102.5)
2025-08-25 09:45:02 | RSUFusion.Track | DEBUG    | sort_tracker.py:100 | Updated track 6 with car at (571.4, 123.0)
2025-08-25 09:45:02 | RSUFusion.Track | DEBUG    | sort_tracker.py:100 | Updated track 3 with car at (534.6, 101.6)
2025-08-25 09:45:02 | RSUFusion.Track | DEBUG    | sort_tracker.py:100 | Updated track 4 with car at (271.8, 102.7)
2025-08-25 09:45:02 | RSUFusion.Track | DEBUG    | sort_tracker.py:100 | Updated track 6 with car at (571.3, 123.0)
2025-08-25 09:45:02 | RSUFusion.Track | DEBUG    | sort_tracker.py:100 | Updated track 3 with car at (534.6, 101.7)
2025-08-25 09:45:02 | RSUFusion.Track | DEBUG    | sort_tracker.py:100 | Updated track 4 with car at (271.8, 102.6)
2025-08-25 09:45:02 | RSUFusion.VisualizationProcess | DEBUG    | run_phase1.py:346 | Visualization: 52.1 FPS
2025-08-25 09:45:02 | RSUFusion.Track | DEBUG    | sort_tracker.py:100 | Updated track 6 with car at (571.3, 123.0)
2025-08-25 09:45:02 | RSUFusion.Track | DEBUG    | sort_tracker.py:100 | Updated track 3 with car at (534.5, 101.6)
2025-08-25 09:45:02 | RSUFusion.Track | DEBUG    | sort_tracker.py:100 | Updated track 4 with car at (271.8, 102.7)
2025-08-25 09:45:02 | RSUFusion.Track | DEBUG    | sort_tracker.py:100 | Updated track 6 with car at (571.3, 123.0)
2025-08-25 09:45:02 | RSUFusion.Track | DEBUG    | sort_tracker.py:100 | Updated track 3 with car at (534.4, 101.6)
2025-08-25 09:45:02 | RSUFusion.Track | DEBUG    | sort_tracker.py:100 | Updated track 4 with car at (271.8, 102.7)
2025-08-25 09:45:02 | RSUFusion.Track | DEBUG    | sort_tracker.py:100 | Updated track 6 with car at (571.3, 123.0)
2025-08-25 09:45:02 | RSUFusion.Track | DEBUG    | sort_tracker.py:100 | Updated track 3 with car at (534.4, 101.2)
2025-08-25 09:45:02 | RSUFusion.Track | DEBUG    | sort_tracker.py:100 | Updated track 4 with car at (271.8, 102.5)
2025-08-25 09:45:02 | RSUFusion.Track | DEBUG    | sort_tracker.py:100 | Updated track 6 with car at (571.2, 123.0)
2025-08-25 09:45:02 | RSUFusion.Track | DEBUG    | sort_tracker.py:100 | Updated track 3 with car at (534.4, 101.4)
2025-08-25 09:45:02 | RSUFusion.Track | DEBUG    | sort_tracker.py:100 | Updated track 4 with car at (271.8, 102.6)
2025-08-25 09:45:02 | RSUFusion.YOLODetector | DEBUG    | yolo_detector.py:155 | Detection performance: 57.5 FPS, 3 objects detected
2025-08-25 09:45:02 | RSUFusion.DetectionProcess | DEBUG    | run_phase1.py:198 | Detection: 56.4 FPS, 724 detections processed
2025-08-25 09:45:02 | RSUFusion.Track | DEBUG    | sort_tracker.py:100 | Updated track 6 with car at (571.2, 123.0)
2025-08-25 09:45:02 | RSUFusion.Track | DEBUG    | sort_tracker.py:100 | Updated track 3 with car at (534.6, 101.4)
2025-08-25 09:45:02 | RSUFusion.Track | DEBUG    | sort_tracker.py:100 | Updated track 4 with car at (271.9, 102.8)
2025-08-25 09:45:02 | RSUFusion.SORTTracker | DEBUG    | sort_tracker.py:303 | Deleting track 7 (too old: 31 frames)
2025-08-25 09:45:02 | RSUFusion.SORTTracker | DEBUG    | sort_tracker.py:208 | SORT performance: 0.9ms/frame, 3 confirmed tracks
2025-08-25 09:45:02 | RSUFusion.TrackingProcess | DEBUG    | run_phase1.py:268 | Tracking: 3 confirmed tracks
2025-08-25 09:45:02 | RSUFusion.VisualizationProcess | DEBUG    | run_phase1.py:346 | Visualization: 51.0 FPS
2025-08-25 09:45:03 | RSUFusion.Track | DEBUG    | sort_tracker.py:100 | Updated track 6 with car at (571.2, 123.0)
2025-08-25 09:45:03 | RSUFusion.Track | DEBUG    | sort_tracker.py:100 | Updated track 3 with car at (534.5, 101.5)
2025-08-25 09:45:03 | RSUFusion.Track | DEBUG    | sort_tracker.py:100 | Updated track 4 with car at (272.0, 102.6)
2025-08-25 09:45:03 | RSUFusion.Track | DEBUG    | sort_tracker.py:100 | Updated track 6 with car at (571.2, 122.9)
2025-08-25 09:45:03 | RSUFusion.Track | DEBUG    | sort_tracker.py:100 | Updated track 4 with car at (272.0, 102.8)
2025-08-25 09:45:03 | RSUFusion.Track | DEBUG    | sort_tracker.py:100 | Updated track 3 with car at (534.4, 101.5)
2025-08-25 09:45:03 | RSUFusion.Track | DEBUG    | sort_tracker.py:100 | Updated track 6 with car at (571.1, 122.9)
2025-08-25 09:45:03 | RSUFusion.Track | DEBUG    | sort_tracker.py:100 | Updated track 4 with car at (272.0, 102.7)
2025-08-25 09:45:03 | RSUFusion.Track | DEBUG    | sort_tracker.py:100 | Updated track 3 with car at (534.4, 101.6)
2025-08-25 09:45:03 | RSUFusion.Track | DEBUG    | sort_tracker.py:100 | Updated track 6 with car at (571.1, 122.9)
2025-08-25 09:45:03 | RSUFusion.Track | DEBUG    | sort_tracker.py:100 | Updated track 3 with car at (534.4, 101.5)
2025-08-25 09:45:03 | RSUFusion.Track | DEBUG    | sort_tracker.py:100 | Updated track 4 with car at (272.0, 102.6)
2025-08-25 09:45:03 | RSUFusion.Track | DEBUG    | sort_tracker.py:100 | Updated track 6 with car at (571.1, 123.0)
2025-08-25 09:45:03 | RSUFusion.Track | DEBUG    | sort_tracker.py:100 | Updated track 3 with car at (534.5, 101.1)
2025-08-25 09:45:03 | RSUFusion.Track | DEBUG    | sort_tracker.py:100 | Updated track 4 with car at (272.1, 102.6)
2025-08-25 09:45:03 | RSUFusion.VisualizationProcess | DEBUG    | run_phase1.py:346 | Visualization: 54.3 FPS
2025-08-25 09:45:03 | RSUFusion.Track | DEBUG    | sort_tracker.py:100 | Updated track 6 with car at (571.0, 123.0)
2025-08-25 09:45:03 | RSUFusion.Track | DEBUG    | sort_tracker.py:100 | Updated track 3 with car at (534.4, 100.9)
2025-08-25 09:45:03 | RSUFusion.Track | DEBUG    | sort_tracker.py:100 | Updated track 4 with car at (272.0, 102.5)
2025-08-25 09:45:03 | RSUFusion.KalmanFilter4D | DEBUG    | kalman_filter.py:88 | Kalman filter initialized at (719.3, 96.6)
2025-08-25 09:45:03 | RSUFusion.Track | DEBUG    | sort_tracker.py:51 | Created track 8 for car at (719.3, 96.6)
2025-08-25 09:45:03 | RSUFusion.SORTTracker | DEBUG    | sort_tracker.py:297 | Created new track 8 for car
2025-08-25 09:45:03 | RSUFusion.Track | DEBUG    | sort_tracker.py:100 | Updated track 6 with car at (571.1, 123.0)
2025-08-25 09:45:03 | RSUFusion.Track | DEBUG    | sort_tracker.py:100 | Updated track 3 with car at (534.4, 101.3)
2025-08-25 09:45:03 | RSUFusion.Track | DEBUG    | sort_tracker.py:100 | Updated track 4 with car at (271.9, 102.5)
2025-08-25 09:45:03 | RSUFusion.Track | DEBUG    | sort_tracker.py:100 | Updated track 8 with car at (717.2, 96.8)
2025-08-25 09:45:03 | RSUFusion.Track | DEBUG    | sort_tracker.py:100 | Updated track 6 with car at (571.1, 123.0)
2025-08-25 09:45:03 | RSUFusion.Track | DEBUG    | sort_tracker.py:100 | Updated track 4 with car at (272.0, 102.7)
2025-08-25 09:45:03 | RSUFusion.Track | DEBUG    | sort_tracker.py:100 | Updated track 3 with car at (534.4, 101.4)
2025-08-25 09:45:03 | RSUFusion.Track | DEBUG    | sort_tracker.py:100 | Updated track 6 with car at (571.0, 122.9)
2025-08-25 09:45:03 | RSUFusion.Track | DEBUG    | sort_tracker.py:100 | Updated track 4 with car at (272.0, 102.5)
2025-08-25 09:45:03 | RSUFusion.Track | DEBUG    | sort_tracker.py:100 | Updated track 3 with car at (534.4, 101.5)
2025-08-25 09:45:03 | RSUFusion.Track | DEBUG    | sort_tracker.py:100 | Updated track 6 with car at (571.1, 122.9)
2025-08-25 09:45:03 | RSUFusion.Track | DEBUG    | sort_tracker.py:100 | Updated track 4 with car at (272.1, 102.7)
2025-08-25 09:45:03 | RSUFusion.Track | DEBUG    | sort_tracker.py:100 | Updated track 3 with car at (534.4, 100.8)
2025-08-25 09:45:03 | RSUFusion.Track | DEBUG    | sort_tracker.py:100 | Updated track 8 with car at (712.0, 95.9)
2025-08-25 09:45:04 | RSUFusion.Track | DEBUG    | sort_tracker.py:100 | Updated track 6 with car at (571.0, 122.9)
2025-08-25 09:45:04 | RSUFusion.Track | DEBUG    | sort_tracker.py:100 | Updated track 4 with car at (272.0, 102.6)
2025-08-25 09:45:04 | RSUFusion.Track | DEBUG    | sort_tracker.py:100 | Updated track 3 with car at (534.4, 101.4)
2025-08-25 09:45:04 | RSUFusion.Track | DEBUG    | sort_tracker.py:100 | Updated track 8 with car at (707.3, 95.8)
2025-08-25 09:45:04 | RSUFusion.VisualizationProcess | DEBUG    | run_phase1.py:346 | Visualization: 45.8 FPS
2025-08-25 09:45:04 | RSUFusion.Track | DEBUG    | sort_tracker.py:100 | Updated track 6 with car at (571.1, 122.9)
2025-08-25 09:45:04 | RSUFusion.Track | DEBUG    | sort_tracker.py:100 | Updated track 4 with car at (272.0, 102.6)
2025-08-25 09:45:04 | RSUFusion.Track | DEBUG    | sort_tracker.py:100 | Updated track 3 with car at (534.3, 101.0)
2025-08-25 09:45:04 | RSUFusion.Track | DEBUG    | sort_tracker.py:100 | Updated track 6 with car at (571.0, 123.0)
2025-08-25 09:45:04 | RSUFusion.Track | DEBUG    | sort_tracker.py:100 | Updated track 4 with car at (272.0, 102.6)
2025-08-25 09:45:04 | RSUFusion.Track | DEBUG    | sort_tracker.py:100 | Updated track 3 with car at (534.3, 101.0)
2025-08-25 09:45:04 | RSUFusion.VisualizationProcess | DEBUG    | run_phase1.py:323 | Updated image (consumed 1 frames)
2025-08-25 09:45:04 | RSUFusion.Track | DEBUG    | sort_tracker.py:100 | Updated track 6 with car at (571.0, 123.0)
2025-08-25 09:45:04 | RSUFusion.Track | DEBUG    | sort_tracker.py:100 | Updated track 4 with car at (272.0, 102.4)
2025-08-25 09:45:04 | RSUFusion.Track | DEBUG    | sort_tracker.py:100 | Updated track 3 with car at (534.3, 100.7)
2025-08-25 09:45:04 | RSUFusion.CameraProcess | DEBUG    | run_phase1.py:146 | Ambulance speed: 0.0 km/h
2025-08-25 09:45:04 | RSUFusion.Track | DEBUG    | sort_tracker.py:100 | Updated track 6 with car at (571.0, 123.0)
2025-08-25 09:45:04 | RSUFusion.Track | DEBUG    | sort_tracker.py:100 | Updated track 3 with car at (534.3, 100.8)
2025-08-25 09:45:04 | RSUFusion.Track | DEBUG    | sort_tracker.py:100 | Updated track 4 with car at (272.1, 102.5)
2025-08-25 09:45:04 | RSUFusion.Track | DEBUG    | sort_tracker.py:100 | Updated track 6 with car at (571.0, 122.9)
2025-08-25 09:45:04 | RSUFusion.Track | DEBUG    | sort_tracker.py:100 | Updated track 3 with car at (534.3, 101.3)
2025-08-25 09:45:04 | RSUFusion.Track | DEBUG    | sort_tracker.py:100 | Updated track 4 with car at (272.0, 102.7)
2025-08-25 09:45:04 | RSUFusion.KalmanFilter4D | DEBUG    | kalman_filter.py:88 | Kalman filter initialized at (662.3, 96.0)
2025-08-25 09:45:04 | RSUFusion.Track | DEBUG    | sort_tracker.py:51 | Created track 9 for car at (662.3, 96.0)
2025-08-25 09:45:04 | RSUFusion.SORTTracker | DEBUG    | sort_tracker.py:297 | Created new track 9 for car
2025-08-25 09:45:04 | RSUFusion.Track | DEBUG    | sort_tracker.py:100 | Updated track 6 with car at (570.9, 122.9)
2025-08-25 09:45:04 | RSUFusion.Track | DEBUG    | sort_tracker.py:100 | Updated track 4 with car at (272.0, 102.5)
2025-08-25 09:45:04 | RSUFusion.Track | DEBUG    | sort_tracker.py:100 | Updated track 3 with car at (534.2, 101.2)
2025-08-25 09:45:04 | RSUFusion.VisualizationProcess | DEBUG    | run_phase1.py:346 | Visualization: 48.1 FPS
2025-08-25 09:45:04 | RSUFusion.Track | DEBUG    | sort_tracker.py:100 | Updated track 6 with car at (571.0, 122.9)
2025-08-25 09:45:04 | RSUFusion.Track | DEBUG    | sort_tracker.py:100 | Updated track 4 with car at (272.0, 102.6)
2025-08-25 09:45:04 | RSUFusion.Track | DEBUG    | sort_tracker.py:100 | Updated track 3 with car at (534.2, 101.2)
2025-08-25 09:45:04 | RSUFusion.Track | DEBUG    | sort_tracker.py:100 | Updated track 9 with car at (646.3, 95.5)
2025-08-25 09:45:04 | RSUFusion.Track | DEBUG    | sort_tracker.py:100 | Updated track 6 with car at (570.9, 122.8)
2025-08-25 09:45:04 | RSUFusion.Track | DEBUG    | sort_tracker.py:100 | Updated track 4 with car at (272.0, 102.5)
2025-08-25 09:45:04 | RSUFusion.Track | DEBUG    | sort_tracker.py:100 | Updated track 3 with car at (534.2, 101.2)
2025-08-25 09:45:04 | RSUFusion.Track | DEBUG    | sort_tracker.py:100 | Updated track 9 with car at (639.6, 96.6)
2025-08-25 09:45:04 | RSUFusion.KalmanFilter4D | DEBUG    | kalman_filter.py:88 | Kalman filter initialized at (409.1, 94.1)
2025-08-25 09:45:04 | RSUFusion.Track | DEBUG    | sort_tracker.py:51 | Created track 10 for truck at (409.1, 94.1)
2025-08-25 09:45:04 | RSUFusion.SORTTracker | DEBUG    | sort_tracker.py:297 | Created new track 10 for truck
2025-08-25 09:45:05 | RSUFusion.Track | DEBUG    | sort_tracker.py:100 | Updated track 6 with car at (570.8, 122.7)
2025-08-25 09:45:05 | RSUFusion.Track | DEBUG    | sort_tracker.py:100 | Updated track 4 with car at (272.0, 102.5)
2025-08-25 09:45:05 | RSUFusion.Track | DEBUG    | sort_tracker.py:100 | Updated track 3 with car at (534.0, 101.2)
2025-08-25 09:45:05 | RSUFusion.Track | DEBUG    | sort_tracker.py:100 | Updated track 9 with car at (628.2, 95.6)
2025-08-25 09:45:05 | RSUFusion.Track | DEBUG    | sort_tracker.py:100 | Updated track 6 with car at (570.8, 122.8)
2025-08-25 09:45:05 | RSUFusion.Track | DEBUG    | sort_tracker.py:100 | Updated track 3 with car at (534.0, 100.6)
2025-08-25 09:45:05 | RSUFusion.Track | DEBUG    | sort_tracker.py:100 | Updated track 4 with car at (272.0, 102.6)
2025-08-25 09:45:05 | RSUFusion.Track | DEBUG    | sort_tracker.py:100 | Updated track 9 with car at (618.0, 96.5)
2025-08-25 09:45:05 | RSUFusion.Track | DEBUG    | sort_tracker.py:100 | Updated track 6 with car at (570.8, 122.8)
2025-08-25 09:45:05 | RSUFusion.Track | DEBUG    | sort_tracker.py:100 | Updated track 3 with car at (533.9, 100.1)
2025-08-25 09:45:05 | RSUFusion.Track | DEBUG    | sort_tracker.py:100 | Updated track 4 with car at (272.0, 102.6)
2025-08-25 09:45:05 | RSUFusion.Track | DEBUG    | sort_tracker.py:100 | Updated track 9 with car at (603.9, 96.3)
2025-08-25 09:45:05 | RSUFusion.Track | DEBUG    | sort_tracker.py:100 | Updated track 3 with car at (533.5, 99.3)
2025-08-25 09:45:05 | RSUFusion.Track | DEBUG    | sort_tracker.py:100 | Updated track 4 with car at (272.0, 102.6)
2025-08-25 09:45:05 | RSUFusion.Track | DEBUG    | sort_tracker.py:100 | Updated track 6 with car at (570.8, 122.9)
2025-08-25 09:45:05 | RSUFusion.Track | DEBUG    | sort_tracker.py:100 | Updated track 9 with car at (593.4, 95.8)
2025-08-25 09:45:05 | RSUFusion.Track | DEBUG    | sort_tracker.py:100 | Updated track 6 with car at (570.8, 123.6)
2025-08-25 09:45:05 | RSUFusion.Track | DEBUG    | sort_tracker.py:100 | Updated track 4 with car at (272.0, 102.7)
2025-08-25 09:45:05 | RSUFusion.Track | DEBUG    | sort_tracker.py:100 | Updated track 3 with car at (533.9, 99.4)
2025-08-25 09:45:05 | RSUFusion.Track | DEBUG    | sort_tracker.py:100 | Updated track 9 with car at (581.0, 96.7)
2025-08-25 09:45:05 | RSUFusion.Track | DEBUG    | sort_tracker.py:100 | Updated track 10 with truck at (409.1, 94.1)
2025-08-25 09:45:05 | RSUFusion.VisualizationProcess | DEBUG    | run_phase1.py:346 | Visualization: 43.6 FPS
2025-08-25 09:45:05 | RSUFusion.Track | DEBUG    | sort_tracker.py:100 | Updated track 6 with car at (570.8, 123.4)
2025-08-25 09:45:05 | RSUFusion.Track | DEBUG    | sort_tracker.py:100 | Updated track 4 with car at (272.1, 102.6)
2025-08-25 09:45:05 | RSUFusion.Track | DEBUG    | sort_tracker.py:100 | Updated track 9 with car at (574.8, 98.1)
2025-08-25 09:45:05 | RSUFusion.Track | DEBUG    | sort_tracker.py:100 | Updated track 3 with car at (531.9, 99.5)
2025-08-25 09:45:05 | RSUFusion.Track | DEBUG    | sort_tracker.py:100 | Updated track 6 with car at (571.0, 123.2)
2025-08-25 09:45:05 | RSUFusion.Track | DEBUG    | sort_tracker.py:100 | Updated track 4 with car at (272.0, 102.8)
2025-08-25 09:45:05 | RSUFusion.Track | DEBUG    | sort_tracker.py:100 | Updated track 9 with car at (547.2, 97.4)
2025-08-25 09:45:05 | RSUFusion.Track | DEBUG    | sort_tracker.py:100 | Updated track 10 with truck at (409.1, 94.0)
2025-08-25 09:45:05 | RSUFusion.Track | DEBUG    | sort_tracker.py:100 | Updated track 9 with car at (541.9, 97.7)
2025-08-25 09:45:05 | RSUFusion.Track | DEBUG    | sort_tracker.py:100 | Updated track 6 with car at (570.8, 122.7)
2025-08-25 09:45:05 | RSUFusion.Track | DEBUG    | sort_tracker.py:100 | Updated track 4 with car at (272.0, 102.8)
2025-08-25 09:45:05 | RSUFusion.Track | DEBUG    | sort_tracker.py:100 | Updated track 10 with truck at (409.1, 94.1)
2025-08-25 09:45:05 | RSUFusion.Track | DEBUG    | sort_tracker.py:100 | Updated track 6 with car at (570.9, 122.6)
2025-08-25 09:45:05 | RSUFusion.Track | DEBUG    | sort_tracker.py:100 | Updated track 9 with car at (535.3, 98.5)
2025-08-25 09:45:05 | RSUFusion.Track | DEBUG    | sort_tracker.py:100 | Updated track 4 with car at (272.0, 102.7)
2025-08-25 09:45:06 | RSUFusion.Track | DEBUG    | sort_tracker.py:100 | Updated track 6 with car at (570.7, 122.9)
2025-08-25 09:45:06 | RSUFusion.Track | DEBUG    | sort_tracker.py:100 | Updated track 4 with car at (272.0, 102.7)
2025-08-25 09:45:06 | RSUFusion.Track | DEBUG    | sort_tracker.py:100 | Updated track 3 with car at (533.9, 99.0)
2025-08-25 09:45:06 | RSUFusion.YOLODetector | DEBUG    | yolo_detector.py:155 | Detection performance: 56.9 FPS, 3 objects detected
2025-08-25 09:45:06 | RSUFusion.DetectionProcess | DEBUG    | run_phase1.py:198 | Detection: 56.8 FPS, 831 detections processed
2025-08-25 09:45:06 | RSUFusion.Track | DEBUG    | sort_tracker.py:100 | Updated track 6 with car at (570.8, 123.1)
2025-08-25 09:45:06 | RSUFusion.Track | DEBUG    | sort_tracker.py:100 | Updated track 4 with car at (272.0, 102.7)
2025-08-25 09:45:06 | RSUFusion.Track | DEBUG    | sort_tracker.py:100 | Updated track 3 with car at (526.2, 98.1)
2025-08-25 09:45:06 | RSUFusion.SORTTracker | DEBUG    | sort_tracker.py:208 | SORT performance: 1.0ms/frame, 6 confirmed tracks
2025-08-25 09:45:06 | RSUFusion.TrackingProcess | DEBUG    | run_phase1.py:268 | Tracking: 6 confirmed tracks
2025-08-25 09:45:06 | RSUFusion.VisualizationProcess | DEBUG    | run_phase1.py:346 | Visualization: 46.2 FPS
2025-08-25 09:45:06 | RSUFusion.Track | DEBUG    | sort_tracker.py:100 | Updated track 6 with car at (570.8, 123.1)
2025-08-25 09:45:06 | RSUFusion.Track | DEBUG    | sort_tracker.py:100 | Updated track 4 with car at (272.1, 102.8)
2025-08-25 09:45:06 | RSUFusion.Track | DEBUG    | sort_tracker.py:100 | Updated track 6 with car at (570.8, 122.9)
2025-08-25 09:45:06 | RSUFusion.Track | DEBUG    | sort_tracker.py:100 | Updated track 9 with car at (493.2, 95.3)
2025-08-25 09:45:06 | RSUFusion.Track | DEBUG    | sort_tracker.py:100 | Updated track 4 with car at (272.0, 102.9)
2025-08-25 09:45:06 | RSUFusion.Track | DEBUG    | sort_tracker.py:100 | Updated track 3 with car at (536.0, 101.3)
2025-08-25 09:45:06 | RSUFusion.Track | DEBUG    | sort_tracker.py:100 | Updated track 6 with car at (570.8, 122.9)
2025-08-25 09:45:06 | RSUFusion.Track | DEBUG    | sort_tracker.py:100 | Updated track 4 with car at (272.1, 102.8)
2025-08-25 09:45:06 | RSUFusion.Track | DEBUG    | sort_tracker.py:100 | Updated track 9 with car at (489.0, 95.7)
2025-08-25 09:45:06 | RSUFusion.Track | DEBUG    | sort_tracker.py:100 | Updated track 3 with car at (535.7, 100.0)
2025-08-25 09:45:06 | RSUFusion.Track | DEBUG    | sort_tracker.py:100 | Updated track 6 with car at (570.8, 122.9)
2025-08-25 09:45:06 | RSUFusion.Track | DEBUG    | sort_tracker.py:100 | Updated track 4 with car at (272.2, 102.9)
2025-08-25 09:45:06 | RSUFusion.Track | DEBUG    | sort_tracker.py:100 | Updated track 3 with car at (532.7, 100.9)
2025-08-25 09:45:06 | RSUFusion.Track | DEBUG    | sort_tracker.py:100 | Updated track 9 with car at (479.2, 95.4)
2025-08-25 09:45:06 | RSUFusion.Track | DEBUG    | sort_tracker.py:100 | Updated track 6 with car at (570.8, 122.8)
2025-08-25 09:45:06 | RSUFusion.Track | DEBUG    | sort_tracker.py:100 | Updated track 3 with car at (534.0, 101.3)
2025-08-25 09:45:06 | RSUFusion.Track | DEBUG    | sort_tracker.py:100 | Updated track 4 with car at (272.2, 102.9)
2025-08-25 09:45:06 | RSUFusion.Track | DEBUG    | sort_tracker.py:100 | Updated track 9 with car at (467.6, 95.8)
2025-08-25 09:45:06 | RSUFusion.Track | DEBUG    | sort_tracker.py:100 | Updated track 10 with truck at (408.9, 94.1)
2025-08-25 09:45:06 | RSUFusion.Track | DEBUG    | sort_tracker.py:100 | Updated track 6 with car at (570.9, 122.9)
2025-08-25 09:45:06 | RSUFusion.Track | DEBUG    | sort_tracker.py:100 | Updated track 3 with car at (534.0, 100.8)
2025-08-25 09:45:06 | RSUFusion.Track | DEBUG    | sort_tracker.py:100 | Updated track 4 with car at (272.2, 102.8)
2025-08-25 09:45:06 | RSUFusion.Track | DEBUG    | sort_tracker.py:100 | Updated track 9 with car at (457.9, 95.0)
2025-08-25 09:45:06 | RSUFusion.VisualizationProcess | DEBUG    | run_phase1.py:346 | Visualization: 43.5 FPS
2025-08-25 09:45:06 | RSUFusion.Track | DEBUG    | sort_tracker.py:100 | Updated track 6 with car at (570.8, 122.9)
2025-08-25 09:45:06 | RSUFusion.Track | DEBUG    | sort_tracker.py:100 | Updated track 9 with car at (448.6, 95.8)
2025-08-25 09:45:06 | RSUFusion.Track | DEBUG    | sort_tracker.py:100 | Updated track 3 with car at (533.9, 100.7)
2025-08-25 09:45:06 | RSUFusion.Track | DEBUG    | sort_tracker.py:100 | Updated track 4 with car at (272.2, 102.9)
2025-08-25 09:45:06 | RSUFusion.Track | DEBUG    | sort_tracker.py:100 | Updated track 6 with car at (570.8, 122.9)
2025-08-25 09:45:06 | RSUFusion.Track | DEBUG    | sort_tracker.py:100 | Updated track 9 with car at (443.3, 95.1)
2025-08-25 09:45:06 | RSUFusion.Track | DEBUG    | sort_tracker.py:100 | Updated track 3 with car at (533.8, 100.5)
2025-08-25 09:45:06 | RSUFusion.Track | DEBUG    | sort_tracker.py:100 | Updated track 4 with car at (272.2, 102.8)
2025-08-25 09:45:06 | RSUFusion.Track | DEBUG    | sort_tracker.py:100 | Updated track 10 with car at (410.1, 93.6)
2025-08-25 09:45:07 | RSUFusion.Track | DEBUG    | sort_tracker.py:100 | Updated track 6 with car at (570.8, 123.0)
2025-08-25 09:45:07 | RSUFusion.Track | DEBUG    | sort_tracker.py:100 | Updated track 3 with car at (533.8, 100.6)
2025-08-25 09:45:07 | RSUFusion.Track | DEBUG    | sort_tracker.py:100 | Updated track 4 with car at (272.2, 102.8)
2025-08-25 09:45:07 | RSUFusion.Track | DEBUG    | sort_tracker.py:100 | Updated track 9 with car at (438.4, 95.2)
2025-08-25 09:45:07 | RSUFusion.Track | DEBUG    | sort_tracker.py:100 | Updated track 10 with car at (409.8, 93.6)
2025-08-25 09:45:07 | RSUFusion.Track | DEBUG    | sort_tracker.py:100 | Updated track 6 with car at (570.8, 122.9)
2025-08-25 09:45:07 | RSUFusion.Track | DEBUG    | sort_tracker.py:100 | Updated track 3 with car at (533.8, 101.0)
2025-08-25 09:45:07 | RSUFusion.Track | DEBUG    | sort_tracker.py:100 | Updated track 4 with car at (272.2, 102.9)
2025-08-25 09:45:07 | RSUFusion.Track | DEBUG    | sort_tracker.py:100 | Updated track 6 with car at (570.7, 122.9)
2025-08-25 09:45:07 | RSUFusion.Track | DEBUG    | sort_tracker.py:100 | Updated track 3 with car at (533.8, 101.1)
2025-08-25 09:45:07 | RSUFusion.Track | DEBUG    | sort_tracker.py:100 | Updated track 4 with car at (272.3, 102.9)
2025-08-25 09:45:07 | RSUFusion.Track | DEBUG    | sort_tracker.py:100 | Updated track 10 with truck at (410.5, 93.9)
2025-08-25 09:45:07 | RSUFusion.Track | DEBUG    | sort_tracker.py:100 | Updated track 6 with car at (570.8, 122.9)
2025-08-25 09:45:07 | RSUFusion.Track | DEBUG    | sort_tracker.py:100 | Updated track 3 with car at (533.8, 101.0)
2025-08-25 09:45:07 | RSUFusion.Track | DEBUG    | sort_tracker.py:100 | Updated track 4 with car at (272.3, 103.0)
2025-08-25 09:45:07 | RSUFusion.Track | DEBUG    | sort_tracker.py:100 | Updated track 10 with truck at (409.7, 94.2)
2025-08-25 09:45:07 | RSUFusion.SORTTracker | DEBUG    | sort_tracker.py:303 | Deleting track 8 (too old: 31 frames)
2025-08-25 09:45:07 | RSUFusion.VisualizationProcess | DEBUG    | run_phase1.py:346 | Visualization: 49.8 FPS
2025-08-25 09:45:07 | RSUFusion.Track | DEBUG    | sort_tracker.py:100 | Updated track 6 with car at (570.7, 122.8)
2025-08-25 09:45:07 | RSUFusion.Track | DEBUG    | sort_tracker.py:100 | Updated track 3 with car at (533.8, 101.3)
2025-08-25 09:45:07 | RSUFusion.Track | DEBUG    | sort_tracker.py:100 | Updated track 4 with car at (272.2, 102.9)
2025-08-25 09:45:07 | RSUFusion.Track | DEBUG    | sort_tracker.py:100 | Updated track 10 with truck at (409.6, 94.1)
2025-08-25 09:45:07 | RSUFusion.KalmanFilter4D | DEBUG    | kalman_filter.py:88 | Kalman filter initialized at (370.1, 97.0)
2025-08-25 09:45:07 | RSUFusion.Track | DEBUG    | sort_tracker.py:51 | Created track 11 for car at (370.1, 97.0)
2025-08-25 09:45:07 | RSUFusion.SORTTracker | DEBUG    | sort_tracker.py:297 | Created new track 11 for car
2025-08-25 09:45:07 | RSUFusion.Track | DEBUG    | sort_tracker.py:100 | Updated track 6 with car at (570.8, 122.8)
2025-08-25 09:45:07 | RSUFusion.Track | DEBUG    | sort_tracker.py:100 | Updated track 3 with car at (533.8, 100.9)
2025-08-25 09:45:07 | RSUFusion.Track | DEBUG    | sort_tracker.py:100 | Updated track 4 with car at (272.3, 102.9)
2025-08-25 09:45:07 | RSUFusion.Track | DEBUG    | sort_tracker.py:100 | Updated track 11 with car at (365.3, 95.8)
2025-08-25 09:45:07 | RSUFusion.Track | DEBUG    | sort_tracker.py:100 | Updated track 10 with truck at (409.4, 94.1)
2025-08-25 09:45:07 | RSUFusion.CameraProcess | DEBUG    | run_phase1.py:146 | Ambulance speed: 0.0 km/h
2025-08-25 09:45:07 | RSUFusion.Track | DEBUG    | sort_tracker.py:100 | Updated track 6 with car at (570.8, 122.9)
2025-08-25 09:45:07 | RSUFusion.Track | DEBUG    | sort_tracker.py:100 | Updated track 3 with car at (533.7, 100.5)
2025-08-25 09:45:07 | RSUFusion.Track | DEBUG    | sort_tracker.py:100 | Updated track 4 with car at (272.3, 102.9)
2025-08-25 09:45:07 | RSUFusion.Track | DEBUG    | sort_tracker.py:100 | Updated track 11 with car at (362.0, 96.4)
2025-08-25 09:45:07 | RSUFusion.Track | DEBUG    | sort_tracker.py:100 | Updated track 10 with truck at (409.6, 94.1)
2025-08-25 09:45:07 | RSUFusion.Track | DEBUG    | sort_tracker.py:100 | Updated track 6 with car at (570.8, 122.9)
2025-08-25 09:45:07 | RSUFusion.Track | DEBUG    | sort_tracker.py:100 | Updated track 3 with car at (533.7, 100.4)
2025-08-25 09:45:07 | RSUFusion.Track | DEBUG    | sort_tracker.py:100 | Updated track 4 with car at (272.1, 103.0)
2025-08-25 09:45:07 | RSUFusion.Track | DEBUG    | sort_tracker.py:100 | Updated track 11 with car at (350.9, 95.8)
2025-08-25 09:45:07 | RSUFusion.Track | DEBUG    | sort_tracker.py:100 | Updated track 6 with car at (570.8, 123.0)
2025-08-25 09:45:07 | RSUFusion.Track | DEBUG    | sort_tracker.py:100 | Updated track 3 with car at (533.7, 100.6)
2025-08-25 09:45:07 | RSUFusion.Track | DEBUG    | sort_tracker.py:100 | Updated track 11 with car at (342.5, 96.2)
2025-08-25 09:45:07 | RSUFusion.Track | DEBUG    | sort_tracker.py:100 | Updated track 4 with car at (271.8, 103.3)
2025-08-25 09:45:07 | RSUFusion.Track | DEBUG    | sort_tracker.py:100 | Updated track 10 with truck at (408.9, 94.2)
2025-08-25 09:45:08 | RSUFusion.Track | DEBUG    | sort_tracker.py:100 | Updated track 6 with car at (570.7, 122.9)
2025-08-25 09:45:08 | RSUFusion.Track | DEBUG    | sort_tracker.py:100 | Updated track 3 with car at (533.7, 100.9)
2025-08-25 09:45:08 | RSUFusion.Track | DEBUG    | sort_tracker.py:100 | Updated track 11 with car at (327.8, 96.0)
2025-08-25 09:45:08 | RSUFusion.Track | DEBUG    | sort_tracker.py:100 | Updated track 4 with car at (271.0, 102.9)
2025-08-25 09:45:08 | RSUFusion.Track | DEBUG    | sort_tracker.py:100 | Updated track 10 with truck at (408.9, 94.2)
2025-08-25 09:45:08 | RSUFusion.VisualizationProcess | DEBUG    | run_phase1.py:346 | Visualization: 50.3 FPS
2025-08-25 09:45:08 | RSUFusion.Track | DEBUG    | sort_tracker.py:100 | Updated track 6 with car at (570.8, 122.9)
2025-08-25 09:45:08 | RSUFusion.Track | DEBUG    | sort_tracker.py:100 | Updated track 3 with car at (533.7, 101.2)
2025-08-25 09:45:08 | RSUFusion.Track | DEBUG    | sort_tracker.py:100 | Updated track 4 with car at (271.1, 103.1)
2025-08-25 09:45:08 | RSUFusion.Track | DEBUG    | sort_tracker.py:100 | Updated track 11 with car at (318.5, 95.9)
2025-08-25 09:45:08 | RSUFusion.Phase1System | INFO     | run_phase1.py:398 | === System Performance Stats ===
2025-08-25 09:45:08 | RSUFusion.Phase1System | INFO     | run_phase1.py:408 | Visualization: 50.3 FPS
2025-08-25 09:45:08 | RSUFusion.Phase1System | INFO     | run_phase1.py:402 | Detection: 56.8 FPS
2025-08-25 09:45:08 | RSUFusion.Phase1System | INFO     | run_phase1.py:406 | Tracking: 6/6 tracks
2025-08-25 09:45:08 | RSUFusion.Phase1System | INFO     | run_phase1.py:411 | Queue sizes - Detection Images: 0, Visualization Images: 0, Detections: 0, Tracking: 0
2025-08-25 09:45:08 | RSUFusion.Track | DEBUG    | sort_tracker.py:100 | Updated track 6 with car at (570.8, 122.9)
2025-08-25 09:45:08 | RSUFusion.Track | DEBUG    | sort_tracker.py:100 | Updated track 3 with car at (533.7, 101.1)
2025-08-25 09:45:08 | RSUFusion.Track | DEBUG    | sort_tracker.py:100 | Updated track 11 with car at (312.0, 96.4)
2025-08-25 09:45:08 | RSUFusion.Track | DEBUG    | sort_tracker.py:100 | Updated track 4 with car at (269.6, 103.6)
2025-08-25 09:45:08 | RSUFusion.Track | DEBUG    | sort_tracker.py:100 | Updated track 6 with car at (570.7, 122.8)
2025-08-25 09:45:08 | RSUFusion.Track | DEBUG    | sort_tracker.py:100 | Updated track 3 with car at (533.6, 101.3)
2025-08-25 09:45:08 | RSUFusion.Track | DEBUG    | sort_tracker.py:100 | Updated track 4 with car at (269.4, 103.1)
2025-08-25 09:45:08 | RSUFusion.Track | DEBUG    | sort_tracker.py:100 | Updated track 11 with car at (305.8, 96.4)
2025-08-25 09:45:08 | RSUFusion.Track | DEBUG    | sort_tracker.py:100 | Updated track 10 with truck at (408.9, 94.1)
2025-08-25 09:45:08 | RSUFusion.Track | DEBUG    | sort_tracker.py:100 | Updated track 6 with car at (570.7, 122.9)
2025-08-25 09:45:08 | RSUFusion.Track | DEBUG    | sort_tracker.py:100 | Updated track 3 with car at (533.7, 101.0)
2025-08-25 09:45:08 | RSUFusion.Track | DEBUG    | sort_tracker.py:100 | Updated track 6 with car at (570.7, 122.9)
2025-08-25 09:45:08 | RSUFusion.Track | DEBUG    | sort_tracker.py:100 | Updated track 3 with car at (533.6, 100.6)
2025-08-25 09:45:08 | RSUFusion.Track | DEBUG    | sort_tracker.py:100 | Updated track 4 with car at (273.3, 99.3)
2025-08-25 09:45:08 | RSUFusion.Track | DEBUG    | sort_tracker.py:100 | Updated track 6 with car at (570.7, 122.9)
2025-08-25 09:45:08 | RSUFusion.Track | DEBUG    | sort_tracker.py:100 | Updated track 3 with car at (533.6, 100.4)
2025-08-25 09:45:08 | RSUFusion.Track | DEBUG    | sort_tracker.py:100 | Updated track 4 with car at (268.5, 99.7)
2025-08-25 09:45:08 | RSUFusion.VisualizationProcess | DEBUG    | run_phase1.py:346 | Visualization: 45.0 FPS
2025-08-25 09:45:08 | RSUFusion.Track | DEBUG    | sort_tracker.py:100 | Updated track 6 with car at (570.7, 123.0)
2025-08-25 09:45:08 | RSUFusion.Track | DEBUG    | sort_tracker.py:100 | Updated track 3 with car at (533.5, 100.9)
2025-08-25 09:45:08 | RSUFusion.Track | DEBUG    | sort_tracker.py:100 | Updated track 4 with car at (266.7, 100.1)
2025-08-25 09:45:08 | RSUFusion.Track | DEBUG    | sort_tracker.py:100 | Updated track 6 with car at (570.8, 123.0)
2025-08-25 09:45:08 | RSUFusion.Track | DEBUG    | sort_tracker.py:100 | Updated track 3 with car at (533.6, 101.1)
2025-08-25 09:45:08 | RSUFusion.Track | DEBUG    | sort_tracker.py:100 | Updated track 4 with car at (260.8, 99.7)
2025-08-25 09:45:09 | RSUFusion.Track | DEBUG    | sort_tracker.py:100 | Updated track 6 with car at (570.7, 123.0)
2025-08-25 09:45:09 | RSUFusion.Track | DEBUG    | sort_tracker.py:100 | Updated track 3 with car at (533.5, 101.2)
2025-08-25 09:45:09 | RSUFusion.Track | DEBUG    | sort_tracker.py:100 | Updated track 4 with car at (271.4, 102.8)
2025-08-25 09:45:09 | RSUFusion.Track | DEBUG    | sort_tracker.py:100 | Updated track 6 with car at (570.8, 122.9)
2025-08-25 09:45:09 | RSUFusion.Track | DEBUG    | sort_tracker.py:100 | Updated track 3 with car at (533.5, 100.9)
2025-08-25 09:45:09 | RSUFusion.Track | DEBUG    | sort_tracker.py:100 | Updated track 4 with car at (271.5, 102.6)
2025-08-25 09:45:09 | RSUFusion.Track | DEBUG    | sort_tracker.py:100 | Updated track 11 with car at (226.6, 95.5)
2025-08-25 09:45:09 | RSUFusion.Track | DEBUG    | sort_tracker.py:100 | Updated track 6 with car at (570.7, 122.9)
2025-08-25 09:45:09 | RSUFusion.Track | DEBUG    | sort_tracker.py:100 | Updated track 3 with car at (533.5, 101.3)
2025-08-25 09:45:09 | RSUFusion.Track | DEBUG    | sort_tracker.py:100 | Updated track 4 with car at (271.8, 102.7)
2025-08-25 09:45:09 | RSUFusion.Track | DEBUG    | sort_tracker.py:100 | Updated track 11 with car at (216.0, 95.8)
2025-08-25 09:45:09 | RSUFusion.Track | DEBUG    | sort_tracker.py:100 | Updated track 10 with truck at (409.0, 94.1)
2025-08-25 09:45:09 | RSUFusion.VisualizationProcess | DEBUG    | run_phase1.py:346 | Visualization: 50.9 FPS
2025-08-25 09:45:09 | RSUFusion.YOLODetector | DEBUG    | yolo_detector.py:155 | Detection performance: 59.2 FPS, 4 objects detected
2025-08-25 09:45:09 | RSUFusion.DetectionProcess | DEBUG    | run_phase1.py:198 | Detection: 57.4 FPS, 951 detections processed
2025-08-25 09:45:09 | RSUFusion.Track | DEBUG    | sort_tracker.py:100 | Updated track 6 with car at (570.8, 122.9)
2025-08-25 09:45:09 | RSUFusion.Track | DEBUG    | sort_tracker.py:100 | Updated track 3 with car at (533.5, 100.9)
2025-08-25 09:45:09 | RSUFusion.Track | DEBUG    | sort_tracker.py:100 | Updated track 4 with car at (271.8, 102.7)
2025-08-25 09:45:09 | RSUFusion.Track | DEBUG    | sort_tracker.py:100 | Updated track 11 with car at (206.8, 94.8)
2025-08-25 09:45:09 | RSUFusion.SORTTracker | DEBUG    | sort_tracker.py:208 | SORT performance: 1.4ms/frame, 6 confirmed tracks
2025-08-25 09:45:09 | RSUFusion.TrackingProcess | DEBUG    | run_phase1.py:268 | Tracking: 6 confirmed tracks
2025-08-25 09:45:09 | RSUFusion.Track | DEBUG    | sort_tracker.py:100 | Updated track 6 with car at (570.7, 123.0)
2025-08-25 09:45:09 | RSUFusion.Track | DEBUG    | sort_tracker.py:100 | Updated track 3 with car at (533.5, 100.6)
2025-08-25 09:45:09 | RSUFusion.Track | DEBUG    | sort_tracker.py:100 | Updated track 4 with car at (272.1, 102.6)
2025-08-25 09:45:09 | RSUFusion.Track | DEBUG    | sort_tracker.py:100 | Updated track 11 with car at (190.2, 97.2)
2025-08-25 09:45:09 | RSUFusion.Track | DEBUG    | sort_tracker.py:100 | Updated track 6 with car at (570.7, 122.9)
2025-08-25 09:45:09 | RSUFusion.Track | DEBUG    | sort_tracker.py:100 | Updated track 3 with car at (533.5, 100.4)
2025-08-25 09:45:09 | RSUFusion.Track | DEBUG    | sort_tracker.py:100 | Updated track 4 with car at (272.0, 102.1)
2025-08-25 09:45:09 | RSUFusion.Track | DEBUG    | sort_tracker.py:100 | Updated track 11 with car at (183.0, 96.5)
2025-08-25 09:45:09 | RSUFusion.Track | DEBUG    | sort_tracker.py:100 | Updated track 6 with car at (570.7, 123.0)
2025-08-25 09:45:09 | RSUFusion.Track | DEBUG    | sort_tracker.py:100 | Updated track 3 with car at (533.4, 100.9)
2025-08-25 09:45:09 | RSUFusion.Track | DEBUG    | sort_tracker.py:100 | Updated track 4 with car at (272.1, 101.8)
2025-08-25 09:45:09 | RSUFusion.Track | DEBUG    | sort_tracker.py:100 | Updated track 11 with car at (173.2, 95.6)
2025-08-25 09:45:09 | RSUFusion.Track | DEBUG    | sort_tracker.py:100 | Updated track 6 with car at (570.7, 123.0)
2025-08-25 09:45:09 | RSUFusion.Track | DEBUG    | sort_tracker.py:100 | Updated track 3 with car at (533.5, 101.1)
2025-08-25 09:45:09 | RSUFusion.Track | DEBUG    | sort_tracker.py:100 | Updated track 4 with car at (272.1, 101.7)
2025-08-25 09:45:09 | RSUFusion.Track | DEBUG    | sort_tracker.py:100 | Updated track 11 with car at (166.8, 95.4)
2025-08-25 09:45:09 | RSUFusion.Track | DEBUG    | sort_tracker.py:100 | Updated track 6 with car at (570.7, 122.9)
2025-08-25 09:45:09 | RSUFusion.Track | DEBUG    | sort_tracker.py:100 | Updated track 3 with car at (533.5, 101.2)
2025-08-25 09:45:09 | RSUFusion.Track | DEBUG    | sort_tracker.py:100 | Updated track 4 with car at (272.2, 101.8)
2025-08-25 09:45:09 | RSUFusion.Track | DEBUG    | sort_tracker.py:100 | Updated track 11 with car at (160.2, 96.3)
2025-08-25 09:45:09 | RSUFusion.VisualizationProcess | DEBUG    | run_phase1.py:346 | Visualization: 50.3 FPS
2025-08-25 09:45:09 | RSUFusion.Track | DEBUG    | sort_tracker.py:100 | Updated track 6 with car at (570.8, 123.0)
2025-08-25 09:45:09 | RSUFusion.Track | DEBUG    | sort_tracker.py:100 | Updated track 3 with car at (533.4, 101.2)
2025-08-25 09:45:09 | RSUFusion.Track | DEBUG    | sort_tracker.py:100 | Updated track 4 with car at (272.3, 102.3)
2025-08-25 09:45:09 | RSUFusion.Track | DEBUG    | sort_tracker.py:100 | Updated track 11 with car at (156.1, 96.1)
2025-08-25 09:45:10 | RSUFusion.Track | DEBUG    | sort_tracker.py:100 | Updated track 6 with car at (570.7, 122.9)
2025-08-25 09:45:10 | RSUFusion.Track | DEBUG    | sort_tracker.py:100 | Updated track 3 with car at (533.4, 101.4)
2025-08-25 09:45:10 | RSUFusion.Track | DEBUG    | sort_tracker.py:100 | Updated track 4 with car at (272.2, 102.2)
2025-08-25 09:45:10 | RSUFusion.Track | DEBUG    | sort_tracker.py:100 | Updated track 6 with car at (570.7, 122.9)
2025-08-25 09:45:10 | RSUFusion.Track | DEBUG    | sort_tracker.py:100 | Updated track 3 with car at (533.4, 101.5)
2025-08-25 09:45:10 | RSUFusion.Track | DEBUG    | sort_tracker.py:100 | Updated track 4 with car at (272.3, 102.6)
2025-08-25 09:45:10 | RSUFusion.Track | DEBUG    | sort_tracker.py:100 | Updated track 6 with car at (570.7, 123.0)
2025-08-25 09:45:10 | RSUFusion.Track | DEBUG    | sort_tracker.py:100 | Updated track 3 with car at (533.4, 101.1)
2025-08-25 09:45:10 | RSUFusion.Track | DEBUG    | sort_tracker.py:100 | Updated track 4 with car at (272.3, 102.7)
2025-08-25 09:45:10 | RSUFusion.Track | DEBUG    | sort_tracker.py:100 | Updated track 6 with car at (570.7, 122.9)
2025-08-25 09:45:10 | RSUFusion.Track | DEBUG    | sort_tracker.py:100 | Updated track 3 with car at (533.3, 100.8)
2025-08-25 09:45:10 | RSUFusion.Track | DEBUG    | sort_tracker.py:100 | Updated track 4 with car at (272.3, 102.6)
2025-08-25 09:45:10 | RSUFusion.SORTTracker | DEBUG    | sort_tracker.py:303 | Deleting track 9 (too old: 31 frames)
2025-08-25 09:45:10 | RSUFusion.Track | DEBUG    | sort_tracker.py:100 | Updated track 6 with car at (570.7, 123.0)
2025-08-25 09:45:10 | RSUFusion.Track | DEBUG    | sort_tracker.py:100 | Updated track 3 with car at (533.3, 101.3)
2025-08-25 09:45:10 | RSUFusion.Track | DEBUG    | sort_tracker.py:100 | Updated track 4 with car at (272.3, 102.7)
2025-08-25 09:45:10 | RSUFusion.VisualizationProcess | DEBUG    | run_phase1.py:346 | Visualization: 46.8 FPS
2025-08-25 09:45:10 | RSUFusion.Track | DEBUG    | sort_tracker.py:100 | Updated track 6 with car at (570.7, 123.0)
2025-08-25 09:45:10 | RSUFusion.Track | DEBUG    | sort_tracker.py:100 | Updated track 3 with car at (533.3, 101.1)
2025-08-25 09:45:10 | RSUFusion.Track | DEBUG    | sort_tracker.py:100 | Updated track 4 with car at (272.3, 102.5)
2025-08-25 09:45:10 | RSUFusion.VisualizationProcess | DEBUG    | run_phase1.py:323 | Updated image (consumed 1 frames)
2025-08-25 09:45:10 | RSUFusion.Track | DEBUG    | sort_tracker.py:100 | Updated track 6 with car at (570.7, 122.9)
2025-08-25 09:45:10 | RSUFusion.Track | DEBUG    | sort_tracker.py:100 | Updated track 3 with car at (533.3, 101.3)
2025-08-25 09:45:10 | RSUFusion.Track | DEBUG    | sort_tracker.py:100 | Updated track 4 with car at (272.4, 102.5)
2025-08-25 09:45:10 | RSUFusion.Track | DEBUG    | sort_tracker.py:100 | Updated track 6 with car at (570.7, 123.0)
2025-08-25 09:45:10 | RSUFusion.Track | DEBUG    | sort_tracker.py:100 | Updated track 3 with car at (533.3, 101.3)
2025-08-25 09:45:10 | RSUFusion.Track | DEBUG    | sort_tracker.py:100 | Updated track 4 with car at (272.6, 102.3)
2025-08-25 09:45:10 | RSUFusion.CameraProcess | DEBUG    | run_phase1.py:146 | Ambulance speed: 0.0 km/h
2025-08-25 09:45:10 | RSUFusion.Track | DEBUG    | sort_tracker.py:100 | Updated track 6 with car at (570.7, 122.9)
2025-08-25 09:45:10 | RSUFusion.Track | DEBUG    | sort_tracker.py:100 | Updated track 3 with car at (533.3, 101.5)
2025-08-25 09:45:10 | RSUFusion.Track | DEBUG    | sort_tracker.py:100 | Updated track 4 with car at (272.5, 102.2)
2025-08-25 09:45:11 | RSUFusion.Track | DEBUG    | sort_tracker.py:100 | Updated track 6 with car at (570.7, 122.9)
2025-08-25 09:45:11 | RSUFusion.Track | DEBUG    | sort_tracker.py:100 | Updated track 3 with car at (533.4, 101.3)
2025-08-25 09:45:11 | RSUFusion.Track | DEBUG    | sort_tracker.py:100 | Updated track 4 with car at (272.4, 102.8)
2025-08-25 09:45:11 | RSUFusion.VisualizationProcess | DEBUG    | run_phase1.py:346 | Visualization: 52.7 FPS
2025-08-25 09:45:11 | RSUFusion.Track | DEBUG    | sort_tracker.py:100 | Updated track 6 with car at (570.7, 123.0)
2025-08-25 09:45:11 | RSUFusion.Track | DEBUG    | sort_tracker.py:100 | Updated track 3 with car at (533.3, 101.0)
2025-08-25 09:45:11 | RSUFusion.Track | DEBUG    | sort_tracker.py:100 | Updated track 4 with car at (272.6, 102.5)
2025-08-25 09:45:11 | RSUFusion.Track | DEBUG    | sort_tracker.py:100 | Updated track 6 with car at (570.7, 123.0)
2025-08-25 09:45:11 | RSUFusion.Track | DEBUG    | sort_tracker.py:100 | Updated track 3 with car at (533.3, 100.7)
2025-08-25 09:45:11 | RSUFusion.Track | DEBUG    | sort_tracker.py:100 | Updated track 4 with car at (272.4, 102.9)
2025-08-25 09:45:11 | RSUFusion.Track | DEBUG    | sort_tracker.py:100 | Updated track 6 with car at (570.7, 123.0)
2025-08-25 09:45:11 | RSUFusion.Track | DEBUG    | sort_tracker.py:100 | Updated track 3 with car at (533.3, 101.0)
2025-08-25 09:45:11 | RSUFusion.Track | DEBUG    | sort_tracker.py:100 | Updated track 4 with car at (272.6, 102.5)
2025-08-25 09:45:11 | RSUFusion.Track | DEBUG    | sort_tracker.py:100 | Updated track 6 with car at (570.7, 123.0)
2025-08-25 09:45:11 | RSUFusion.Track | DEBUG    | sort_tracker.py:100 | Updated track 3 with car at (533.3, 101.0)
2025-08-25 09:45:11 | RSUFusion.Track | DEBUG    | sort_tracker.py:100 | Updated track 4 with car at (272.6, 102.4)
2025-08-25 09:45:11 | RSUFusion.Track | DEBUG    | sort_tracker.py:100 | Updated track 6 with car at (570.7, 123.0)
2025-08-25 09:45:11 | RSUFusion.Track | DEBUG    | sort_tracker.py:100 | Updated track 3 with car at (533.3, 101.1)
2025-08-25 09:45:11 | RSUFusion.Track | DEBUG    | sort_tracker.py:100 | Updated track 4 with car at (272.7, 102.3)
2025-08-25 09:45:11 | RSUFusion.Track | DEBUG    | sort_tracker.py:100 | Updated track 6 with car at (570.8, 123.0)
2025-08-25 09:45:11 | RSUFusion.Track | DEBUG    | sort_tracker.py:100 | Updated track 3 with car at (533.3, 101.3)
2025-08-25 09:45:11 | RSUFusion.Track | DEBUG    | sort_tracker.py:100 | Updated track 4 with car at (272.8, 102.4)
2025-08-25 09:45:11 | RSUFusion.Track | DEBUG    | sort_tracker.py:100 | Updated track 6 with car at (570.7, 122.9)
2025-08-25 09:45:11 | RSUFusion.Track | DEBUG    | sort_tracker.py:100 | Updated track 3 with car at (533.3, 101.5)
2025-08-25 09:45:11 | RSUFusion.Track | DEBUG    | sort_tracker.py:100 | Updated track 4 with car at (272.7, 102.5)
2025-08-25 09:45:11 | RSUFusion.VisualizationProcess | DEBUG    | run_phase1.py:346 | Visualization: 39.7 FPS
2025-08-25 09:45:11 | RSUFusion.Track | DEBUG    | sort_tracker.py:100 | Updated track 6 with car at (570.8, 123.0)
2025-08-25 09:45:11 | RSUFusion.Track | DEBUG    | sort_tracker.py:100 | Updated track 3 with car at (533.3, 101.6)
2025-08-25 09:45:11 | RSUFusion.Track | DEBUG    | sort_tracker.py:100 | Updated track 4 with car at (272.7, 102.5)
2025-08-25 09:45:12 | RSUFusion.Track | DEBUG    | sort_tracker.py:100 | Updated track 6 with car at (570.7, 123.0)
2025-08-25 09:45:12 | RSUFusion.Track | DEBUG    | sort_tracker.py:100 | Updated track 3 with car at (533.3, 101.0)
2025-08-25 09:45:12 | RSUFusion.Track | DEBUG    | sort_tracker.py:100 | Updated track 4 with car at (272.7, 102.6)
2025-08-25 09:45:12 | RSUFusion.Track | DEBUG    | sort_tracker.py:100 | Updated track 6 with car at (570.7, 123.0)
2025-08-25 09:45:12 | RSUFusion.Track | DEBUG    | sort_tracker.py:100 | Updated track 3 with car at (533.3, 100.8)
2025-08-25 09:45:12 | RSUFusion.Track | DEBUG    | sort_tracker.py:100 | Updated track 4 with car at (272.7, 102.5)
2025-08-25 09:45:12 | RSUFusion.Track | DEBUG    | sort_tracker.py:100 | Updated track 6 with car at (570.7, 123.0)
2025-08-25 09:45:12 | RSUFusion.Track | DEBUG    | sort_tracker.py:100 | Updated track 3 with car at (533.3, 101.1)
2025-08-25 09:45:12 | RSUFusion.Track | DEBUG    | sort_tracker.py:100 | Updated track 4 with car at (272.8, 102.6)
2025-08-25 09:45:12 | RSUFusion.Track | DEBUG    | sort_tracker.py:100 | Updated track 6 with car at (570.7, 123.0)
2025-08-25 09:45:12 | RSUFusion.Track | DEBUG    | sort_tracker.py:100 | Updated track 3 with car at (533.3, 101.2)
2025-08-25 09:45:12 | RSUFusion.Track | DEBUG    | sort_tracker.py:100 | Updated track 4 with car at (272.7, 102.5)
2025-08-25 09:45:12 | RSUFusion.Track | DEBUG    | sort_tracker.py:100 | Updated track 6 with car at (570.7, 123.0)
2025-08-25 09:45:12 | RSUFusion.Track | DEBUG    | sort_tracker.py:100 | Updated track 3 with car at (533.3, 101.2)
2025-08-25 09:45:12 | RSUFusion.Track | DEBUG    | sort_tracker.py:100 | Updated track 4 with car at (272.8, 102.4)
2025-08-25 09:45:12 | RSUFusion.YOLODetector | DEBUG    | yolo_detector.py:155 | Detection performance: 55.6 FPS, 3 objects detected
2025-08-25 09:45:12 | RSUFusion.DetectionProcess | DEBUG    | run_phase1.py:198 | Detection: 57.1 FPS, 1047 detections processed
2025-08-25 09:45:12 | RSUFusion.Track | DEBUG    | sort_tracker.py:100 | Updated track 6 with car at (570.7, 123.0)
2025-08-25 09:45:12 | RSUFusion.Track | DEBUG    | sort_tracker.py:100 | Updated track 3 with car at (533.3, 101.2)
2025-08-25 09:45:12 | RSUFusion.Track | DEBUG    | sort_tracker.py:100 | Updated track 4 with car at (272.8, 102.5)
2025-08-25 09:45:12 | RSUFusion.SORTTracker | DEBUG    | sort_tracker.py:303 | Deleting track 10 (too old: 31 frames)
2025-08-25 09:45:12 | RSUFusion.SORTTracker | DEBUG    | sort_tracker.py:208 | SORT performance: 1.2ms/frame, 4 confirmed tracks
2025-08-25 09:45:12 | RSUFusion.TrackingProcess | DEBUG    | run_phase1.py:268 | Tracking: 4 confirmed tracks
2025-08-25 09:45:12 | RSUFusion.VisualizationProcess | DEBUG    | run_phase1.py:346 | Visualization: 39.5 FPS
2025-08-25 09:45:12 | RSUFusion.Track | DEBUG    | sort_tracker.py:100 | Updated track 6 with car at (570.7, 122.9)
2025-08-25 09:45:12 | RSUFusion.Track | DEBUG    | sort_tracker.py:100 | Updated track 3 with car at (533.2, 101.7)
2025-08-25 09:45:12 | RSUFusion.Track | DEBUG    | sort_tracker.py:100 | Updated track 4 with car at (272.7, 102.5)
2025-08-25 09:45:12 | RSUFusion.Track | DEBUG    | sort_tracker.py:100 | Updated track 6 with car at (570.7, 122.9)
2025-08-25 09:45:12 | RSUFusion.Track | DEBUG    | sort_tracker.py:100 | Updated track 3 with car at (533.3, 101.4)
2025-08-25 09:45:12 | RSUFusion.Track | DEBUG    | sort_tracker.py:100 | Updated track 4 with car at (272.7, 103.0)
2025-08-25 09:45:12 | RSUFusion.Track | DEBUG    | sort_tracker.py:100 | Updated track 6 with car at (570.7, 122.9)
2025-08-25 09:45:12 | RSUFusion.Track | DEBUG    | sort_tracker.py:100 | Updated track 3 with car at (533.2, 101.0)
2025-08-25 09:45:12 | RSUFusion.Track | DEBUG    | sort_tracker.py:100 | Updated track 4 with car at (272.8, 102.6)
2025-08-25 09:45:12 | RSUFusion.Track | DEBUG    | sort_tracker.py:100 | Updated track 6 with car at (570.7, 123.0)
2025-08-25 09:45:12 | RSUFusion.Track | DEBUG    | sort_tracker.py:100 | Updated track 3 with car at (533.2, 101.0)
2025-08-25 09:45:12 | RSUFusion.Track | DEBUG    | sort_tracker.py:100 | Updated track 4 with car at (272.8, 102.5)
2025-08-25 09:45:13 | RSUFusion.Track | DEBUG    | sort_tracker.py:100 | Updated track 6 with car at (570.7, 123.0)
2025-08-25 09:45:13 | RSUFusion.Track | DEBUG    | sort_tracker.py:100 | Updated track 3 with car at (533.2, 101.2)
2025-08-25 09:45:13 | RSUFusion.Track | DEBUG    | sort_tracker.py:100 | Updated track 4 with car at (272.9, 102.6)
2025-08-25 09:45:13 | RSUFusion.Track | DEBUG    | sort_tracker.py:100 | Updated track 6 with car at (570.7, 123.0)
2025-08-25 09:45:13 | RSUFusion.Track | DEBUG    | sort_tracker.py:100 | Updated track 3 with car at (533.2, 101.5)
2025-08-25 09:45:13 | RSUFusion.Track | DEBUG    | sort_tracker.py:100 | Updated track 4 with car at (272.9, 102.5)
2025-08-25 09:45:13 | RSUFusion.Track | DEBUG    | sort_tracker.py:100 | Updated track 6 with car at (570.7, 122.9)
2025-08-25 09:45:13 | RSUFusion.Track | DEBUG    | sort_tracker.py:100 | Updated track 3 with car at (533.2, 101.7)
2025-08-25 09:45:13 | RSUFusion.Track | DEBUG    | sort_tracker.py:100 | Updated track 4 with car at (273.0, 102.4)
2025-08-25 09:45:13 | RSUFusion.SORTTracker | DEBUG    | sort_tracker.py:303 | Deleting track 11 (too old: 31 frames)
2025-08-25 09:45:13 | RSUFusion.VisualizationProcess | DEBUG    | run_phase1.py:346 | Visualization: 39.1 FPS
2025-08-25 09:45:13 | RSUFusion.Track | DEBUG    | sort_tracker.py:100 | Updated track 6 with car at (570.7, 123.0)
2025-08-25 09:45:13 | RSUFusion.Track | DEBUG    | sort_tracker.py:100 | Updated track 3 with car at (533.2, 101.5)
2025-08-25 09:45:13 | RSUFusion.Track | DEBUG    | sort_tracker.py:100 | Updated track 4 with car at (272.9, 102.7)
2025-08-25 09:45:13 | RSUFusion.Track | DEBUG    | sort_tracker.py:100 | Updated track 6 with car at (570.7, 122.9)
2025-08-25 09:45:13 | RSUFusion.Track | DEBUG    | sort_tracker.py:100 | Updated track 3 with car at (533.2, 101.7)
2025-08-25 09:45:13 | RSUFusion.Track | DEBUG    | sort_tracker.py:100 | Updated track 4 with car at (272.9, 102.7)
2025-08-25 09:45:13 | RSUFusion.Track | DEBUG    | sort_tracker.py:100 | Updated track 6 with car at (570.7, 122.9)
2025-08-25 09:45:13 | RSUFusion.Track | DEBUG    | sort_tracker.py:100 | Updated track 3 with car at (533.3, 101.8)
2025-08-25 09:45:13 | RSUFusion.Track | DEBUG    | sort_tracker.py:100 | Updated track 4 with car at (272.9, 102.7)
2025-08-25 09:45:13 | RSUFusion.Track | DEBUG    | sort_tracker.py:100 | Updated track 6 with car at (570.7, 122.9)
2025-08-25 09:45:13 | RSUFusion.Track | DEBUG    | sort_tracker.py:100 | Updated track 3 with car at (533.2, 101.2)
2025-08-25 09:45:13 | RSUFusion.Track | DEBUG    | sort_tracker.py:100 | Updated track 4 with car at (272.9, 102.7)
2025-08-25 09:45:13 | RSUFusion.Track | DEBUG    | sort_tracker.py:100 | Updated track 6 with car at (570.7, 123.0)
2025-08-25 09:45:13 | RSUFusion.Track | DEBUG    | sort_tracker.py:100 | Updated track 3 with car at (533.2, 101.0)
2025-08-25 09:45:13 | RSUFusion.Track | DEBUG    | sort_tracker.py:100 | Updated track 4 with car at (272.9, 102.6)
2025-08-25 09:45:13 | RSUFusion.Track | DEBUG    | sort_tracker.py:100 | Updated track 6 with car at (570.7, 123.0)
2025-08-25 09:45:13 | RSUFusion.Track | DEBUG    | sort_tracker.py:100 | Updated track 3 with car at (533.2, 101.1)
2025-08-25 09:45:13 | RSUFusion.Track | DEBUG    | sort_tracker.py:100 | Updated track 4 with car at (272.9, 102.8)
2025-08-25 09:45:14 | RSUFusion.Track | DEBUG    | sort_tracker.py:100 | Updated track 6 with car at (570.7, 123.0)
2025-08-25 09:45:14 | RSUFusion.Track | DEBUG    | sort_tracker.py:100 | Updated track 3 with car at (533.2, 101.3)
2025-08-25 09:45:14 | RSUFusion.Track | DEBUG    | sort_tracker.py:100 | Updated track 4 with car at (272.9, 102.7)
2025-08-25 09:45:14 | RSUFusion.CameraProcess | DEBUG    | run_phase1.py:146 | Ambulance speed: 0.0 km/h
2025-08-25 09:45:14 | RSUFusion.VisualizationProcess | DEBUG    | run_phase1.py:346 | Visualization: 42.5 FPS
2025-08-25 09:45:14 | RSUFusion.Track | DEBUG    | sort_tracker.py:100 | Updated track 6 with car at (570.7, 123.0)
2025-08-25 09:45:14 | RSUFusion.Track | DEBUG    | sort_tracker.py:100 | Updated track 3 with car at (533.3, 101.5)
2025-08-25 09:45:14 | RSUFusion.Track | DEBUG    | sort_tracker.py:100 | Updated track 4 with car at (273.0, 102.5)
2025-08-25 09:45:14 | RSUFusion.Track | DEBUG    | sort_tracker.py:100 | Updated track 6 with car at (570.7, 123.0)
2025-08-25 09:45:14 | RSUFusion.Track | DEBUG    | sort_tracker.py:100 | Updated track 3 with car at (533.2, 101.4)
2025-08-25 09:45:14 | RSUFusion.Track | DEBUG    | sort_tracker.py:100 | Updated track 4 with car at (272.9, 102.6)
2025-08-25 09:45:14 | RSUFusion.Track | DEBUG    | sort_tracker.py:100 | Updated track 6 with car at (570.7, 122.9)
2025-08-25 09:45:14 | RSUFusion.Track | DEBUG    | sort_tracker.py:100 | Updated track 3 with car at (533.2, 101.7)
2025-08-25 09:45:14 | RSUFusion.Track | DEBUG    | sort_tracker.py:100 | Updated track 4 with car at (272.8, 102.6)
2025-08-25 09:45:14 | RSUFusion.Track | DEBUG    | sort_tracker.py:100 | Updated track 6 with car at (570.7, 122.9)
2025-08-25 09:45:14 | RSUFusion.Track | DEBUG    | sort_tracker.py:100 | Updated track 3 with car at (533.2, 101.5)
2025-08-25 09:45:14 | RSUFusion.Track | DEBUG    | sort_tracker.py:100 | Updated track 4 with car at (273.0, 102.7)
2025-08-25 09:45:14 | RSUFusion.Track | DEBUG    | sort_tracker.py:100 | Updated track 6 with car at (570.6, 123.0)
2025-08-25 09:45:14 | RSUFusion.Track | DEBUG    | sort_tracker.py:100 | Updated track 3 with car at (533.1, 101.1)
2025-08-25 09:45:14 | RSUFusion.Track | DEBUG    | sort_tracker.py:100 | Updated track 4 with car at (273.0, 102.5)
2025-08-25 09:45:14 | RSUFusion.Track | DEBUG    | sort_tracker.py:100 | Updated track 6 with car at (570.7, 122.9)
2025-08-25 09:45:14 | RSUFusion.Track | DEBUG    | sort_tracker.py:100 | Updated track 3 with car at (533.1, 101.0)
2025-08-25 09:45:14 | RSUFusion.Track | DEBUG    | sort_tracker.py:100 | Updated track 4 with car at (273.0, 102.4)
2025-08-25 09:45:14 | RSUFusion.Track | DEBUG    | sort_tracker.py:100 | Updated track 6 with car at (570.7, 123.0)
2025-08-25 09:45:14 | RSUFusion.Track | DEBUG    | sort_tracker.py:100 | Updated track 3 with car at (533.2, 101.2)
2025-08-25 09:45:14 | RSUFusion.Track | DEBUG    | sort_tracker.py:100 | Updated track 4 with car at (272.9, 102.5)
2025-08-25 09:45:14 | RSUFusion.VisualizationProcess | DEBUG    | run_phase1.py:346 | Visualization: 40.5 FPS
2025-08-25 09:45:14 | RSUFusion.Track | DEBUG    | sort_tracker.py:100 | Updated track 6 with car at (570.7, 123.0)
2025-08-25 09:45:14 | RSUFusion.Track | DEBUG    | sort_tracker.py:100 | Updated track 3 with car at (533.2, 101.4)
2025-08-25 09:45:14 | RSUFusion.Track | DEBUG    | sort_tracker.py:100 | Updated track 4 with car at (273.0, 102.4)
2025-08-25 09:45:15 | RSUFusion.Track | DEBUG    | sort_tracker.py:100 | Updated track 6 with car at (570.7, 123.0)
2025-08-25 09:45:15 | RSUFusion.Track | DEBUG    | sort_tracker.py:100 | Updated track 3 with car at (533.2, 101.4)
2025-08-25 09:45:15 | RSUFusion.Track | DEBUG    | sort_tracker.py:100 | Updated track 4 with car at (273.0, 102.2)
2025-08-25 09:45:15 | RSUFusion.Track | DEBUG    | sort_tracker.py:100 | Updated track 6 with car at (570.7, 122.9)
2025-08-25 09:45:15 | RSUFusion.Track | DEBUG    | sort_tracker.py:100 | Updated track 3 with car at (533.2, 101.3)
2025-08-25 09:45:15 | RSUFusion.Track | DEBUG    | sort_tracker.py:100 | Updated track 4 with car at (272.9, 102.4)
2025-08-25 09:45:15 | RSUFusion.Track | DEBUG    | sort_tracker.py:100 | Updated track 6 with car at (570.7, 122.9)
2025-08-25 09:45:15 | RSUFusion.Track | DEBUG    | sort_tracker.py:100 | Updated track 3 with car at (533.1, 101.5)
2025-08-25 09:45:15 | RSUFusion.Track | DEBUG    | sort_tracker.py:100 | Updated track 4 with car at (272.9, 102.4)
2025-08-25 09:45:15 | RSUFusion.Track | DEBUG    | sort_tracker.py:100 | Updated track 6 with car at (570.7, 122.9)
2025-08-25 09:45:15 | RSUFusion.Track | DEBUG    | sort_tracker.py:100 | Updated track 3 with car at (533.2, 101.5)
2025-08-25 09:45:15 | RSUFusion.Track | DEBUG    | sort_tracker.py:100 | Updated track 4 with car at (273.0, 102.6)
2025-08-25 09:45:15 | RSUFusion.Track | DEBUG    | sort_tracker.py:100 | Updated track 6 with car at (570.7, 122.9)
2025-08-25 09:45:15 | RSUFusion.Track | DEBUG    | sort_tracker.py:100 | Updated track 3 with car at (533.1, 101.1)
2025-08-25 09:45:15 | RSUFusion.Track | DEBUG    | sort_tracker.py:100 | Updated track 4 with car at (273.0, 102.5)
2025-08-25 09:45:15 | RSUFusion.VisualizationProcess | DEBUG    | run_phase1.py:346 | Visualization: 43.4 FPS
2025-08-25 09:45:15 | RSUFusion.Track | DEBUG    | sort_tracker.py:100 | Updated track 6 with car at (570.7, 123.0)
2025-08-25 09:45:15 | RSUFusion.Track | DEBUG    | sort_tracker.py:100 | Updated track 3 with car at (533.1, 101.0)
2025-08-25 09:45:15 | RSUFusion.Track | DEBUG    | sort_tracker.py:100 | Updated track 4 with car at (272.7, 103.0)
2025-08-25 09:45:15 | RSUFusion.Track | DEBUG    | sort_tracker.py:100 | Updated track 6 with car at (570.7, 123.0)
2025-08-25 09:45:15 | RSUFusion.Track | DEBUG    | sort_tracker.py:100 | Updated track 3 with car at (533.1, 101.2)
2025-08-25 09:45:15 | RSUFusion.Track | DEBUG    | sort_tracker.py:100 | Updated track 4 with car at (273.0, 102.5)
2025-08-25 09:45:15 | RSUFusion.YOLODetector | DEBUG    | yolo_detector.py:155 | Detection performance: 53.2 FPS, 3 objects detected
2025-08-25 09:45:15 | RSUFusion.DetectionProcess | DEBUG    | run_phase1.py:198 | Detection: 56.4 FPS, 1137 detections processed
2025-08-25 09:45:15 | RSUFusion.Track | DEBUG    | sort_tracker.py:100 | Updated track 6 with car at (570.7, 123.0)
2025-08-25 09:45:15 | RSUFusion.Track | DEBUG    | sort_tracker.py:100 | Updated track 3 with car at (533.1, 101.3)
2025-08-25 09:45:15 | RSUFusion.Track | DEBUG    | sort_tracker.py:100 | Updated track 4 with car at (273.0, 102.4)
2025-08-25 09:45:15 | RSUFusion.SORTTracker | DEBUG    | sort_tracker.py:208 | SORT performance: 0.9ms/frame, 3 confirmed tracks
2025-08-25 09:45:15 | RSUFusion.TrackingProcess | DEBUG    | run_phase1.py:268 | Tracking: 3 confirmed tracks
2025-08-25 09:45:15 | RSUFusion.Track | DEBUG    | sort_tracker.py:100 | Updated track 6 with car at (570.7, 122.9)
2025-08-25 09:45:15 | RSUFusion.Track | DEBUG    | sort_tracker.py:100 | Updated track 3 with car at (533.1, 101.5)
2025-08-25 09:45:15 | RSUFusion.Track | DEBUG    | sort_tracker.py:100 | Updated track 4 with car at (273.1, 102.2)
2025-08-25 09:45:16 | RSUFusion.Track | DEBUG    | sort_tracker.py:100 | Updated track 6 with car at (570.7, 122.9)
2025-08-25 09:45:16 | RSUFusion.Track | DEBUG    | sort_tracker.py:100 | Updated track 3 with car at (533.1, 101.3)
2025-08-25 09:45:16 | RSUFusion.Track | DEBUG    | sort_tracker.py:100 | Updated track 4 with car at (273.1, 102.4)
2025-08-25 09:45:16 | RSUFusion.Track | DEBUG    | sort_tracker.py:100 | Updated track 6 with car at (570.7, 122.9)
2025-08-25 09:45:16 | RSUFusion.Track | DEBUG    | sort_tracker.py:100 | Updated track 3 with car at (533.1, 101.5)
2025-08-25 09:45:16 | RSUFusion.Track | DEBUG    | sort_tracker.py:100 | Updated track 4 with car at (273.0, 102.4)
2025-08-25 09:45:16 | RSUFusion.Track | DEBUG    | sort_tracker.py:100 | Updated track 6 with car at (570.7, 122.9)
2025-08-25 09:45:16 | RSUFusion.Track | DEBUG    | sort_tracker.py:100 | Updated track 3 with car at (533.1, 101.4)
2025-08-25 09:45:16 | RSUFusion.Track | DEBUG    | sort_tracker.py:100 | Updated track 4 with car at (273.1, 102.5)
2025-08-25 09:45:16 | RSUFusion.VisualizationProcess | DEBUG    | run_phase1.py:346 | Visualization: 43.0 FPS
2025-08-25 09:45:16 | RSUFusion.Track | DEBUG    | sort_tracker.py:100 | Updated track 6 with car at (570.6, 122.9)
2025-08-25 09:45:16 | RSUFusion.Track | DEBUG    | sort_tracker.py:100 | Updated track 3 with car at (533.0, 101.2)
2025-08-25 09:45:16 | RSUFusion.Track | DEBUG    | sort_tracker.py:100 | Updated track 4 with car at (273.0, 102.5)
2025-08-25 09:45:16 | RSUFusion.Track | DEBUG    | sort_tracker.py:100 | Updated track 6 with car at (570.7, 122.9)
2025-08-25 09:45:16 | RSUFusion.Track | DEBUG    | sort_tracker.py:100 | Updated track 3 with car at (533.0, 101.1)
2025-08-25 09:45:16 | RSUFusion.Track | DEBUG    | sort_tracker.py:100 | Updated track 4 with car at (273.1, 102.4)
2025-08-25 09:45:16 | RSUFusion.Track | DEBUG    | sort_tracker.py:100 | Updated track 6 with car at (570.7, 123.0)
2025-08-25 09:45:16 | RSUFusion.Track | DEBUG    | sort_tracker.py:100 | Updated track 3 with car at (533.0, 101.3)
2025-08-25 09:45:16 | RSUFusion.Track | DEBUG    | sort_tracker.py:100 | Updated track 4 with car at (273.0, 102.7)
2025-08-25 09:45:16 | RSUFusion.Track | DEBUG    | sort_tracker.py:100 | Updated track 6 with car at (570.7, 123.0)
2025-08-25 09:45:16 | RSUFusion.Track | DEBUG    | sort_tracker.py:100 | Updated track 3 with car at (533.0, 101.4)
2025-08-25 09:45:16 | RSUFusion.Track | DEBUG    | sort_tracker.py:100 | Updated track 4 with car at (273.1, 102.4)
2025-08-25 09:45:16 | RSUFusion.Track | DEBUG    | sort_tracker.py:100 | Updated track 6 with car at (570.7, 122.9)
2025-08-25 09:45:16 | RSUFusion.Track | DEBUG    | sort_tracker.py:100 | Updated track 3 with car at (533.1, 101.5)
2025-08-25 09:45:16 | RSUFusion.Track | DEBUG    | sort_tracker.py:100 | Updated track 4 with car at (273.1, 102.3)
2025-08-25 09:45:16 | RSUFusion.Track | DEBUG    | sort_tracker.py:100 | Updated track 6 with car at (570.7, 123.0)
2025-08-25 09:45:16 | RSUFusion.Track | DEBUG    | sort_tracker.py:100 | Updated track 3 with car at (533.1, 101.5)
2025-08-25 09:45:16 | RSUFusion.Track | DEBUG    | sort_tracker.py:100 | Updated track 4 with car at (273.1, 102.5)
2025-08-25 09:45:16 | RSUFusion.VisualizationProcess | DEBUG    | run_phase1.py:346 | Visualization: 45.1 FPS
2025-08-25 09:45:16 | RSUFusion.Track | DEBUG    | sort_tracker.py:100 | Updated track 6 with car at (570.7, 122.9)
2025-08-25 09:45:16 | RSUFusion.Track | DEBUG    | sort_tracker.py:100 | Updated track 3 with car at (533.0, 101.8)
2025-08-25 09:45:16 | RSUFusion.Track | DEBUG    | sort_tracker.py:100 | Updated track 4 with car at (273.0, 102.5)
2025-08-25 09:45:17 | RSUFusion.Track | DEBUG    | sort_tracker.py:100 | Updated track 6 with car at (570.7, 122.9)
2025-08-25 09:45:17 | RSUFusion.Track | DEBUG    | sort_tracker.py:100 | Updated track 3 with car at (533.1, 101.5)
2025-08-25 09:45:17 | RSUFusion.Track | DEBUG    | sort_tracker.py:100 | Updated track 4 with car at (273.1, 102.6)
2025-08-25 09:45:17 | RSUFusion.Track | DEBUG    | sort_tracker.py:100 | Updated track 6 with car at (570.7, 123.0)
2025-08-25 09:45:17 | RSUFusion.Track | DEBUG    | sort_tracker.py:100 | Updated track 3 with car at (533.0, 101.2)
2025-08-25 09:45:17 | RSUFusion.Track | DEBUG    | sort_tracker.py:100 | Updated track 4 with car at (273.1, 102.6)
2025-08-25 09:45:17 | RSUFusion.Track | DEBUG    | sort_tracker.py:100 | Updated track 6 with car at (570.7, 122.9)
2025-08-25 09:45:17 | RSUFusion.Track | DEBUG    | sort_tracker.py:100 | Updated track 3 with car at (532.9, 101.2)
2025-08-25 09:45:17 | RSUFusion.Track | DEBUG    | sort_tracker.py:100 | Updated track 4 with car at (273.1, 102.5)
2025-08-25 09:45:17 | RSUFusion.CameraProcess | DEBUG    | run_phase1.py:146 | Ambulance speed: 0.0 km/h
2025-08-25 09:45:17 | RSUFusion.Track | DEBUG    | sort_tracker.py:100 | Updated track 6 with car at (570.7, 123.0)
2025-08-25 09:45:17 | RSUFusion.Track | DEBUG    | sort_tracker.py:100 | Updated track 3 with car at (532.9, 101.3)
2025-08-25 09:45:17 | RSUFusion.Track | DEBUG    | sort_tracker.py:100 | Updated track 4 with car at (273.1, 102.6)
2025-08-25 09:45:17 | RSUFusion.Track | DEBUG    | sort_tracker.py:100 | Updated track 6 with car at (570.7, 123.0)
2025-08-25 09:45:17 | RSUFusion.Track | DEBUG    | sort_tracker.py:100 | Updated track 3 with car at (533.0, 101.4)
2025-08-25 09:45:17 | RSUFusion.Track | DEBUG    | sort_tracker.py:100 | Updated track 4 with car at (273.1, 102.4)
2025-08-25 09:45:17 | RSUFusion.VisualizationProcess | DEBUG    | run_phase1.py:346 | Visualization: 46.7 FPS
2025-08-25 09:45:17 | RSUFusion.Track | DEBUG    | sort_tracker.py:100 | Updated track 6 with car at (570.7, 122.9)
2025-08-25 09:45:17 | RSUFusion.Track | DEBUG    | sort_tracker.py:100 | Updated track 3 with car at (533.1, 101.5)
2025-08-25 09:45:17 | RSUFusion.Track | DEBUG    | sort_tracker.py:100 | Updated track 4 with car at (273.1, 102.3)
2025-08-25 09:45:17 | RSUFusion.Track | DEBUG    | sort_tracker.py:100 | Updated track 6 with car at (570.7, 122.9)
2025-08-25 09:45:17 | RSUFusion.Track | DEBUG    | sort_tracker.py:100 | Updated track 3 with car at (533.1, 101.7)
2025-08-25 09:45:17 | RSUFusion.Track | DEBUG    | sort_tracker.py:100 | Updated track 4 with car at (273.1, 102.5)
2025-08-25 09:45:17 | RSUFusion.Track | DEBUG    | sort_tracker.py:100 | Updated track 6 with car at (570.6, 122.9)
2025-08-25 09:45:17 | RSUFusion.Track | DEBUG    | sort_tracker.py:100 | Updated track 3 with car at (533.0, 102.0)
2025-08-25 09:45:17 | RSUFusion.Track | DEBUG    | sort_tracker.py:100 | Updated track 4 with car at (273.1, 102.5)
2025-08-25 09:45:17 | RSUFusion.Track | DEBUG    | sort_tracker.py:100 | Updated track 6 with car at (570.7, 123.0)
2025-08-25 09:45:17 | RSUFusion.Track | DEBUG    | sort_tracker.py:100 | Updated track 3 with car at (533.0, 101.7)
2025-08-25 09:45:17 | RSUFusion.Track | DEBUG    | sort_tracker.py:100 | Updated track 4 with car at (273.2, 102.6)
2025-08-25 09:45:18 | RSUFusion.Track | DEBUG    | sort_tracker.py:100 | Updated track 6 with car at (570.6, 123.0)
2025-08-25 09:45:18 | RSUFusion.Track | DEBUG    | sort_tracker.py:100 | Updated track 3 with car at (532.9, 101.3)
2025-08-25 09:45:18 | RSUFusion.Track | DEBUG    | sort_tracker.py:100 | Updated track 4 with car at (273.1, 102.6)
2025-08-25 09:45:18 | RSUFusion.Track | DEBUG    | sort_tracker.py:100 | Updated track 6 with car at (570.7, 122.9)
2025-08-25 09:45:18 | RSUFusion.Track | DEBUG    | sort_tracker.py:100 | Updated track 3 with car at (532.9, 100.9)
2025-08-25 09:45:18 | RSUFusion.Track | DEBUG    | sort_tracker.py:100 | Updated track 4 with car at (273.2, 102.6)
2025-08-25 09:45:18 | RSUFusion.VisualizationProcess | DEBUG    | run_phase1.py:346 | Visualization: 41.5 FPS
2025-08-25 09:45:18 | RSUFusion.Track | DEBUG    | sort_tracker.py:100 | Updated track 6 with car at (570.7, 123.0)
2025-08-25 09:45:18 | RSUFusion.Track | DEBUG    | sort_tracker.py:100 | Updated track 3 with car at (533.0, 101.2)
2025-08-25 09:45:18 | RSUFusion.Track | DEBUG    | sort_tracker.py:100 | Updated track 4 with car at (273.2, 102.6)
2025-08-25 09:45:18 | RSUFusion.Track | DEBUG    | sort_tracker.py:100 | Updated track 6 with car at (570.7, 123.0)
2025-08-25 09:45:18 | RSUFusion.Track | DEBUG    | sort_tracker.py:100 | Updated track 3 with car at (533.0, 101.4)
2025-08-25 09:45:18 | RSUFusion.Track | DEBUG    | sort_tracker.py:100 | Updated track 4 with car at (273.1, 102.5)
2025-08-25 09:45:18 | RSUFusion.Track | DEBUG    | sort_tracker.py:100 | Updated track 6 with car at (570.7, 123.0)
2025-08-25 09:45:18 | RSUFusion.Track | DEBUG    | sort_tracker.py:100 | Updated track 3 with car at (533.0, 101.5)
2025-08-25 09:45:18 | RSUFusion.Track | DEBUG    | sort_tracker.py:100 | Updated track 4 with car at (273.2, 102.3)
2025-08-25 09:45:18 | RSUFusion.Track | DEBUG    | sort_tracker.py:100 | Updated track 6 with car at (570.7, 123.0)
2025-08-25 09:45:18 | RSUFusion.Track | DEBUG    | sort_tracker.py:100 | Updated track 3 with car at (533.0, 101.5)
2025-08-25 09:45:18 | RSUFusion.Track | DEBUG    | sort_tracker.py:100 | Updated track 4 with car at (273.2, 102.6)
2025-08-25 09:45:18 | RSUFusion.Track | DEBUG    | sort_tracker.py:100 | Updated track 6 with car at (570.7, 122.9)
2025-08-25 09:45:18 | RSUFusion.Track | DEBUG    | sort_tracker.py:100 | Updated track 3 with car at (533.0, 102.1)
2025-08-25 09:45:18 | RSUFusion.Track | DEBUG    | sort_tracker.py:100 | Updated track 4 with car at (273.1, 102.5)
2025-08-25 09:45:18 | RSUFusion.Track | DEBUG    | sort_tracker.py:100 | Updated track 6 with car at (570.7, 123.0)
2025-08-25 09:45:18 | RSUFusion.Track | DEBUG    | sort_tracker.py:100 | Updated track 3 with car at (533.0, 101.7)
2025-08-25 09:45:18 | RSUFusion.Track | DEBUG    | sort_tracker.py:100 | Updated track 4 with car at (273.2, 102.5)
2025-08-25 09:45:18 | RSUFusion.Track | DEBUG    | sort_tracker.py:100 | Updated track 6 with car at (570.6, 122.9)
2025-08-25 09:45:18 | RSUFusion.Track | DEBUG    | sort_tracker.py:100 | Updated track 3 with car at (532.9, 101.2)
2025-08-25 09:45:18 | RSUFusion.Track | DEBUG    | sort_tracker.py:100 | Updated track 4 with car at (273.2, 102.6)
2025-08-25 09:45:18 | RSUFusion.VisualizationProcess | DEBUG    | run_phase1.py:346 | Visualization: 45.0 FPS
2025-08-25 09:45:19 | RSUFusion.YOLODetector | DEBUG    | yolo_detector.py:155 | Detection performance: 59.5 FPS, 3 objects detected
2025-08-25 09:45:19 | RSUFusion.DetectionProcess | DEBUG    | run_phase1.py:198 | Detection: 56.5 FPS, 1227 detections processed
2025-08-25 09:45:19 | RSUFusion.Track | DEBUG    | sort_tracker.py:100 | Updated track 6 with car at (570.7, 122.9)
2025-08-25 09:45:19 | RSUFusion.Track | DEBUG    | sort_tracker.py:100 | Updated track 3 with car at (532.8, 101.1)
2025-08-25 09:45:19 | RSUFusion.Track | DEBUG    | sort_tracker.py:100 | Updated track 4 with car at (273.2, 102.6)
2025-08-25 09:45:19 | RSUFusion.SORTTracker | DEBUG    | sort_tracker.py:208 | SORT performance: 0.9ms/frame, 3 confirmed tracks
2025-08-25 09:45:19 | RSUFusion.TrackingProcess | DEBUG    | run_phase1.py:268 | Tracking: 3 confirmed tracks
2025-08-25 09:45:19 | RSUFusion.Track | DEBUG    | sort_tracker.py:100 | Updated track 6 with car at (570.7, 123.1)
2025-08-25 09:45:19 | RSUFusion.Track | DEBUG    | sort_tracker.py:100 | Updated track 3 with car at (532.9, 101.3)
2025-08-25 09:45:19 | RSUFusion.Track | DEBUG    | sort_tracker.py:100 | Updated track 4 with car at (273.0, 102.9)
2025-08-25 09:45:19 | RSUFusion.Track | DEBUG    | sort_tracker.py:100 | Updated track 6 with car at (570.6, 123.0)
2025-08-25 09:45:19 | RSUFusion.Track | DEBUG    | sort_tracker.py:100 | Updated track 3 with car at (532.9, 101.4)
2025-08-25 09:45:19 | RSUFusion.Track | DEBUG    | sort_tracker.py:100 | Updated track 4 with car at (273.3, 102.4)
2025-08-25 09:45:19 | RSUFusion.Track | DEBUG    | sort_tracker.py:100 | Updated track 6 with car at (570.7, 123.0)
2025-08-25 09:45:19 | RSUFusion.Track | DEBUG    | sort_tracker.py:100 | Updated track 3 with car at (532.9, 101.6)
2025-08-25 09:45:19 | RSUFusion.Track | DEBUG    | sort_tracker.py:100 | Updated track 4 with car at (273.2, 102.3)
2025-08-25 09:45:19 | RSUFusion.Track | DEBUG    | sort_tracker.py:100 | Updated track 6 with car at (570.7, 123.0)
2025-08-25 09:45:19 | RSUFusion.Track | DEBUG    | sort_tracker.py:100 | Updated track 3 with car at (533.0, 101.6)
2025-08-25 09:45:19 | RSUFusion.Track | DEBUG    | sort_tracker.py:100 | Updated track 4 with car at (273.2, 102.5)
2025-08-25 09:45:19 | RSUFusion.Track | DEBUG    | sort_tracker.py:100 | Updated track 6 with car at (570.7, 122.9)
2025-08-25 09:45:19 | RSUFusion.Track | DEBUG    | sort_tracker.py:100 | Updated track 3 with car at (532.8, 101.8)
2025-08-25 09:45:19 | RSUFusion.Track | DEBUG    | sort_tracker.py:100 | Updated track 4 with car at (273.1, 102.4)
2025-08-25 09:45:19 | RSUFusion.VisualizationProcess | DEBUG    | run_phase1.py:346 | Visualization: 45.5 FPS
2025-08-25 09:45:19 | RSUFusion.Track | DEBUG    | sort_tracker.py:100 | Updated track 6 with car at (570.7, 123.0)
2025-08-25 09:45:19 | RSUFusion.Track | DEBUG    | sort_tracker.py:100 | Updated track 3 with car at (532.9, 101.7)
2025-08-25 09:45:19 | RSUFusion.Track | DEBUG    | sort_tracker.py:100 | Updated track 4 with car at (273.2, 102.5)
2025-08-25 09:45:19 | RSUFusion.Track | DEBUG    | sort_tracker.py:100 | Updated track 6 with car at (570.6, 122.9)
2025-08-25 09:45:19 | RSUFusion.Track | DEBUG    | sort_tracker.py:100 | Updated track 3 with car at (532.8, 101.2)
2025-08-25 09:45:19 | RSUFusion.Track | DEBUG    | sort_tracker.py:100 | Updated track 4 with car at (273.2, 102.5)
2025-08-25 09:45:19 | RSUFusion.Track | DEBUG    | sort_tracker.py:100 | Updated track 6 with car at (570.7, 123.0)
2025-08-25 09:45:19 | RSUFusion.Track | DEBUG    | sort_tracker.py:100 | Updated track 3 with car at (532.7, 101.0)
2025-08-25 09:45:19 | RSUFusion.Track | DEBUG    | sort_tracker.py:100 | Updated track 4 with car at (273.0, 103.2)
2025-08-25 09:45:19 | RSUFusion.Track | DEBUG    | sort_tracker.py:100 | Updated track 6 with car at (570.7, 123.1)
2025-08-25 09:45:19 | RSUFusion.Track | DEBUG    | sort_tracker.py:100 | Updated track 3 with car at (532.8, 101.2)
2025-08-25 09:45:19 | RSUFusion.Track | DEBUG    | sort_tracker.py:100 | Updated track 4 with car at (273.1, 103.0)
2025-08-25 09:45:20 | RSUFusion.Track | DEBUG    | sort_tracker.py:100 | Updated track 6 with car at (570.7, 123.0)
2025-08-25 09:45:20 | RSUFusion.Track | DEBUG    | sort_tracker.py:100 | Updated track 3 with car at (532.8, 101.3)
2025-08-25 09:45:20 | RSUFusion.Track | DEBUG    | sort_tracker.py:100 | Updated track 4 with car at (273.1, 102.8)
2025-08-25 09:45:20 | RSUFusion.Track | DEBUG    | sort_tracker.py:100 | Updated track 6 with car at (570.7, 123.0)
2025-08-25 09:45:20 | RSUFusion.Track | DEBUG    | sort_tracker.py:100 | Updated track 3 with car at (532.8, 101.5)
2025-08-25 09:45:20 | RSUFusion.Track | DEBUG    | sort_tracker.py:100 | Updated track 4 with car at (273.1, 102.8)
2025-08-25 09:45:20 | RSUFusion.VisualizationProcess | DEBUG    | run_phase1.py:346 | Visualization: 43.8 FPS
2025-08-25 09:45:20 | RSUFusion.Track | DEBUG    | sort_tracker.py:100 | Updated track 6 with car at (570.7, 123.0)
2025-08-25 09:45:20 | RSUFusion.Track | DEBUG    | sort_tracker.py:100 | Updated track 3 with car at (532.8, 101.4)
2025-08-25 09:45:20 | RSUFusion.Track | DEBUG    | sort_tracker.py:100 | Updated track 4 with car at (273.3, 102.4)
2025-08-25 09:45:20 | RSUFusion.Track | DEBUG    | sort_tracker.py:100 | Updated track 6 with car at (570.7, 122.9)
2025-08-25 09:45:20 | RSUFusion.Track | DEBUG    | sort_tracker.py:100 | Updated track 3 with car at (532.8, 101.7)
2025-08-25 09:45:20 | RSUFusion.Track | DEBUG    | sort_tracker.py:100 | Updated track 4 with car at (273.0, 102.8)
2025-08-25 09:45:20 | RSUFusion.Track | DEBUG    | sort_tracker.py:100 | Updated track 6 with car at (570.7, 123.0)
2025-08-25 09:45:20 | RSUFusion.Track | DEBUG    | sort_tracker.py:100 | Updated track 3 with car at (532.7, 101.5)
2025-08-25 09:45:20 | RSUFusion.Track | DEBUG    | sort_tracker.py:100 | Updated track 4 with car at (273.3, 102.5)
2025-08-25 09:45:20 | RSUFusion.CameraProcess | DEBUG    | run_phase1.py:146 | Ambulance speed: 0.0 km/h
2025-08-25 09:45:20 | RSUFusion.Track | DEBUG    | sort_tracker.py:100 | Updated track 6 with car at (570.6, 123.0)
2025-08-25 09:45:20 | RSUFusion.Track | DEBUG    | sort_tracker.py:100 | Updated track 3 with car at (532.7, 101.3)
2025-08-25 09:45:20 | RSUFusion.Track | DEBUG    | sort_tracker.py:100 | Updated track 4 with car at (273.4, 102.6)
2025-08-25 09:45:20 | RSUFusion.Track | DEBUG    | sort_tracker.py:100 | Updated track 6 with car at (570.6, 122.9)
2025-08-25 09:45:20 | RSUFusion.Track | DEBUG    | sort_tracker.py:100 | Updated track 3 with car at (532.7, 101.1)
2025-08-25 09:45:20 | RSUFusion.Track | DEBUG    | sort_tracker.py:100 | Updated track 4 with car at (273.3, 102.6)
2025-08-25 09:45:20 | RSUFusion.Track | DEBUG    | sort_tracker.py:100 | Updated track 6 with car at (570.6, 123.0)
2025-08-25 09:45:20 | RSUFusion.Track | DEBUG    | sort_tracker.py:100 | Updated track 3 with car at (532.7, 101.3)
2025-08-25 09:45:20 | RSUFusion.Track | DEBUG    | sort_tracker.py:100 | Updated track 4 with car at (273.2, 103.0)
2025-08-25 09:45:20 | RSUFusion.VisualizationProcess | DEBUG    | run_phase1.py:346 | Visualization: 49.2 FPS
2025-08-25 09:45:20 | RSUFusion.Track | DEBUG    | sort_tracker.py:100 | Updated track 6 with car at (570.7, 123.0)
2025-08-25 09:45:20 | RSUFusion.Track | DEBUG    | sort_tracker.py:100 | Updated track 3 with car at (532.7, 101.4)
2025-08-25 09:45:20 | RSUFusion.Track | DEBUG    | sort_tracker.py:100 | Updated track 4 with car at (273.4, 102.4)
2025-08-25 09:45:21 | RSUFusion.Track | DEBUG    | sort_tracker.py:100 | Updated track 6 with car at (570.7, 123.0)
2025-08-25 09:45:21 | RSUFusion.Track | DEBUG    | sort_tracker.py:100 | Updated track 3 with car at (532.8, 101.5)
2025-08-25 09:45:21 | RSUFusion.Track | DEBUG    | sort_tracker.py:100 | Updated track 4 with car at (273.1, 102.7)
2025-08-25 09:45:21 | RSUFusion.Track | DEBUG    | sort_tracker.py:100 | Updated track 6 with car at (570.7, 123.0)
2025-08-25 09:45:21 | RSUFusion.Track | DEBUG    | sort_tracker.py:100 | Updated track 4 with car at (273.3, 102.4)
2025-08-25 09:45:21 | RSUFusion.Track | DEBUG    | sort_tracker.py:100 | Updated track 3 with car at (532.8, 101.6)
2025-08-25 09:45:21 | RSUFusion.Track | DEBUG    | sort_tracker.py:100 | Updated track 6 with car at (570.7, 122.9)
2025-08-25 09:45:21 | RSUFusion.Track | DEBUG    | sort_tracker.py:100 | Updated track 3 with car at (532.7, 101.8)
2025-08-25 09:45:21 | RSUFusion.Track | DEBUG    | sort_tracker.py:100 | Updated track 4 with car at (273.1, 102.8)
2025-08-25 09:45:21 | RSUFusion.Track | DEBUG    | sort_tracker.py:100 | Updated track 6 with car at (570.7, 123.0)
2025-08-25 09:45:21 | RSUFusion.Track | DEBUG    | sort_tracker.py:100 | Updated track 3 with car at (532.8, 101.7)
2025-08-25 09:45:21 | RSUFusion.Track | DEBUG    | sort_tracker.py:100 | Updated track 4 with car at (273.2, 102.9)
2025-08-25 09:45:21 | RSUFusion.Track | DEBUG    | sort_tracker.py:100 | Updated track 6 with car at (570.5, 123.1)
2025-08-25 09:45:21 | RSUFusion.Track | DEBUG    | sort_tracker.py:100 | Updated track 3 with car at (532.6, 101.2)
2025-08-25 09:45:21 | RSUFusion.Track | DEBUG    | sort_tracker.py:100 | Updated track 4 with car at (273.4, 102.6)
2025-08-25 09:45:21 | RSUFusion.VisualizationProcess | DEBUG    | run_phase1.py:346 | Visualization: 49.2 FPS
2025-08-25 09:45:21 | RSUFusion.Track | DEBUG    | sort_tracker.py:100 | Updated track 6 with car at (570.6, 122.9)
2025-08-25 09:45:21 | RSUFusion.Track | DEBUG    | sort_tracker.py:100 | Updated track 3 with car at (532.6, 101.3)
2025-08-25 09:45:21 | RSUFusion.Track | DEBUG    | sort_tracker.py:100 | Updated track 4 with car at (273.1, 103.0)
2025-08-25 09:45:21 | RSUFusion.Track | DEBUG    | sort_tracker.py:100 | Updated track 6 with car at (570.7, 123.1)
2025-08-25 09:45:21 | RSUFusion.Track | DEBUG    | sort_tracker.py:100 | Updated track 3 with car at (532.6, 101.4)
2025-08-25 09:45:21 | RSUFusion.Track | DEBUG    | sort_tracker.py:100 | Updated track 4 with car at (273.2, 102.9)
2025-08-25 09:45:21 | RSUFusion.Track | DEBUG    | sort_tracker.py:100 | Updated track 6 with car at (570.7, 123.0)
2025-08-25 09:45:21 | RSUFusion.Track | DEBUG    | sort_tracker.py:100 | Updated track 3 with car at (532.6, 101.4)
2025-08-25 09:45:21 | RSUFusion.Track | DEBUG    | sort_tracker.py:100 | Updated track 4 with car at (273.2, 102.9)
2025-08-25 09:45:21 | RSUFusion.Track | DEBUG    | sort_tracker.py:100 | Updated track 6 with car at (570.7, 123.0)
2025-08-25 09:45:21 | RSUFusion.Track | DEBUG    | sort_tracker.py:100 | Updated track 3 with car at (532.7, 101.5)
2025-08-25 09:45:21 | RSUFusion.Track | DEBUG    | sort_tracker.py:100 | Updated track 4 with car at (273.2, 102.6)
2025-08-25 09:45:22 | RSUFusion.Track | DEBUG    | sort_tracker.py:100 | Updated track 6 with car at (570.7, 123.0)
2025-08-25 09:45:22 | RSUFusion.Track | DEBUG    | sort_tracker.py:100 | Updated track 4 with car at (273.3, 102.9)
2025-08-25 09:45:22 | RSUFusion.Track | DEBUG    | sort_tracker.py:100 | Updated track 3 with car at (532.7, 101.6)
2025-08-25 09:45:22 | RSUFusion.VisualizationProcess | DEBUG    | run_phase1.py:346 | Visualization: 47.3 FPS
2025-08-25 09:45:22 | RSUFusion.Track | DEBUG    | sort_tracker.py:100 | Updated track 6 with car at (570.6, 122.9)
2025-08-25 09:45:22 | RSUFusion.Track | DEBUG    | sort_tracker.py:100 | Updated track 3 with car at (532.7, 101.7)
2025-08-25 09:45:22 | RSUFusion.Track | DEBUG    | sort_tracker.py:100 | Updated track 4 with car at (273.4, 102.4)
2025-08-25 09:45:22 | RSUFusion.VisualizationProcess | DEBUG    | run_phase1.py:323 | Updated image (consumed 1 frames)
2025-08-25 09:45:22 | RSUFusion.YOLODetector | DEBUG    | yolo_detector.py:155 | Detection performance: 58.0 FPS, 3 objects detected
2025-08-25 09:45:22 | RSUFusion.DetectionProcess | DEBUG    | run_phase1.py:198 | Detection: 56.7 FPS, 1317 detections processed
2025-08-25 09:45:22 | RSUFusion.Track | DEBUG    | sort_tracker.py:100 | Updated track 6 with car at (570.7, 122.9)
2025-08-25 09:45:22 | RSUFusion.Track | DEBUG    | sort_tracker.py:100 | Updated track 3 with car at (532.7, 101.5)
2025-08-25 09:45:22 | RSUFusion.Track | DEBUG    | sort_tracker.py:100 | Updated track 4 with car at (273.3, 102.9)
2025-08-25 09:45:22 | RSUFusion.SORTTracker | DEBUG    | sort_tracker.py:208 | SORT performance: 0.9ms/frame, 3 confirmed tracks
2025-08-25 09:45:22 | RSUFusion.TrackingProcess | DEBUG    | run_phase1.py:268 | Tracking: 3 confirmed tracks
2025-08-25 09:45:22 | RSUFusion.Track | DEBUG    | sort_tracker.py:100 | Updated track 6 with car at (570.6, 122.9)
2025-08-25 09:45:22 | RSUFusion.Track | DEBUG    | sort_tracker.py:100 | Updated track 3 with car at (532.6, 101.1)
2025-08-25 09:45:22 | RSUFusion.Track | DEBUG    | sort_tracker.py:100 | Updated track 4 with car at (273.3, 103.1)
2025-08-25 09:45:22 | RSUFusion.Track | DEBUG    | sort_tracker.py:100 | Updated track 6 with car at (570.6, 122.9)
2025-08-25 09:45:22 | RSUFusion.Track | DEBUG    | sort_tracker.py:100 | Updated track 3 with car at (532.6, 101.1)
2025-08-25 09:45:22 | RSUFusion.Track | DEBUG    | sort_tracker.py:100 | Updated track 4 with car at (273.2, 103.0)
2025-08-25 09:45:22 | RSUFusion.Track | DEBUG    | sort_tracker.py:100 | Updated track 6 with car at (570.7, 123.0)
2025-08-25 09:45:22 | RSUFusion.Track | DEBUG    | sort_tracker.py:100 | Updated track 3 with car at (532.6, 101.2)
2025-08-25 09:45:22 | RSUFusion.Track | DEBUG    | sort_tracker.py:100 | Updated track 4 with car at (273.3, 103.0)
2025-08-25 09:45:22 | RSUFusion.Track | DEBUG    | sort_tracker.py:100 | Updated track 6 with car at (570.7, 123.1)
2025-08-25 09:45:22 | RSUFusion.Track | DEBUG    | sort_tracker.py:100 | Updated track 3 with car at (532.6, 101.3)
2025-08-25 09:45:22 | RSUFusion.Track | DEBUG    | sort_tracker.py:100 | Updated track 4 with car at (273.3, 103.0)
2025-08-25 09:45:22 | RSUFusion.Track | DEBUG    | sort_tracker.py:100 | Updated track 6 with car at (570.7, 123.0)
2025-08-25 09:45:22 | RSUFusion.Track | DEBUG    | sort_tracker.py:100 | Updated track 3 with car at (532.6, 101.3)
2025-08-25 09:45:22 | RSUFusion.Track | DEBUG    | sort_tracker.py:100 | Updated track 4 with car at (273.3, 102.8)
2025-08-25 09:45:22 | RSUFusion.VisualizationProcess | DEBUG    | run_phase1.py:346 | Visualization: 43.5 FPS
2025-08-25 09:45:22 | RSUFusion.Track | DEBUG    | sort_tracker.py:100 | Updated track 6 with car at (570.6, 123.2)
2025-08-25 09:45:22 | RSUFusion.Track | DEBUG    | sort_tracker.py:100 | Updated track 3 with car at (532.6, 101.4)
2025-08-25 09:45:22 | RSUFusion.Track | DEBUG    | sort_tracker.py:100 | Updated track 4 with car at (273.6, 102.6)
2025-08-25 09:45:23 | RSUFusion.Track | DEBUG    | sort_tracker.py:100 | Updated track 6 with car at (570.7, 122.9)
2025-08-25 09:45:23 | RSUFusion.Track | DEBUG    | sort_tracker.py:100 | Updated track 3 with car at (532.6, 101.5)
2025-08-25 09:45:23 | RSUFusion.Track | DEBUG    | sort_tracker.py:100 | Updated track 4 with car at (273.5, 102.5)
2025-08-25 09:45:23 | RSUFusion.Track | DEBUG    | sort_tracker.py:100 | Updated track 6 with car at (570.7, 123.0)
2025-08-25 09:45:23 | RSUFusion.Track | DEBUG    | sort_tracker.py:100 | Updated track 3 with car at (532.6, 101.4)
2025-08-25 09:45:23 | RSUFusion.Track | DEBUG    | sort_tracker.py:100 | Updated track 4 with car at (273.5, 102.6)
2025-08-25 09:45:23 | RSUFusion.Track | DEBUG    | sort_tracker.py:100 | Updated track 6 with car at (570.5, 123.1)
2025-08-25 09:45:23 | RSUFusion.Track | DEBUG    | sort_tracker.py:100 | Updated track 3 with car at (532.5, 101.2)
2025-08-25 09:45:23 | RSUFusion.Track | DEBUG    | sort_tracker.py:100 | Updated track 4 with car at (273.6, 102.7)
2025-08-25 09:45:23 | RSUFusion.Track | DEBUG    | sort_tracker.py:100 | Updated track 6 with car at (570.6, 123.1)
2025-08-25 09:45:23 | RSUFusion.Track | DEBUG    | sort_tracker.py:100 | Updated track 3 with car at (532.4, 101.1)
2025-08-25 09:45:23 | RSUFusion.Track | DEBUG    | sort_tracker.py:100 | Updated track 4 with car at (273.3, 103.2)
2025-08-25 09:45:23 | RSUFusion.VisualizationProcess | DEBUG    | run_phase1.py:346 | Visualization: 50.5 FPS
2025-08-25 09:45:23 | RSUFusion.Track | DEBUG    | sort_tracker.py:100 | Updated track 6 with car at (570.7, 123.1)
2025-08-25 09:45:23 | RSUFusion.Track | DEBUG    | sort_tracker.py:100 | Updated track 3 with car at (532.5, 101.2)
2025-08-25 09:45:23 | RSUFusion.Track | DEBUG    | sort_tracker.py:100 | Updated track 4 with car at (273.4, 103.1)
2025-08-25 09:45:23 | RSUFusion.Track | DEBUG    | sort_tracker.py:100 | Updated track 6 with car at (570.7, 123.0)
2025-08-25 09:45:23 | RSUFusion.Track | DEBUG    | sort_tracker.py:100 | Updated track 3 with car at (532.5, 101.3)
2025-08-25 09:45:23 | RSUFusion.Track | DEBUG    | sort_tracker.py:100 | Updated track 4 with car at (273.6, 102.6)
2025-08-25 09:45:23 | RSUFusion.Track | DEBUG    | sort_tracker.py:100 | Updated track 6 with car at (570.7, 123.0)
2025-08-25 09:45:23 | RSUFusion.Track | DEBUG    | sort_tracker.py:100 | Updated track 3 with car at (532.5, 101.3)
2025-08-25 09:45:23 | RSUFusion.Track | DEBUG    | sort_tracker.py:100 | Updated track 4 with car at (273.6, 102.5)
2025-08-25 09:45:23 | RSUFusion.Track | DEBUG    | sort_tracker.py:100 | Updated track 6 with car at (570.7, 123.0)
2025-08-25 09:45:23 | RSUFusion.Track | DEBUG    | sort_tracker.py:100 | Updated track 4 with car at (273.6, 102.6)
2025-08-25 09:45:23 | RSUFusion.Track | DEBUG    | sort_tracker.py:100 | Updated track 3 with car at (532.6, 101.4)
2025-08-25 09:45:23 | RSUFusion.CameraProcess | DEBUG    | run_phase1.py:146 | Ambulance speed: 0.0 km/h
2025-08-25 09:45:23 | RSUFusion.Track | DEBUG    | sort_tracker.py:100 | Updated track 6 with car at (570.6, 122.9)
2025-08-25 09:45:23 | RSUFusion.Track | DEBUG    | sort_tracker.py:100 | Updated track 3 with car at (532.6, 101.8)
2025-08-25 09:45:23 | RSUFusion.Track | DEBUG    | sort_tracker.py:100 | Updated track 4 with car at (273.6, 102.6)
2025-08-25 09:45:23 | RSUFusion.Track | DEBUG    | sort_tracker.py:100 | Updated track 6 with car at (570.7, 123.0)
2025-08-25 09:45:23 | RSUFusion.Track | DEBUG    | sort_tracker.py:100 | Updated track 3 with car at (532.6, 101.4)
2025-08-25 09:45:23 | RSUFusion.Track | DEBUG    | sort_tracker.py:100 | Updated track 4 with car at (273.6, 102.7)
2025-08-25 09:45:24 | RSUFusion.VisualizationProcess | DEBUG    | run_phase1.py:346 | Visualization: 48.2 FPS
2025-08-25 09:45:24 | RSUFusion.Track | DEBUG    | sort_tracker.py:100 | Updated track 6 with car at (570.5, 123.1)
2025-08-25 09:45:24 | RSUFusion.Track | DEBUG    | sort_tracker.py:100 | Updated track 3 with car at (532.4, 100.9)
2025-08-25 09:45:24 | RSUFusion.Track | DEBUG    | sort_tracker.py:100 | Updated track 4 with car at (273.6, 102.9)
2025-08-25 09:45:24 | RSUFusion.Track | DEBUG    | sort_tracker.py:100 | Updated track 6 with car at (570.5, 123.1)
2025-08-25 09:45:24 | RSUFusion.Track | DEBUG    | sort_tracker.py:100 | Updated track 3 with car at (532.4, 100.8)
2025-08-25 09:45:24 | RSUFusion.Track | DEBUG    | sort_tracker.py:100 | Updated track 4 with car at (273.6, 102.8)
2025-08-25 09:45:24 | RSUFusion.Track | DEBUG    | sort_tracker.py:100 | Updated track 6 with car at (570.6, 123.2)
2025-08-25 09:45:24 | RSUFusion.Track | DEBUG    | sort_tracker.py:100 | Updated track 3 with car at (532.4, 101.2)
2025-08-25 09:45:24 | RSUFusion.Track | DEBUG    | sort_tracker.py:100 | Updated track 4 with car at (273.7, 102.7)
2025-08-25 09:45:24 | RSUFusion.Track | DEBUG    | sort_tracker.py:100 | Updated track 6 with car at (570.7, 123.0)
2025-08-25 09:45:24 | RSUFusion.Track | DEBUG    | sort_tracker.py:100 | Updated track 3 with car at (532.5, 101.1)
2025-08-25 09:45:24 | RSUFusion.Track | DEBUG    | sort_tracker.py:100 | Updated track 4 with car at (273.7, 102.7)
2025-08-25 09:45:24 | RSUFusion.Track | DEBUG    | sort_tracker.py:100 | Updated track 6 with car at (570.7, 123.0)
2025-08-25 09:45:24 | RSUFusion.Track | DEBUG    | sort_tracker.py:100 | Updated track 3 with car at (532.5, 101.1)
2025-08-25 09:45:24 | RSUFusion.Track | DEBUG    | sort_tracker.py:100 | Updated track 4 with car at (273.7, 102.5)
2025-08-25 09:45:24 | RSUFusion.Track | DEBUG    | sort_tracker.py:100 | Updated track 6 with car at (570.6, 123.1)
2025-08-25 09:45:24 | RSUFusion.Track | DEBUG    | sort_tracker.py:100 | Updated track 3 with car at (532.6, 101.3)
2025-08-25 09:45:24 | RSUFusion.Track | DEBUG    | sort_tracker.py:100 | Updated track 4 with car at (273.7, 102.6)
2025-08-25 09:45:24 | RSUFusion.VisualizationProcess | DEBUG    | run_phase1.py:346 | Visualization: 48.6 FPS
2025-08-25 09:45:24 | RSUFusion.Track | DEBUG    | sort_tracker.py:100 | Updated track 6 with car at (570.7, 122.9)
2025-08-25 09:45:24 | RSUFusion.Track | DEBUG    | sort_tracker.py:100 | Updated track 3 with car at (532.6, 101.6)
2025-08-25 09:45:24 | RSUFusion.Track | DEBUG    | sort_tracker.py:100 | Updated track 4 with car at (273.6, 102.6)
2025-08-25 09:45:24 | RSUFusion.Track | DEBUG    | sort_tracker.py:100 | Updated track 6 with car at (570.7, 123.0)
2025-08-25 09:45:24 | RSUFusion.Track | DEBUG    | sort_tracker.py:100 | Updated track 3 with car at (532.6, 101.2)
2025-08-25 09:45:24 | RSUFusion.Track | DEBUG    | sort_tracker.py:100 | Updated track 4 with car at (273.6, 102.6)
2025-08-25 09:45:24 | RSUFusion.Track | DEBUG    | sort_tracker.py:100 | Updated track 6 with car at (570.5, 123.1)
2025-08-25 09:45:24 | RSUFusion.Track | DEBUG    | sort_tracker.py:100 | Updated track 3 with car at (532.4, 100.9)
2025-08-25 09:45:24 | RSUFusion.Track | DEBUG    | sort_tracker.py:100 | Updated track 4 with car at (273.7, 102.8)
2025-08-25 09:45:25 | RSUFusion.Track | DEBUG    | sort_tracker.py:100 | Updated track 6 with car at (570.6, 123.0)
2025-08-25 09:45:25 | RSUFusion.Track | DEBUG    | sort_tracker.py:100 | Updated track 3 with car at (532.5, 101.0)
2025-08-25 09:45:25 | RSUFusion.Track | DEBUG    | sort_tracker.py:100 | Updated track 4 with car at (273.7, 102.8)
2025-08-25 09:45:25 | RSUFusion.Track | DEBUG    | sort_tracker.py:100 | Updated track 6 with car at (570.7, 123.1)
2025-08-25 09:45:25 | RSUFusion.Track | DEBUG    | sort_tracker.py:100 | Updated track 3 with car at (532.5, 101.1)
2025-08-25 09:45:25 | RSUFusion.Track | DEBUG    | sort_tracker.py:100 | Updated track 4 with car at (273.8, 102.7)
2025-08-25 09:45:25 | RSUFusion.Track | DEBUG    | sort_tracker.py:100 | Updated track 6 with car at (570.7, 123.0)
2025-08-25 09:45:25 | RSUFusion.Track | DEBUG    | sort_tracker.py:100 | Updated track 3 with car at (532.5, 101.2)
2025-08-25 09:45:25 | RSUFusion.Track | DEBUG    | sort_tracker.py:100 | Updated track 4 with car at (273.7, 102.7)
2025-08-25 09:45:25 | RSUFusion.VisualizationProcess | DEBUG    | run_phase1.py:346 | Visualization: 49.6 FPS
2025-08-25 09:45:25 | RSUFusion.Track | DEBUG    | sort_tracker.py:100 | Updated track 6 with car at (570.7, 123.0)
2025-08-25 09:45:25 | RSUFusion.Track | DEBUG    | sort_tracker.py:100 | Updated track 3 with car at (532.5, 101.3)
2025-08-25 09:45:25 | RSUFusion.Track | DEBUG    | sort_tracker.py:100 | Updated track 4 with car at (273.7, 102.6)
2025-08-25 09:45:25 | RSUFusion.YOLODetector | DEBUG    | yolo_detector.py:155 | Detection performance: 58.0 FPS, 3 objects detected
2025-08-25 09:45:25 | RSUFusion.DetectionProcess | DEBUG    | run_phase1.py:198 | Detection: 58.0 FPS, 1407 detections processed
2025-08-25 09:45:25 | RSUFusion.Track | DEBUG    | sort_tracker.py:100 | Updated track 6 with car at (570.7, 123.0)
2025-08-25 09:45:25 | RSUFusion.Track | DEBUG    | sort_tracker.py:100 | Updated track 4 with car at (273.7, 102.7)
2025-08-25 09:45:25 | RSUFusion.Track | DEBUG    | sort_tracker.py:100 | Updated track 3 with car at (532.5, 101.4)
2025-08-25 09:45:25 | RSUFusion.SORTTracker | DEBUG    | sort_tracker.py:208 | SORT performance: 1.1ms/frame, 3 confirmed tracks
2025-08-25 09:45:25 | RSUFusion.TrackingProcess | DEBUG    | run_phase1.py:268 | Tracking: 3 confirmed tracks
2025-08-25 09:45:25 | RSUFusion.Track | DEBUG    | sort_tracker.py:100 | Updated track 6 with car at (570.7, 122.9)
2025-08-25 09:45:25 | RSUFusion.Track | DEBUG    | sort_tracker.py:100 | Updated track 3 with car at (532.5, 101.6)
2025-08-25 09:45:25 | RSUFusion.Track | DEBUG    | sort_tracker.py:100 | Updated track 4 with car at (273.6, 102.6)
2025-08-25 09:45:25 | RSUFusion.Track | DEBUG    | sort_tracker.py:100 | Updated track 6 with car at (570.7, 123.0)
2025-08-25 09:45:25 | RSUFusion.Track | DEBUG    | sort_tracker.py:100 | Updated track 3 with car at (532.5, 101.2)
2025-08-25 09:45:25 | RSUFusion.Track | DEBUG    | sort_tracker.py:100 | Updated track 4 with car at (273.6, 102.7)
2025-08-25 09:45:25 | RSUFusion.Track | DEBUG    | sort_tracker.py:100 | Updated track 6 with car at (570.5, 123.1)
2025-08-25 09:45:25 | RSUFusion.Track | DEBUG    | sort_tracker.py:100 | Updated track 3 with car at (532.4, 101.0)
2025-08-25 09:45:25 | RSUFusion.Track | DEBUG    | sort_tracker.py:100 | Updated track 4 with car at (273.7, 102.8)
2025-08-25 09:45:25 | RSUFusion.VisualizationProcess | DEBUG    | run_phase1.py:346 | Visualization: 50.3 FPS
2025-08-25 09:45:25 | RSUFusion.Track | DEBUG    | sort_tracker.py:100 | Updated track 6 with car at (570.6, 123.1)
2025-08-25 09:45:25 | RSUFusion.Track | DEBUG    | sort_tracker.py:100 | Updated track 3 with car at (532.4, 100.9)
2025-08-25 09:45:25 | RSUFusion.Track | DEBUG    | sort_tracker.py:100 | Updated track 4 with car at (273.8, 102.8)
2025-08-25 09:45:26 | RSUFusion.Track | DEBUG    | sort_tracker.py:100 | Updated track 6 with car at (570.7, 123.1)
2025-08-25 09:45:26 | RSUFusion.Track | DEBUG    | sort_tracker.py:100 | Updated track 3 with car at (532.5, 101.1)
2025-08-25 09:45:26 | RSUFusion.Track | DEBUG    | sort_tracker.py:100 | Updated track 4 with car at (273.8, 102.9)
2025-08-25 09:45:26 | RSUFusion.Track | DEBUG    | sort_tracker.py:100 | Updated track 6 with car at (570.7, 123.0)
2025-08-25 09:45:26 | RSUFusion.Track | DEBUG    | sort_tracker.py:100 | Updated track 3 with car at (532.5, 101.1)
2025-08-25 09:45:26 | RSUFusion.Track | DEBUG    | sort_tracker.py:100 | Updated track 4 with car at (273.7, 102.6)
2025-08-25 09:45:26 | RSUFusion.Track | DEBUG    | sort_tracker.py:100 | Updated track 6 with car at (570.7, 123.0)
2025-08-25 09:45:26 | RSUFusion.Track | DEBUG    | sort_tracker.py:100 | Updated track 3 with car at (532.5, 101.3)
2025-08-25 09:45:26 | RSUFusion.Track | DEBUG    | sort_tracker.py:100 | Updated track 4 with car at (273.7, 102.5)
2025-08-25 09:45:26 | RSUFusion.Track | DEBUG    | sort_tracker.py:100 | Updated track 6 with car at (570.8, 123.0)
2025-08-25 09:45:26 | RSUFusion.Track | DEBUG    | sort_tracker.py:100 | Updated track 3 with car at (532.4, 101.1)
2025-08-25 09:45:26 | RSUFusion.Track | DEBUG    | sort_tracker.py:100 | Updated track 4 with car at (273.7, 102.7)
2025-08-25 09:45:26 | RSUFusion.Track | DEBUG    | sort_tracker.py:100 | Updated track 6 with car at (570.7, 122.9)
2025-08-25 09:45:26 | RSUFusion.Track | DEBUG    | sort_tracker.py:100 | Updated track 4 with car at (273.7, 102.5)
2025-08-25 09:45:26 | RSUFusion.Track | DEBUG    | sort_tracker.py:100 | Updated track 3 with car at (532.5, 101.4)
2025-08-25 09:45:26 | RSUFusion.VisualizationProcess | DEBUG    | run_phase1.py:346 | Visualization: 49.9 FPS
2025-08-25 09:45:26 | RSUFusion.Track | DEBUG    | sort_tracker.py:100 | Updated track 6 with car at (570.7, 123.0)
2025-08-25 09:45:26 | RSUFusion.Track | DEBUG    | sort_tracker.py:100 | Updated track 3 with car at (532.5, 101.2)
2025-08-25 09:45:26 | RSUFusion.Track | DEBUG    | sort_tracker.py:100 | Updated track 4 with car at (273.7, 102.6)
2025-08-25 09:45:26 | RSUFusion.Track | DEBUG    | sort_tracker.py:100 | Updated track 6 with car at (570.5, 123.1)
2025-08-25 09:45:26 | RSUFusion.Track | DEBUG    | sort_tracker.py:100 | Updated track 3 with car at (532.3, 100.9)
2025-08-25 09:45:26 | RSUFusion.Track | DEBUG    | sort_tracker.py:100 | Updated track 4 with car at (273.8, 102.8)
2025-08-25 09:45:26 | RSUFusion.Track | DEBUG    | sort_tracker.py:100 | Updated track 6 with car at (570.7, 122.9)
2025-08-25 09:45:26 | RSUFusion.Track | DEBUG    | sort_tracker.py:100 | Updated track 3 with car at (532.4, 101.0)
2025-08-25 09:45:26 | RSUFusion.Track | DEBUG    | sort_tracker.py:100 | Updated track 4 with car at (273.8, 102.7)
2025-08-25 09:45:26 | RSUFusion.Track | DEBUG    | sort_tracker.py:100 | Updated track 6 with car at (570.7, 123.1)
2025-08-25 09:45:26 | RSUFusion.Track | DEBUG    | sort_tracker.py:100 | Updated track 3 with car at (532.4, 101.2)
2025-08-25 09:45:26 | RSUFusion.Track | DEBUG    | sort_tracker.py:100 | Updated track 4 with car at (273.8, 102.7)
2025-08-25 09:45:26 | RSUFusion.Track | DEBUG    | sort_tracker.py:100 | Updated track 6 with car at (570.7, 123.0)
2025-08-25 09:45:26 | RSUFusion.Track | DEBUG    | sort_tracker.py:100 | Updated track 3 with car at (532.4, 101.2)
2025-08-25 09:45:26 | RSUFusion.Track | DEBUG    | sort_tracker.py:100 | Updated track 4 with car at (273.7, 102.5)
2025-08-25 09:45:26 | RSUFusion.CameraProcess | DEBUG    | run_phase1.py:146 | Ambulance speed: 0.0 km/h
2025-08-25 09:45:27 | RSUFusion.VisualizationProcess | DEBUG    | run_phase1.py:346 | Visualization: 51.1 FPS
2025-08-25 09:45:27 | RSUFusion.Track | DEBUG    | sort_tracker.py:100 | Updated track 6 with car at (570.8, 123.0)
2025-08-25 09:45:27 | RSUFusion.Track | DEBUG    | sort_tracker.py:100 | Updated track 3 with car at (532.4, 101.4)
2025-08-25 09:45:27 | RSUFusion.Track | DEBUG    | sort_tracker.py:100 | Updated track 4 with car at (273.7, 102.4)
2025-08-25 09:45:27 | RSUFusion.Track | DEBUG    | sort_tracker.py:100 | Updated track 6 with car at (570.7, 123.0)
2025-08-25 09:45:27 | RSUFusion.Track | DEBUG    | sort_tracker.py:100 | Updated track 3 with car at (532.3, 101.3)
2025-08-25 09:45:27 | RSUFusion.Track | DEBUG    | sort_tracker.py:100 | Updated track 4 with car at (273.7, 102.6)
2025-08-25 09:45:27 | RSUFusion.Track | DEBUG    | sort_tracker.py:100 | Updated track 6 with car at (570.7, 122.9)
2025-08-25 09:45:27 | RSUFusion.Track | DEBUG    | sort_tracker.py:100 | Updated track 3 with car at (532.4, 101.6)
2025-08-25 09:45:27 | RSUFusion.Track | DEBUG    | sort_tracker.py:100 | Updated track 4 with car at (273.7, 102.5)
2025-08-25 09:45:27 | RSUFusion.Track | DEBUG    | sort_tracker.py:100 | Updated track 6 with car at (570.8, 123.0)
2025-08-25 09:45:27 | RSUFusion.Track | DEBUG    | sort_tracker.py:100 | Updated track 3 with car at (532.4, 101.5)
2025-08-25 09:45:27 | RSUFusion.Track | DEBUG    | sort_tracker.py:100 | Updated track 4 with car at (273.8, 102.5)
2025-08-25 09:45:27 | RSUFusion.Track | DEBUG    | sort_tracker.py:100 | Updated track 6 with car at (570.6, 122.9)
2025-08-25 09:45:27 | RSUFusion.Track | DEBUG    | sort_tracker.py:100 | Updated track 3 with car at (532.3, 101.1)
2025-08-25 09:45:27 | RSUFusion.Track | DEBUG    | sort_tracker.py:100 | Updated track 4 with car at (273.8, 102.7)
2025-08-25 09:45:27 | RSUFusion.Track | DEBUG    | sort_tracker.py:100 | Updated track 6 with car at (570.6, 122.9)
2025-08-25 09:45:27 | RSUFusion.Track | DEBUG    | sort_tracker.py:100 | Updated track 3 with car at (532.2, 101.0)
2025-08-25 09:45:27 | RSUFusion.Track | DEBUG    | sort_tracker.py:100 | Updated track 4 with car at (273.8, 102.8)
2025-08-25 09:45:27 | RSUFusion.VisualizationProcess | DEBUG    | run_phase1.py:346 | Visualization: 50.6 FPS
2025-08-25 09:45:27 | RSUFusion.Track | DEBUG    | sort_tracker.py:100 | Updated track 6 with car at (570.7, 123.0)
2025-08-25 09:45:27 | RSUFusion.Track | DEBUG    | sort_tracker.py:100 | Updated track 3 with car at (532.3, 101.4)
2025-08-25 09:45:27 | RSUFusion.Track | DEBUG    | sort_tracker.py:100 | Updated track 4 with car at (273.8, 102.6)
2025-08-25 09:45:27 | RSUFusion.Track | DEBUG    | sort_tracker.py:100 | Updated track 6 with car at (570.7, 123.0)
2025-08-25 09:45:27 | RSUFusion.Track | DEBUG    | sort_tracker.py:100 | Updated track 3 with car at (532.4, 101.4)
2025-08-25 09:45:27 | RSUFusion.Track | DEBUG    | sort_tracker.py:100 | Updated track 4 with car at (273.7, 102.4)
2025-08-25 09:45:27 | RSUFusion.Track | DEBUG    | sort_tracker.py:100 | Updated track 6 with car at (570.7, 123.0)
2025-08-25 09:45:27 | RSUFusion.Track | DEBUG    | sort_tracker.py:100 | Updated track 3 with car at (532.3, 101.4)
2025-08-25 09:45:27 | RSUFusion.Track | DEBUG    | sort_tracker.py:100 | Updated track 4 with car at (273.7, 102.3)
2025-08-25 09:45:28 | RSUFusion.Track | DEBUG    | sort_tracker.py:100 | Updated track 6 with car at (570.8, 123.0)
2025-08-25 09:45:28 | RSUFusion.Track | DEBUG    | sort_tracker.py:100 | Updated track 3 with car at (532.3, 101.4)
2025-08-25 09:45:28 | RSUFusion.Track | DEBUG    | sort_tracker.py:100 | Updated track 4 with car at (273.8, 102.6)
2025-08-25 09:45:28 | RSUFusion.Track | DEBUG    | sort_tracker.py:100 | Updated track 6 with car at (570.7, 122.9)
2025-08-25 09:45:28 | RSUFusion.Track | DEBUG    | sort_tracker.py:100 | Updated track 3 with car at (532.4, 101.6)
2025-08-25 09:45:28 | RSUFusion.Track | DEBUG    | sort_tracker.py:100 | Updated track 4 with car at (273.7, 102.4)
2025-08-25 09:45:28 | RSUFusion.Track | DEBUG    | sort_tracker.py:100 | Updated track 6 with car at (570.7, 122.9)
2025-08-25 09:45:28 | RSUFusion.Track | DEBUG    | sort_tracker.py:100 | Updated track 3 with car at (532.4, 101.5)
2025-08-25 09:45:28 | RSUFusion.Track | DEBUG    | sort_tracker.py:100 | Updated track 4 with car at (273.8, 102.5)
2025-08-25 09:45:28 | RSUFusion.VisualizationProcess | DEBUG    | run_phase1.py:346 | Visualization: 47.6 FPS
2025-08-25 09:45:28 | RSUFusion.Track | DEBUG    | sort_tracker.py:100 | Updated track 6 with car at (570.6, 122.9)
2025-08-25 09:45:28 | RSUFusion.Track | DEBUG    | sort_tracker.py:100 | Updated track 3 with car at (532.2, 101.1)
2025-08-25 09:45:28 | RSUFusion.Track | DEBUG    | sort_tracker.py:100 | Updated track 4 with car at (273.8, 102.7)
2025-08-25 09:45:28 | RSUFusion.Track | DEBUG    | sort_tracker.py:100 | Updated track 6 with car at (570.7, 122.9)
2025-08-25 09:45:28 | RSUFusion.Track | DEBUG    | sort_tracker.py:100 | Updated track 3 with car at (532.2, 101.3)
2025-08-25 09:45:28 | RSUFusion.Track | DEBUG    | sort_tracker.py:100 | Updated track 4 with car at (273.8, 102.6)
2025-08-25 09:45:28 | RSUFusion.Track | DEBUG    | sort_tracker.py:100 | Updated track 6 with car at (570.7, 123.0)
2025-08-25 09:45:28 | RSUFusion.Track | DEBUG    | sort_tracker.py:100 | Updated track 3 with car at (532.2, 101.3)
2025-08-25 09:45:28 | RSUFusion.Track | DEBUG    | sort_tracker.py:100 | Updated track 4 with car at (273.9, 102.7)
2025-08-25 09:45:28 | RSUFusion.YOLODetector | DEBUG    | yolo_detector.py:155 | Detection performance: 49.9 FPS, 3 objects detected
2025-08-25 09:45:28 | RSUFusion.DetectionProcess | DEBUG    | run_phase1.py:198 | Detection: 55.2 FPS, 1497 detections processed
2025-08-25 09:45:28 | RSUFusion.Track | DEBUG    | sort_tracker.py:100 | Updated track 6 with car at (570.7, 123.0)
2025-08-25 09:45:28 | RSUFusion.Track | DEBUG    | sort_tracker.py:100 | Updated track 3 with car at (532.2, 101.4)
2025-08-25 09:45:28 | RSUFusion.Track | DEBUG    | sort_tracker.py:100 | Updated track 4 with car at (273.8, 102.9)
2025-08-25 09:45:28 | RSUFusion.SORTTracker | DEBUG    | sort_tracker.py:208 | SORT performance: 0.9ms/frame, 3 confirmed tracks
2025-08-25 09:45:28 | RSUFusion.TrackingProcess | DEBUG    | run_phase1.py:268 | Tracking: 3 confirmed tracks
2025-08-25 09:45:28 | RSUFusion.Track | DEBUG    | sort_tracker.py:100 | Updated track 6 with car at (570.7, 123.0)
2025-08-25 09:45:28 | RSUFusion.Track | DEBUG    | sort_tracker.py:100 | Updated track 3 with car at (532.2, 101.3)
2025-08-25 09:45:28 | RSUFusion.Track | DEBUG    | sort_tracker.py:100 | Updated track 4 with car at (273.8, 102.8)
2025-08-25 09:45:28 | RSUFusion.VisualizationProcess | DEBUG    | run_phase1.py:346 | Visualization: 49.0 FPS
2025-08-25 09:45:28 | RSUFusion.Track | DEBUG    | sort_tracker.py:100 | Updated track 6 with car at (570.7, 123.0)
2025-08-25 09:45:28 | RSUFusion.Track | DEBUG    | sort_tracker.py:100 | Updated track 3 with car at (532.3, 101.3)
2025-08-25 09:45:28 | RSUFusion.Track | DEBUG    | sort_tracker.py:100 | Updated track 4 with car at (274.0, 102.6)
2025-08-25 09:45:28 | RSUFusion.Track | DEBUG    | sort_tracker.py:100 | Updated track 6 with car at (570.7, 122.9)
2025-08-25 09:45:28 | RSUFusion.Track | DEBUG    | sort_tracker.py:100 | Updated track 3 with car at (532.4, 101.6)
2025-08-25 09:45:28 | RSUFusion.Track | DEBUG    | sort_tracker.py:100 | Updated track 4 with car at (273.8, 102.8)
2025-08-25 09:45:29 | RSUFusion.Track | DEBUG    | sort_tracker.py:100 | Updated track 6 with car at (570.7, 122.9)
2025-08-25 09:45:29 | RSUFusion.Track | DEBUG    | sort_tracker.py:100 | Updated track 3 with car at (532.4, 101.6)
2025-08-25 09:45:29 | RSUFusion.Track | DEBUG    | sort_tracker.py:100 | Updated track 4 with car at (273.8, 103.0)
2025-08-25 09:45:29 | RSUFusion.Track | DEBUG    | sort_tracker.py:100 | Updated track 6 with car at (570.7, 122.9)
2025-08-25 09:45:29 | RSUFusion.Track | DEBUG    | sort_tracker.py:100 | Updated track 3 with car at (532.2, 101.5)
2025-08-25 09:45:29 | RSUFusion.Track | DEBUG    | sort_tracker.py:100 | Updated track 4 with car at (273.9, 102.7)
2025-08-25 09:45:29 | RSUFusion.Track | DEBUG    | sort_tracker.py:100 | Updated track 6 with car at (570.7, 122.9)
2025-08-25 09:45:29 | RSUFusion.Track | DEBUG    | sort_tracker.py:100 | Updated track 3 with car at (532.2, 101.3)
2025-08-25 09:45:29 | RSUFusion.Track | DEBUG    | sort_tracker.py:100 | Updated track 4 with car at (273.9, 102.6)
2025-08-25 09:45:29 | RSUFusion.Track | DEBUG    | sort_tracker.py:100 | Updated track 6 with car at (570.7, 123.0)
2025-08-25 09:45:29 | RSUFusion.Track | DEBUG    | sort_tracker.py:100 | Updated track 3 with car at (532.3, 101.5)
2025-08-25 09:45:29 | RSUFusion.Track | DEBUG    | sort_tracker.py:100 | Updated track 4 with car at (273.9, 102.7)
2025-08-25 09:45:29 | RSUFusion.VisualizationProcess | DEBUG    | run_phase1.py:346 | Visualization: 50.1 FPS
2025-08-25 09:45:29 | RSUFusion.Track | DEBUG    | sort_tracker.py:100 | Updated track 6 with car at (570.7, 123.0)
2025-08-25 09:45:29 | RSUFusion.Track | DEBUG    | sort_tracker.py:100 | Updated track 3 with car at (532.3, 101.4)
2025-08-25 09:45:29 | RSUFusion.Track | DEBUG    | sort_tracker.py:100 | Updated track 4 with car at (273.9, 103.0)
2025-08-25 09:45:29 | RSUFusion.Track | DEBUG    | sort_tracker.py:100 | Updated track 6 with car at (570.7, 122.9)
2025-08-25 09:45:29 | RSUFusion.Track | DEBUG    | sort_tracker.py:100 | Updated track 3 with car at (532.3, 101.5)
2025-08-25 09:45:29 | RSUFusion.Track | DEBUG    | sort_tracker.py:100 | Updated track 4 with car at (274.0, 102.9)
2025-08-25 09:45:29 | RSUFusion.Track | DEBUG    | sort_tracker.py:100 | Updated track 6 with car at (570.7, 122.9)
2025-08-25 09:45:29 | RSUFusion.Track | DEBUG    | sort_tracker.py:100 | Updated track 3 with car at (532.3, 101.5)
2025-08-25 09:45:29 | RSUFusion.Track | DEBUG    | sort_tracker.py:100 | Updated track 4 with car at (274.1, 103.1)
2025-08-25 09:45:29 | RSUFusion.Track | DEBUG    | sort_tracker.py:100 | Updated track 6 with car at (570.6, 122.9)
2025-08-25 09:45:29 | RSUFusion.Track | DEBUG    | sort_tracker.py:100 | Updated track 3 with car at (532.3, 102.0)
2025-08-25 09:45:29 | RSUFusion.Track | DEBUG    | sort_tracker.py:100 | Updated track 4 with car at (274.0, 103.0)
2025-08-25 09:45:29 | RSUFusion.Track | DEBUG    | sort_tracker.py:100 | Updated track 6 with car at (570.7, 123.0)
2025-08-25 09:45:29 | RSUFusion.Track | DEBUG    | sort_tracker.py:100 | Updated track 3 with car at (532.3, 101.7)
2025-08-25 09:45:29 | RSUFusion.Track | DEBUG    | sort_tracker.py:100 | Updated track 4 with car at (273.9, 103.1)
2025-08-25 09:45:30 | RSUFusion.Track | DEBUG    | sort_tracker.py:100 | Updated track 6 with car at (570.6, 122.9)
2025-08-25 09:45:30 | RSUFusion.Track | DEBUG    | sort_tracker.py:100 | Updated track 3 with car at (532.2, 101.4)
2025-08-25 09:45:30 | RSUFusion.Track | DEBUG    | sort_tracker.py:100 | Updated track 4 with car at (274.0, 103.3)
2025-08-25 09:45:30 | RSUFusion.VisualizationProcess | DEBUG    | run_phase1.py:346 | Visualization: 44.9 FPS
2025-08-25 09:45:30 | RSUFusion.Track | DEBUG    | sort_tracker.py:100 | Updated track 6 with car at (570.7, 122.9)
2025-08-25 09:45:30 | RSUFusion.Track | DEBUG    | sort_tracker.py:100 | Updated track 3 with car at (532.1, 101.1)
2025-08-25 09:45:30 | RSUFusion.Track | DEBUG    | sort_tracker.py:100 | Updated track 4 with car at (273.9, 103.2)
2025-08-25 09:45:30 | RSUFusion.CameraProcess | DEBUG    | run_phase1.py:146 | Ambulance speed: 0.0 km/h
2025-08-25 09:45:30 | RSUFusion.Track | DEBUG    | sort_tracker.py:100 | Updated track 6 with car at (570.7, 123.0)
2025-08-25 09:45:30 | RSUFusion.Track | DEBUG    | sort_tracker.py:100 | Updated track 3 with car at (532.2, 101.6)
2025-08-25 09:45:30 | RSUFusion.Track | DEBUG    | sort_tracker.py:100 | Updated track 4 with car at (274.0, 103.1)
2025-08-25 09:45:30 | RSUFusion.Track | DEBUG    | sort_tracker.py:100 | Updated track 6 with car at (570.7, 123.0)
2025-08-25 09:45:30 | RSUFusion.Track | DEBUG    | sort_tracker.py:100 | Updated track 3 with car at (532.2, 101.8)
2025-08-25 09:45:30 | RSUFusion.Track | DEBUG    | sort_tracker.py:100 | Updated track 4 with car at (274.1, 103.1)
2025-08-25 09:45:30 | RSUFusion.Track | DEBUG    | sort_tracker.py:100 | Updated track 6 with car at (570.7, 122.9)
2025-08-25 09:45:30 | RSUFusion.Track | DEBUG    | sort_tracker.py:100 | Updated track 3 with car at (532.2, 101.7)
2025-08-25 09:45:30 | RSUFusion.Track | DEBUG    | sort_tracker.py:100 | Updated track 4 with car at (274.1, 103.0)
2025-08-25 09:45:30 | RSUFusion.Track | DEBUG    | sort_tracker.py:100 | Updated track 6 with car at (570.7, 122.9)
2025-08-25 09:45:30 | RSUFusion.Track | DEBUG    | sort_tracker.py:100 | Updated track 3 with car at (532.2, 101.6)
2025-08-25 09:45:30 | RSUFusion.Track | DEBUG    | sort_tracker.py:100 | Updated track 4 with car at (274.1, 103.1)
2025-08-25 09:45:30 | RSUFusion.Track | DEBUG    | sort_tracker.py:100 | Updated track 6 with car at (570.7, 122.9)
2025-08-25 09:45:30 | RSUFusion.Track | DEBUG    | sort_tracker.py:100 | Updated track 3 with car at (532.3, 102.2)
2025-08-25 09:45:30 | RSUFusion.Track | DEBUG    | sort_tracker.py:100 | Updated track 4 with car at (274.1, 103.0)
2025-08-25 09:45:30 | RSUFusion.Track | DEBUG    | sort_tracker.py:100 | Updated track 6 with car at (570.7, 122.9)
2025-08-25 09:45:30 | RSUFusion.Track | DEBUG    | sort_tracker.py:100 | Updated track 3 with car at (532.3, 101.7)
2025-08-25 09:45:30 | RSUFusion.Track | DEBUG    | sort_tracker.py:100 | Updated track 4 with car at (274.1, 103.2)
2025-08-25 09:45:30 | RSUFusion.VisualizationProcess | DEBUG    | run_phase1.py:346 | Visualization: 40.2 FPS
2025-08-25 09:45:30 | RSUFusion.Track | DEBUG    | sort_tracker.py:100 | Updated track 6 with car at (570.6, 122.8)
2025-08-25 09:45:30 | RSUFusion.Track | DEBUG    | sort_tracker.py:100 | Updated track 3 with car at (532.2, 101.6)
2025-08-25 09:45:30 | RSUFusion.Track | DEBUG    | sort_tracker.py:100 | Updated track 4 with car at (274.2, 103.2)
2025-08-25 09:45:31 | RSUFusion.Track | DEBUG    | sort_tracker.py:100 | Updated track 6 with car at (570.7, 122.9)
2025-08-25 09:45:31 | RSUFusion.Track | DEBUG    | sort_tracker.py:100 | Updated track 3 with car at (532.1, 101.5)
2025-08-25 09:45:31 | RSUFusion.Track | DEBUG    | sort_tracker.py:100 | Updated track 4 with car at (274.1, 103.2)
2025-08-25 09:45:31 | RSUFusion.Track | DEBUG    | sort_tracker.py:100 | Updated track 6 with car at (570.7, 123.0)
2025-08-25 09:45:31 | RSUFusion.Track | DEBUG    | sort_tracker.py:100 | Updated track 3 with car at (532.2, 101.7)
2025-08-25 09:45:31 | RSUFusion.Track | DEBUG    | sort_tracker.py:100 | Updated track 4 with car at (274.1, 103.0)
2025-08-25 09:45:31 | RSUFusion.Track | DEBUG    | sort_tracker.py:100 | Updated track 6 with car at (570.7, 123.0)
2025-08-25 09:45:31 | RSUFusion.Track | DEBUG    | sort_tracker.py:100 | Updated track 3 with car at (532.2, 101.5)
2025-08-25 09:45:31 | RSUFusion.Track | DEBUG    | sort_tracker.py:100 | Updated track 4 with car at (274.2, 103.0)
2025-08-25 09:45:31 | RSUFusion.Track | DEBUG    | sort_tracker.py:100 | Updated track 6 with car at (570.7, 122.9)
2025-08-25 09:45:31 | RSUFusion.Track | DEBUG    | sort_tracker.py:100 | Updated track 3 with car at (532.2, 101.8)
2025-08-25 09:45:31 | RSUFusion.Track | DEBUG    | sort_tracker.py:100 | Updated track 4 with car at (274.2, 103.0)
2025-08-25 09:45:31 | RSUFusion.Track | DEBUG    | sort_tracker.py:100 | Updated track 6 with car at (570.7, 122.9)
2025-08-25 09:45:31 | RSUFusion.Track | DEBUG    | sort_tracker.py:100 | Updated track 3 with car at (532.2, 101.7)
2025-08-25 09:45:31 | RSUFusion.Track | DEBUG    | sort_tracker.py:100 | Updated track 4 with car at (274.2, 103.1)
2025-08-25 09:45:31 | RSUFusion.VisualizationProcess | DEBUG    | run_phase1.py:346 | Visualization: 46.2 FPS
2025-08-25 09:45:31 | RSUFusion.Track | DEBUG    | sort_tracker.py:100 | Updated track 6 with car at (570.7, 122.9)
2025-08-25 09:45:31 | RSUFusion.Track | DEBUG    | sort_tracker.py:100 | Updated track 3 with car at (532.2, 102.2)
2025-08-25 09:45:31 | RSUFusion.Track | DEBUG    | sort_tracker.py:100 | Updated track 4 with car at (274.1, 103.0)
2025-08-25 09:45:31 | RSUFusion.Track | DEBUG    | sort_tracker.py:100 | Updated track 6 with car at (570.7, 122.9)
2025-08-25 09:45:31 | RSUFusion.Track | DEBUG    | sort_tracker.py:100 | Updated track 3 with car at (532.1, 101.8)
2025-08-25 09:45:31 | RSUFusion.Track | DEBUG    | sort_tracker.py:100 | Updated track 4 with car at (274.2, 103.1)
2025-08-25 09:45:31 | RSUFusion.Track | DEBUG    | sort_tracker.py:100 | Updated track 6 with car at (570.6, 122.9)
2025-08-25 09:45:31 | RSUFusion.Track | DEBUG    | sort_tracker.py:100 | Updated track 3 with car at (532.0, 101.4)
2025-08-25 09:45:31 | RSUFusion.Track | DEBUG    | sort_tracker.py:100 | Updated track 4 with car at (274.2, 103.2)
2025-08-25 09:45:31 | RSUFusion.YOLODetector | DEBUG    | yolo_detector.py:155 | Detection performance: 65.3 FPS, 3 objects detected
2025-08-25 09:45:31 | RSUFusion.DetectionProcess | DEBUG    | run_phase1.py:198 | Detection: 57.6 FPS, 1587 detections processed
2025-08-25 09:45:31 | RSUFusion.Track | DEBUG    | sort_tracker.py:100 | Updated track 6 with car at (570.7, 122.9)
2025-08-25 09:45:31 | RSUFusion.Track | DEBUG    | sort_tracker.py:100 | Updated track 3 with car at (532.0, 101.4)
2025-08-25 09:45:31 | RSUFusion.Track | DEBUG    | sort_tracker.py:100 | Updated track 4 with car at (274.1, 103.2)
2025-08-25 09:45:31 | RSUFusion.SORTTracker | DEBUG    | sort_tracker.py:208 | SORT performance: 0.8ms/frame, 3 confirmed tracks
2025-08-25 09:45:31 | RSUFusion.TrackingProcess | DEBUG    | run_phase1.py:268 | Tracking: 3 confirmed tracks
2025-08-25 09:45:31 | RSUFusion.Track | DEBUG    | sort_tracker.py:100 | Updated track 6 with car at (570.7, 123.0)
2025-08-25 09:45:31 | RSUFusion.Track | DEBUG    | sort_tracker.py:100 | Updated track 3 with car at (532.1, 101.8)
2025-08-25 09:45:31 | RSUFusion.Track | DEBUG    | sort_tracker.py:100 | Updated track 4 with car at (274.2, 103.1)
2025-08-25 09:45:32 | RSUFusion.Track | DEBUG    | sort_tracker.py:100 | Updated track 6 with car at (570.7, 123.0)
2025-08-25 09:45:32 | RSUFusion.Track | DEBUG    | sort_tracker.py:100 | Updated track 3 with car at (532.1, 101.7)
2025-08-25 09:45:32 | RSUFusion.Track | DEBUG    | sort_tracker.py:100 | Updated track 4 with car at (274.2, 102.9)
2025-08-25 09:45:32 | RSUFusion.Track | DEBUG    | sort_tracker.py:100 | Updated track 6 with car at (570.7, 123.0)
2025-08-25 09:45:32 | RSUFusion.Track | DEBUG    | sort_tracker.py:100 | Updated track 3 with car at (532.1, 102.1)
2025-08-25 09:45:32 | RSUFusion.Track | DEBUG    | sort_tracker.py:100 | Updated track 4 with car at (274.2, 102.9)
2025-08-25 09:45:32 | RSUFusion.VisualizationProcess | DEBUG    | run_phase1.py:346 | Visualization: 41.2 FPS
2025-08-25 09:45:32 | RSUFusion.Track | DEBUG    | sort_tracker.py:100 | Updated track 6 with car at (570.8, 122.9)
2025-08-25 09:45:32 | RSUFusion.Track | DEBUG    | sort_tracker.py:100 | Updated track 3 with car at (532.1, 101.8)
2025-08-25 09:45:32 | RSUFusion.Track | DEBUG    | sort_tracker.py:100 | Updated track 4 with car at (274.3, 103.1)
2025-08-25 09:45:32 | RSUFusion.Track | DEBUG    | sort_tracker.py:100 | Updated track 6 with car at (570.7, 122.9)
2025-08-25 09:45:32 | RSUFusion.Track | DEBUG    | sort_tracker.py:100 | Updated track 3 with car at (532.1, 102.4)
2025-08-25 09:45:32 | RSUFusion.Track | DEBUG    | sort_tracker.py:100 | Updated track 4 with car at (274.2, 102.9)
2025-08-25 09:45:32 | RSUFusion.Track | DEBUG    | sort_tracker.py:100 | Updated track 6 with car at (570.7, 122.9)
2025-08-25 09:45:32 | RSUFusion.Track | DEBUG    | sort_tracker.py:100 | Updated track 3 with car at (532.1, 101.9)
2025-08-25 09:45:32 | RSUFusion.Track | DEBUG    | sort_tracker.py:100 | Updated track 4 with car at (274.2, 103.0)
2025-08-25 09:45:32 | RSUFusion.Track | DEBUG    | sort_tracker.py:100 | Updated track 6 with car at (570.6, 122.9)
2025-08-25 09:45:32 | RSUFusion.Track | DEBUG    | sort_tracker.py:100 | Updated track 3 with car at (532.0, 101.6)
2025-08-25 09:45:32 | RSUFusion.Track | DEBUG    | sort_tracker.py:100 | Updated track 4 with car at (274.3, 103.2)
2025-08-25 09:45:32 | RSUFusion.VisualizationProcess | DEBUG    | run_phase1.py:323 | Updated image (consumed 1 frames)
2025-08-25 09:45:32 | RSUFusion.Track | DEBUG    | sort_tracker.py:100 | Updated track 6 with car at (570.7, 122.9)
2025-08-25 09:45:32 | RSUFusion.Track | DEBUG    | sort_tracker.py:100 | Updated track 3 with car at (532.0, 101.4)
2025-08-25 09:45:32 | RSUFusion.Track | DEBUG    | sort_tracker.py:100 | Updated track 4 with car at (274.2, 103.2)
2025-08-25 09:45:32 | RSUFusion.Track | DEBUG    | sort_tracker.py:100 | Updated track 6 with car at (570.7, 123.0)
2025-08-25 09:45:32 | RSUFusion.Track | DEBUG    | sort_tracker.py:100 | Updated track 3 with car at (532.0, 101.6)
2025-08-25 09:45:32 | RSUFusion.Track | DEBUG    | sort_tracker.py:100 | Updated track 4 with car at (274.3, 103.1)
2025-08-25 09:45:32 | RSUFusion.VisualizationProcess | DEBUG    | run_phase1.py:346 | Visualization: 45.3 FPS
2025-08-25 09:45:32 | RSUFusion.Track | DEBUG    | sort_tracker.py:100 | Updated track 6 with car at (570.7, 123.0)
2025-08-25 09:45:32 | RSUFusion.Track | DEBUG    | sort_tracker.py:100 | Updated track 3 with car at (532.0, 101.8)
2025-08-25 09:45:32 | RSUFusion.Track | DEBUG    | sort_tracker.py:100 | Updated track 4 with car at (274.3, 102.8)
2025-08-25 09:45:33 | RSUFusion.Track | DEBUG    | sort_tracker.py:100 | Updated track 6 with car at (570.7, 123.0)
2025-08-25 09:45:33 | RSUFusion.Track | DEBUG    | sort_tracker.py:100 | Updated track 3 with car at (532.0, 101.9)
2025-08-25 09:45:33 | RSUFusion.Track | DEBUG    | sort_tracker.py:100 | Updated track 4 with car at (274.3, 102.7)
2025-08-25 09:45:33 | RSUFusion.Track | DEBUG    | sort_tracker.py:100 | Updated track 6 with car at (570.7, 122.9)
2025-08-25 09:45:33 | RSUFusion.Track | DEBUG    | sort_tracker.py:100 | Updated track 3 with car at (532.0, 101.7)
2025-08-25 09:45:33 | RSUFusion.Track | DEBUG    | sort_tracker.py:100 | Updated track 4 with car at (274.3, 103.0)
2025-08-25 09:45:33 | RSUFusion.Track | DEBUG    | sort_tracker.py:100 | Updated track 6 with car at (570.7, 122.9)
2025-08-25 09:45:33 | RSUFusion.Track | DEBUG    | sort_tracker.py:100 | Updated track 3 with car at (532.1, 102.4)
2025-08-25 09:45:33 | RSUFusion.Track | DEBUG    | sort_tracker.py:100 | Updated track 4 with car at (274.3, 102.9)
2025-08-25 09:45:33 | RSUFusion.Track | DEBUG    | sort_tracker.py:100 | Updated track 6 with car at (570.7, 123.0)
2025-08-25 09:45:33 | RSUFusion.Track | DEBUG    | sort_tracker.py:100 | Updated track 3 with car at (532.1, 101.9)
2025-08-25 09:45:33 | RSUFusion.Track | DEBUG    | sort_tracker.py:100 | Updated track 4 with car at (274.4, 102.9)
2025-08-25 09:45:33 | RSUFusion.CameraProcess | DEBUG    | run_phase1.py:146 | Ambulance speed: 0.0 km/h
2025-08-25 09:45:33 | RSUFusion.Track | DEBUG    | sort_tracker.py:100 | Updated track 6 with car at (570.7, 122.9)
2025-08-25 09:45:33 | RSUFusion.Track | DEBUG    | sort_tracker.py:100 | Updated track 3 with car at (531.9, 101.4)
2025-08-25 09:45:33 | RSUFusion.Track | DEBUG    | sort_tracker.py:100 | Updated track 4 with car at (274.3, 103.0)
2025-08-25 09:45:33 | RSUFusion.VisualizationProcess | DEBUG    | run_phase1.py:346 | Visualization: 49.7 FPS
2025-08-25 09:45:33 | RSUFusion.Track | DEBUG    | sort_tracker.py:100 | Updated track 6 with car at (570.6, 122.9)
2025-08-25 09:45:33 | RSUFusion.Track | DEBUG    | sort_tracker.py:100 | Updated track 3 with car at (532.0, 101.4)
2025-08-25 09:45:33 | RSUFusion.Track | DEBUG    | sort_tracker.py:100 | Updated track 4 with car at (274.4, 103.1)
2025-08-25 09:45:33 | RSUFusion.Track | DEBUG    | sort_tracker.py:100 | Updated track 6 with car at (570.7, 123.0)
2025-08-25 09:45:33 | RSUFusion.Track | DEBUG    | sort_tracker.py:100 | Updated track 3 with car at (532.0, 101.7)
2025-08-25 09:45:33 | RSUFusion.Track | DEBUG    | sort_tracker.py:100 | Updated track 4 with car at (274.4, 102.8)
2025-08-25 09:45:33 | RSUFusion.Track | DEBUG    | sort_tracker.py:100 | Updated track 6 with car at (570.7, 123.0)
2025-08-25 09:45:33 | RSUFusion.Track | DEBUG    | sort_tracker.py:100 | Updated track 3 with car at (531.9, 101.6)
2025-08-25 09:45:33 | RSUFusion.Track | DEBUG    | sort_tracker.py:100 | Updated track 4 with car at (274.3, 102.6)
2025-08-25 09:45:33 | RSUFusion.Track | DEBUG    | sort_tracker.py:100 | Updated track 6 with car at (570.7, 123.0)
2025-08-25 09:45:33 | RSUFusion.Track | DEBUG    | sort_tracker.py:100 | Updated track 3 with car at (531.9, 101.6)
2025-08-25 09:45:33 | RSUFusion.Track | DEBUG    | sort_tracker.py:100 | Updated track 4 with car at (274.3, 102.6)
2025-08-25 09:45:34 | RSUFusion.Track | DEBUG    | sort_tracker.py:100 | Updated track 6 with car at (570.7, 123.0)
2025-08-25 09:45:34 | RSUFusion.Track | DEBUG    | sort_tracker.py:100 | Updated track 3 with car at (532.0, 101.5)
2025-08-25 09:45:34 | RSUFusion.Track | DEBUG    | sort_tracker.py:100 | Updated track 4 with car at (274.4, 102.8)
2025-08-25 09:45:34 | RSUFusion.VisualizationProcess | DEBUG    | run_phase1.py:346 | Visualization: 50.9 FPS
2025-08-25 09:45:34 | RSUFusion.Track | DEBUG    | sort_tracker.py:100 | Updated track 6 with car at (570.7, 122.9)
2025-08-25 09:45:34 | RSUFusion.Track | DEBUG    | sort_tracker.py:100 | Updated track 3 with car at (532.0, 101.9)
2025-08-25 09:45:34 | RSUFusion.Track | DEBUG    | sort_tracker.py:100 | Updated track 4 with car at (274.3, 102.6)
2025-08-25 09:45:34 | RSUFusion.Track | DEBUG    | sort_tracker.py:100 | Updated track 6 with car at (571.0, 123.0)
2025-08-25 09:45:34 | RSUFusion.Track | DEBUG    | sort_tracker.py:100 | Updated track 3 with car at (532.1, 101.5)
2025-08-25 09:45:34 | RSUFusion.Track | DEBUG    | sort_tracker.py:100 | Updated track 4 with car at (274.3, 102.7)
2025-08-25 09:45:34 | RSUFusion.Track | DEBUG    | sort_tracker.py:100 | Updated track 6 with car at (570.8, 123.0)
2025-08-25 09:45:34 | RSUFusion.Track | DEBUG    | sort_tracker.py:100 | Updated track 3 with car at (532.0, 101.3)
2025-08-25 09:45:34 | RSUFusion.Track | DEBUG    | sort_tracker.py:100 | Updated track 4 with car at (274.4, 103.0)
2025-08-25 09:45:34 | RSUFusion.Track | DEBUG    | sort_tracker.py:100 | Updated track 6 with car at (570.8, 123.0)
2025-08-25 09:45:34 | RSUFusion.Track | DEBUG    | sort_tracker.py:100 | Updated track 3 with car at (532.0, 101.3)
2025-08-25 09:45:34 | RSUFusion.Track | DEBUG    | sort_tracker.py:100 | Updated track 4 with car at (274.3, 103.0)
2025-08-25 09:45:34 | RSUFusion.Track | DEBUG    | sort_tracker.py:100 | Updated track 6 with car at (570.8, 122.9)
2025-08-25 09:45:34 | RSUFusion.Track | DEBUG    | sort_tracker.py:100 | Updated track 3 with car at (531.9, 101.1)
2025-08-25 09:45:34 | RSUFusion.Track | DEBUG    | sort_tracker.py:100 | Updated track 4 with car at (274.4, 102.8)
2025-08-25 09:45:34 | RSUFusion.Track | DEBUG    | sort_tracker.py:100 | Updated track 6 with car at (570.9, 122.9)
2025-08-25 09:45:34 | RSUFusion.Track | DEBUG    | sort_tracker.py:100 | Updated track 3 with car at (531.9, 101.3)
2025-08-25 09:45:34 | RSUFusion.Track | DEBUG    | sort_tracker.py:100 | Updated track 4 with car at (274.5, 102.9)
2025-08-25 09:45:34 | RSUFusion.VisualizationProcess | DEBUG    | run_phase1.py:346 | Visualization: 52.5 FPS
2025-08-25 09:45:34 | RSUFusion.Track | DEBUG    | sort_tracker.py:100 | Updated track 6 with car at (570.9, 122.9)
2025-08-25 09:45:34 | RSUFusion.Track | DEBUG    | sort_tracker.py:100 | Updated track 3 with car at (531.9, 101.3)
2025-08-25 09:45:34 | RSUFusion.Track | DEBUG    | sort_tracker.py:100 | Updated track 4 with car at (274.5, 102.7)
2025-08-25 09:45:34 | RSUFusion.Track | DEBUG    | sort_tracker.py:100 | Updated track 6 with car at (570.9, 122.8)
2025-08-25 09:45:34 | RSUFusion.Track | DEBUG    | sort_tracker.py:100 | Updated track 3 with car at (531.9, 101.3)
2025-08-25 09:45:34 | RSUFusion.Track | DEBUG    | sort_tracker.py:100 | Updated track 4 with car at (274.6, 102.9)
2025-08-25 09:45:34 | RSUFusion.Track | DEBUG    | sort_tracker.py:100 | Updated track 6 with car at (570.8, 122.7)
2025-08-25 09:45:34 | RSUFusion.Track | DEBUG    | sort_tracker.py:100 | Updated track 3 with car at (532.0, 101.4)
2025-08-25 09:45:34 | RSUFusion.Track | DEBUG    | sort_tracker.py:100 | Updated track 4 with car at (274.5, 102.7)
2025-08-25 09:45:35 | RSUFusion.YOLODetector | DEBUG    | yolo_detector.py:155 | Detection performance: 55.1 FPS, 3 objects detected
2025-08-25 09:45:35 | RSUFusion.DetectionProcess | DEBUG    | run_phase1.py:198 | Detection: 56.1 FPS, 1677 detections processed
2025-08-25 09:45:35 | RSUFusion.Track | DEBUG    | sort_tracker.py:100 | Updated track 6 with car at (570.8, 122.2)
2025-08-25 09:45:35 | RSUFusion.Track | DEBUG    | sort_tracker.py:100 | Updated track 3 with car at (531.9, 101.1)
2025-08-25 09:45:35 | RSUFusion.Track | DEBUG    | sort_tracker.py:100 | Updated track 4 with car at (274.6, 102.9)
2025-08-25 09:45:35 | RSUFusion.SORTTracker | DEBUG    | sort_tracker.py:208 | SORT performance: 0.8ms/frame, 3 confirmed tracks
2025-08-25 09:45:35 | RSUFusion.TrackingProcess | DEBUG    | run_phase1.py:268 | Tracking: 3 confirmed tracks
2025-08-25 09:45:35 | RSUFusion.Track | DEBUG    | sort_tracker.py:100 | Updated track 6 with car at (570.6, 122.4)
2025-08-25 09:45:35 | RSUFusion.Track | DEBUG    | sort_tracker.py:100 | Updated track 3 with car at (531.7, 101.2)
2025-08-25 09:45:35 | RSUFusion.Track | DEBUG    | sort_tracker.py:100 | Updated track 4 with car at (274.5, 103.1)
2025-08-25 09:45:35 | RSUFusion.VisualizationProcess | DEBUG    | run_phase1.py:346 | Visualization: 51.6 FPS
2025-08-25 09:45:35 | RSUFusion.Track | DEBUG    | sort_tracker.py:100 | Updated track 6 with car at (570.3, 122.4)
2025-08-25 09:45:35 | RSUFusion.Track | DEBUG    | sort_tracker.py:100 | Updated track 3 with car at (531.7, 101.2)
2025-08-25 09:45:35 | RSUFusion.Track | DEBUG    | sort_tracker.py:100 | Updated track 4 with car at (274.5, 103.2)
2025-08-25 09:45:35 | RSUFusion.Track | DEBUG    | sort_tracker.py:100 | Updated track 6 with car at (570.3, 121.9)
2025-08-25 09:45:35 | RSUFusion.Track | DEBUG    | sort_tracker.py:100 | Updated track 3 with car at (531.9, 101.2)
2025-08-25 09:45:35 | RSUFusion.Track | DEBUG    | sort_tracker.py:100 | Updated track 4 with car at (274.6, 103.0)
2025-08-25 09:45:35 | RSUFusion.Track | DEBUG    | sort_tracker.py:100 | Updated track 6 with car at (570.2, 121.4)
2025-08-25 09:45:35 | RSUFusion.Track | DEBUG    | sort_tracker.py:100 | Updated track 3 with car at (532.1, 101.6)
2025-08-25 09:45:35 | RSUFusion.Track | DEBUG    | sort_tracker.py:100 | Updated track 4 with car at (274.6, 103.0)
2025-08-25 09:45:35 | RSUFusion.Track | DEBUG    | sort_tracker.py:100 | Updated track 6 with car at (569.9, 121.7)
2025-08-25 09:45:35 | RSUFusion.Track | DEBUG    | sort_tracker.py:100 | Updated track 3 with car at (531.9, 101.4)
2025-08-25 09:45:35 | RSUFusion.Track | DEBUG    | sort_tracker.py:100 | Updated track 4 with car at (274.6, 102.7)
2025-08-25 09:45:35 | RSUFusion.Track | DEBUG    | sort_tracker.py:100 | Updated track 6 with car at (570.0, 121.1)
2025-08-25 09:45:35 | RSUFusion.Track | DEBUG    | sort_tracker.py:100 | Updated track 4 with car at (274.6, 102.9)
2025-08-25 09:45:35 | RSUFusion.Track | DEBUG    | sort_tracker.py:100 | Updated track 3 with car at (532.0, 100.9)
2025-08-25 09:45:35 | RSUFusion.Track | DEBUG    | sort_tracker.py:100 | Updated track 3 with car at (532.0, 100.7)
2025-08-25 09:45:35 | RSUFusion.Track | DEBUG    | sort_tracker.py:100 | Updated track 6 with car at (569.9, 121.0)
2025-08-25 09:45:35 | RSUFusion.Track | DEBUG    | sort_tracker.py:100 | Updated track 4 with car at (274.5, 102.9)
2025-08-25 09:45:35 | RSUFusion.VisualizationProcess | DEBUG    | run_phase1.py:346 | Visualization: 51.5 FPS
2025-08-25 09:45:35 | RSUFusion.Track | DEBUG    | sort_tracker.py:100 | Updated track 3 with car at (531.9, 100.5)
2025-08-25 09:45:35 | RSUFusion.Track | DEBUG    | sort_tracker.py:100 | Updated track 4 with car at (274.6, 102.9)
2025-08-25 09:45:35 | RSUFusion.Track | DEBUG    | sort_tracker.py:100 | Updated track 6 with car at (569.9, 120.9)
2025-08-25 09:45:36 | RSUFusion.Track | DEBUG    | sort_tracker.py:100 | Updated track 3 with car at (531.8, 100.7)
2025-08-25 09:45:36 | RSUFusion.Track | DEBUG    | sort_tracker.py:100 | Updated track 4 with car at (274.6, 103.1)
2025-08-25 09:45:36 | RSUFusion.Track | DEBUG    | sort_tracker.py:100 | Updated track 6 with car at (569.6, 120.7)
2025-08-25 09:45:36 | RSUFusion.Track | DEBUG    | sort_tracker.py:100 | Updated track 3 with car at (531.6, 100.3)
2025-08-25 09:45:36 | RSUFusion.Track | DEBUG    | sort_tracker.py:100 | Updated track 4 with car at (274.5, 103.2)
2025-08-25 09:45:36 | RSUFusion.Track | DEBUG    | sort_tracker.py:100 | Updated track 6 with car at (569.3, 120.3)
2025-08-25 09:45:36 | RSUFusion.Track | DEBUG    | sort_tracker.py:100 | Updated track 3 with car at (531.7, 100.6)
2025-08-25 09:45:36 | RSUFusion.Track | DEBUG    | sort_tracker.py:100 | Updated track 4 with car at (274.6, 102.9)
2025-08-25 09:45:36 | RSUFusion.Track | DEBUG    | sort_tracker.py:100 | Updated track 6 with car at (569.6, 119.9)
2025-08-25 09:45:36 | RSUFusion.Track | DEBUG    | sort_tracker.py:100 | Updated track 3 with car at (531.7, 100.4)
2025-08-25 09:45:36 | RSUFusion.Track | DEBUG    | sort_tracker.py:100 | Updated track 4 with car at (274.6, 102.8)
2025-08-25 09:45:36 | RSUFusion.Track | DEBUG    | sort_tracker.py:100 | Updated track 6 with car at (569.6, 119.9)
2025-08-25 09:45:36 | RSUFusion.VisualizationProcess | DEBUG    | run_phase1.py:346 | Visualization: 50.7 FPS
2025-08-25 09:45:36 | RSUFusion.Track | DEBUG    | sort_tracker.py:100 | Updated track 3 with car at (531.9, 100.2)
2025-08-25 09:45:36 | RSUFusion.Track | DEBUG    | sort_tracker.py:100 | Updated track 4 with car at (274.5, 102.6)
2025-08-25 09:45:36 | RSUFusion.Track | DEBUG    | sort_tracker.py:100 | Updated track 6 with car at (570.1, 118.8)
2025-08-25 09:45:36 | RSUFusion.Track | DEBUG    | sort_tracker.py:100 | Updated track 4 with car at (274.5, 102.9)
2025-08-25 09:45:36 | RSUFusion.Track | DEBUG    | sort_tracker.py:100 | Updated track 3 with car at (531.7, 99.9)
2025-08-25 09:45:36 | RSUFusion.CameraProcess | DEBUG    | run_phase1.py:146 | Ambulance speed: 0.0 km/h
2025-08-25 09:45:36 | RSUFusion.Track | DEBUG    | sort_tracker.py:100 | Updated track 3 with car at (531.8, 99.9)
2025-08-25 09:45:36 | RSUFusion.Track | DEBUG    | sort_tracker.py:100 | Updated track 4 with car at (274.5, 102.8)
2025-08-25 09:45:36 | RSUFusion.Track | DEBUG    | sort_tracker.py:100 | Updated track 3 with car at (531.5, 99.8)
2025-08-25 09:45:36 | RSUFusion.Track | DEBUG    | sort_tracker.py:100 | Updated track 4 with car at (274.5, 102.8)
2025-08-25 09:45:36 | RSUFusion.Track | DEBUG    | sort_tracker.py:100 | Updated track 6 with car at (575.3, 114.0)
2025-08-25 09:45:36 | RSUFusion.Track | DEBUG    | sort_tracker.py:100 | Updated track 3 with car at (531.5, 99.7)
2025-08-25 09:45:36 | RSUFusion.Track | DEBUG    | sort_tracker.py:100 | Updated track 4 with car at (274.5, 103.1)
2025-08-25 09:45:37 | RSUFusion.VisualizationProcess | DEBUG    | run_phase1.py:346 | Visualization: 51.9 FPS
2025-08-25 09:45:37 | RSUFusion.Track | DEBUG    | sort_tracker.py:100 | Updated track 3 with car at (531.2, 99.6)
2025-08-25 09:45:37 | RSUFusion.Track | DEBUG    | sort_tracker.py:100 | Updated track 4 with car at (274.5, 103.1)
2025-08-25 09:45:37 | RSUFusion.Track | DEBUG    | sort_tracker.py:100 | Updated track 6 with car at (581.4, 112.3)
2025-08-25 09:45:37 | RSUFusion.Track | DEBUG    | sort_tracker.py:100 | Updated track 4 with car at (274.7, 103.1)
2025-08-25 09:45:37 | RSUFusion.Track | DEBUG    | sort_tracker.py:100 | Updated track 3 with car at (531.2, 99.4)
2025-08-25 09:45:37 | RSUFusion.Track | DEBUG    | sort_tracker.py:100 | Updated track 4 with car at (274.6, 102.6)
2025-08-25 09:45:37 | RSUFusion.Track | DEBUG    | sort_tracker.py:100 | Updated track 3 with car at (531.2, 99.4)
2025-08-25 09:45:37 | RSUFusion.Track | DEBUG    | sort_tracker.py:100 | Updated track 4 with car at (274.7, 102.7)
2025-08-25 09:45:37 | RSUFusion.Track | DEBUG    | sort_tracker.py:100 | Updated track 3 with car at (531.2, 99.6)
2025-08-25 09:45:37 | RSUFusion.Track | DEBUG    | sort_tracker.py:100 | Updated track 3 with car at (531.5, 99.7)
2025-08-25 09:45:37 | RSUFusion.Track | DEBUG    | sort_tracker.py:100 | Updated track 4 with car at (274.6, 102.8)
2025-08-25 09:45:37 | RSUFusion.Track | DEBUG    | sort_tracker.py:100 | Updated track 3 with car at (531.5, 99.7)
2025-08-25 09:45:37 | RSUFusion.Track | DEBUG    | sort_tracker.py:100 | Updated track 4 with car at (274.6, 102.9)
2025-08-25 09:45:37 | RSUFusion.VisualizationProcess | DEBUG    | run_phase1.py:346 | Visualization: 49.1 FPS
2025-08-25 09:45:37 | RSUFusion.Track | DEBUG    | sort_tracker.py:100 | Updated track 3 with car at (531.5, 99.7)
2025-08-25 09:45:37 | RSUFusion.Track | DEBUG    | sort_tracker.py:100 | Updated track 4 with car at (274.6, 102.8)
2025-08-25 09:45:37 | RSUFusion.Track | DEBUG    | sort_tracker.py:100 | Updated track 3 with car at (531.4, 99.7)
2025-08-25 09:45:37 | RSUFusion.Track | DEBUG    | sort_tracker.py:100 | Updated track 4 with car at (274.6, 103.1)
2025-08-25 09:45:37 | RSUFusion.KalmanFilter4D | DEBUG    | kalman_filter.py:88 | Kalman filter initialized at (619.6, 107.5)
2025-08-25 09:45:37 | RSUFusion.Track | DEBUG    | sort_tracker.py:51 | Created track 12 for car at (619.6, 107.5)
2025-08-25 09:45:37 | RSUFusion.SORTTracker | DEBUG    | sort_tracker.py:297 | Created new track 12 for car
2025-08-25 09:45:37 | RSUFusion.Track | DEBUG    | sort_tracker.py:100 | Updated track 3 with car at (531.4, 99.7)
2025-08-25 09:45:37 | RSUFusion.Track | DEBUG    | sort_tracker.py:100 | Updated track 4 with car at (274.7, 103.3)
2025-08-25 09:45:37 | RSUFusion.Track | DEBUG    | sort_tracker.py:100 | Updated track 12 with car at (626.3, 107.1)
2025-08-25 09:45:37 | RSUFusion.Track | DEBUG    | sort_tracker.py:100 | Updated track 3 with car at (531.4, 99.7)
2025-08-25 09:45:37 | RSUFusion.Track | DEBUG    | sort_tracker.py:100 | Updated track 4 with car at (274.8, 103.2)
2025-08-25 09:45:37 | RSUFusion.Track | DEBUG    | sort_tracker.py:100 | Updated track 12 with car at (639.9, 106.8)
2025-08-25 09:45:38 | RSUFusion.Track | DEBUG    | sort_tracker.py:100 | Updated track 3 with car at (531.4, 99.7)
2025-08-25 09:45:38 | RSUFusion.Track | DEBUG    | sort_tracker.py:100 | Updated track 4 with car at (274.8, 103.1)
2025-08-25 09:45:38 | RSUFusion.Track | DEBUG    | sort_tracker.py:100 | Updated track 12 with car at (643.8, 107.5)
2025-08-25 09:45:38 | RSUFusion.VisualizationProcess | DEBUG    | run_phase1.py:346 | Visualization: 52.5 FPS
2025-08-25 09:45:38 | RSUFusion.Phase1System | INFO     | run_phase1.py:398 | === System Performance Stats ===
2025-08-25 09:45:38 | RSUFusion.Phase1System | INFO     | run_phase1.py:408 | Visualization: 52.5 FPS
2025-08-25 09:45:38 | RSUFusion.Phase1System | INFO     | run_phase1.py:402 | Detection: 56.1 FPS
2025-08-25 09:45:38 | RSUFusion.Phase1System | INFO     | run_phase1.py:406 | Tracking: 3/3 tracks
2025-08-25 09:45:38 | RSUFusion.Phase1System | INFO     | run_phase1.py:411 | Queue sizes - Detection Images: 0, Visualization Images: 1, Detections: 0, Tracking: 0
2025-08-25 09:45:38 | RSUFusion.Track | DEBUG    | sort_tracker.py:100 | Updated track 3 with car at (531.4, 99.8)
2025-08-25 09:45:38 | RSUFusion.Track | DEBUG    | sort_tracker.py:100 | Updated track 4 with car at (274.8, 103.0)
2025-08-25 09:45:38 | RSUFusion.YOLODetector | DEBUG    | yolo_detector.py:155 | Detection performance: 54.8 FPS, 2 objects detected
2025-08-25 09:45:38 | RSUFusion.DetectionProcess | DEBUG    | run_phase1.py:198 | Detection: 57.6 FPS, 1756 detections processed
2025-08-25 09:45:38 | RSUFusion.Track | DEBUG    | sort_tracker.py:100 | Updated track 3 with car at (531.4, 99.8)
2025-08-25 09:45:38 | RSUFusion.Track | DEBUG    | sort_tracker.py:100 | Updated track 4 with car at (274.9, 103.3)
2025-08-25 09:45:38 | RSUFusion.SORTTracker | DEBUG    | sort_tracker.py:208 | SORT performance: 0.8ms/frame, 4 confirmed tracks
2025-08-25 09:45:38 | RSUFusion.TrackingProcess | DEBUG    | run_phase1.py:268 | Tracking: 4 confirmed tracks
2025-08-25 09:45:38 | RSUFusion.Track | DEBUG    | sort_tracker.py:100 | Updated track 3 with car at (531.4, 99.8)
2025-08-25 09:45:38 | RSUFusion.Track | DEBUG    | sort_tracker.py:100 | Updated track 4 with car at (274.8, 103.0)
2025-08-25 09:45:38 | RSUFusion.Track | DEBUG    | sort_tracker.py:100 | Updated track 3 with car at (531.4, 99.9)
2025-08-25 09:45:38 | RSUFusion.Track | DEBUG    | sort_tracker.py:100 | Updated track 4 with car at (274.9, 103.2)
2025-08-25 09:45:38 | RSUFusion.Track | DEBUG    | sort_tracker.py:100 | Updated track 3 with car at (531.3, 99.8)
2025-08-25 09:45:38 | RSUFusion.Track | DEBUG    | sort_tracker.py:100 | Updated track 4 with car at (274.9, 103.5)
2025-08-25 09:45:38 | RSUFusion.Track | DEBUG    | sort_tracker.py:100 | Updated track 3 with car at (531.4, 99.8)
2025-08-25 09:45:38 | RSUFusion.Track | DEBUG    | sort_tracker.py:100 | Updated track 4 with car at (274.8, 103.4)
2025-08-25 09:45:38 | RSUFusion.VisualizationProcess | DEBUG    | run_phase1.py:346 | Visualization: 50.8 FPS
2025-08-25 09:45:38 | RSUFusion.Track | DEBUG    | sort_tracker.py:100 | Updated track 3 with car at (531.4, 99.9)
2025-08-25 09:45:38 | RSUFusion.Track | DEBUG    | sort_tracker.py:100 | Updated track 4 with car at (275.0, 103.4)
2025-08-25 09:45:38 | RSUFusion.Track | DEBUG    | sort_tracker.py:100 | Updated track 3 with car at (531.4, 99.9)
2025-08-25 09:45:38 | RSUFusion.Track | DEBUG    | sort_tracker.py:100 | Updated track 4 with car at (274.9, 103.2)
2025-08-25 09:45:39 | RSUFusion.Track | DEBUG    | sort_tracker.py:100 | Updated track 3 with car at (531.4, 99.9)
2025-08-25 09:45:39 | RSUFusion.Track | DEBUG    | sort_tracker.py:100 | Updated track 4 with car at (274.9, 103.0)
2025-08-25 09:45:39 | RSUFusion.Track | DEBUG    | sort_tracker.py:100 | Updated track 3 with car at (531.4, 100.0)
2025-08-25 09:45:39 | RSUFusion.Track | DEBUG    | sort_tracker.py:100 | Updated track 4 with car at (274.9, 103.3)
2025-08-25 09:45:39 | RSUFusion.Track | DEBUG    | sort_tracker.py:100 | Updated track 3 with car at (531.4, 100.0)
2025-08-25 09:45:39 | RSUFusion.Track | DEBUG    | sort_tracker.py:100 | Updated track 4 with car at (274.9, 103.1)
2025-08-25 09:45:39 | RSUFusion.Track | DEBUG    | sort_tracker.py:100 | Updated track 3 with car at (531.4, 100.0)
2025-08-25 09:45:39 | RSUFusion.Track | DEBUG    | sort_tracker.py:100 | Updated track 4 with car at (275.0, 103.2)
2025-08-25 09:45:39 | RSUFusion.VisualizationProcess | DEBUG    | run_phase1.py:346 | Visualization: 49.3 FPS
2025-08-25 09:45:39 | RSUFusion.Track | DEBUG    | sort_tracker.py:100 | Updated track 3 with car at (531.4, 99.9)
2025-08-25 09:45:39 | RSUFusion.Track | DEBUG    | sort_tracker.py:100 | Updated track 4 with car at (274.9, 103.4)
2025-08-25 09:45:39 | RSUFusion.Track | DEBUG    | sort_tracker.py:100 | Updated track 3 with car at (531.4, 100.0)
2025-08-25 09:45:39 | RSUFusion.Track | DEBUG    | sort_tracker.py:100 | Updated track 4 with car at (274.9, 103.6)
2025-08-25 09:45:39 | RSUFusion.Track | DEBUG    | sort_tracker.py:100 | Updated track 3 with car at (531.3, 100.0)
2025-08-25 09:45:39 | RSUFusion.Track | DEBUG    | sort_tracker.py:100 | Updated track 4 with car at (275.0, 103.4)
2025-08-25 09:45:39 | RSUFusion.Track | DEBUG    | sort_tracker.py:100 | Updated track 3 with car at (531.3, 99.9)
2025-08-25 09:45:39 | RSUFusion.Track | DEBUG    | sort_tracker.py:100 | Updated track 4 with car at (275.0, 103.4)
2025-08-25 09:45:39 | RSUFusion.CameraProcess | DEBUG    | run_phase1.py:146 | Ambulance speed: 0.0 km/h
2025-08-25 09:45:39 | RSUFusion.Track | DEBUG    | sort_tracker.py:100 | Updated track 3 with car at (531.4, 100.0)
2025-08-25 09:45:39 | RSUFusion.Track | DEBUG    | sort_tracker.py:100 | Updated track 4 with car at (274.9, 103.3)
2025-08-25 09:45:40 | RSUFusion.Track | DEBUG    | sort_tracker.py:100 | Updated track 3 with car at (531.4, 100.0)
2025-08-25 09:45:40 | RSUFusion.Track | DEBUG    | sort_tracker.py:100 | Updated track 4 with car at (275.1, 103.5)
2025-08-25 09:45:40 | RSUFusion.VisualizationProcess | DEBUG    | run_phase1.py:346 | Visualization: 47.9 FPS
2025-08-25 09:45:40 | RSUFusion.Track | DEBUG    | sort_tracker.py:100 | Updated track 3 with car at (531.3, 100.0)
2025-08-25 09:45:40 | RSUFusion.Track | DEBUG    | sort_tracker.py:100 | Updated track 4 with car at (275.1, 103.4)
2025-08-25 09:45:40 | RSUFusion.Track | DEBUG    | sort_tracker.py:100 | Updated track 3 with car at (531.4, 99.9)
2025-08-25 09:45:40 | RSUFusion.Track | DEBUG    | sort_tracker.py:100 | Updated track 4 with car at (275.1, 103.3)
2025-08-25 09:45:40 | RSUFusion.Track | DEBUG    | sort_tracker.py:100 | Updated track 3 with car at (531.3, 99.9)
2025-08-25 09:45:40 | RSUFusion.Track | DEBUG    | sort_tracker.py:100 | Updated track 4 with car at (275.1, 103.6)
2025-08-25 09:45:40 | RSUFusion.SORTTracker | DEBUG    | sort_tracker.py:303 | Deleting track 6 (too old: 31 frames)
2025-08-25 09:45:40 | RSUFusion.Track | DEBUG    | sort_tracker.py:100 | Updated track 3 with car at (531.3, 100.0)
2025-08-25 09:45:40 | RSUFusion.Track | DEBUG    | sort_tracker.py:100 | Updated track 4 with car at (275.1, 103.6)
2025-08-25 09:45:40 | RSUFusion.Track | DEBUG    | sort_tracker.py:100 | Updated track 3 with car at (531.3, 99.9)
2025-08-25 09:45:40 | RSUFusion.Track | DEBUG    | sort_tracker.py:100 | Updated track 4 with car at (275.2, 103.6)
2025-08-25 09:45:40 | RSUFusion.VisualizationProcess | DEBUG    | run_phase1.py:346 | Visualization: 48.7 FPS
2025-08-25 09:45:40 | RSUFusion.VisualizationProcess | DEBUG    | run_phase1.py:323 | Updated image (consumed 1 frames)
2025-08-25 09:45:40 | RSUFusion.Track | DEBUG    | sort_tracker.py:100 | Updated track 3 with car at (531.3, 99.9)
2025-08-25 09:45:40 | RSUFusion.Track | DEBUG    | sort_tracker.py:100 | Updated track 4 with car at (275.1, 103.2)
2025-08-25 09:45:40 | RSUFusion.Track | DEBUG    | sort_tracker.py:100 | Updated track 3 with car at (531.3, 99.9)
2025-08-25 09:45:40 | RSUFusion.Track | DEBUG    | sort_tracker.py:100 | Updated track 4 with car at (275.1, 103.3)
2025-08-25 09:45:40 | RSUFusion.Track | DEBUG    | sort_tracker.py:100 | Updated track 3 with car at (531.3, 99.9)
2025-08-25 09:45:40 | RSUFusion.Track | DEBUG    | sort_tracker.py:100 | Updated track 4 with car at (275.1, 103.4)
2025-08-25 09:45:40 | RSUFusion.Track | DEBUG    | sort_tracker.py:100 | Updated track 3 with car at (531.3, 99.9)
2025-08-25 09:45:40 | RSUFusion.Track | DEBUG    | sort_tracker.py:100 | Updated track 4 with car at (275.0, 103.1)
2025-08-25 09:45:41 | RSUFusion.Track | DEBUG    | sort_tracker.py:100 | Updated track 3 with car at (531.2, 100.0)
2025-08-25 09:45:41 | RSUFusion.Track | DEBUG    | sort_tracker.py:100 | Updated track 4 with car at (275.1, 103.5)
2025-08-25 09:45:41 | RSUFusion.Track | DEBUG    | sort_tracker.py:100 | Updated track 3 with car at (531.2, 100.0)
2025-08-25 09:45:41 | RSUFusion.Track | DEBUG    | sort_tracker.py:100 | Updated track 4 with car at (275.1, 103.5)
2025-08-25 09:45:41 | RSUFusion.Track | DEBUG    | sort_tracker.py:100 | Updated track 3 with car at (531.2, 99.9)
2025-08-25 09:45:41 | RSUFusion.Track | DEBUG    | sort_tracker.py:100 | Updated track 4 with car at (275.1, 103.5)
2025-08-25 09:45:41 | RSUFusion.VisualizationProcess | DEBUG    | run_phase1.py:346 | Visualization: 41.5 FPS
2025-08-25 09:45:41 | RSUFusion.Track | DEBUG    | sort_tracker.py:100 | Updated track 3 with car at (531.2, 99.9)
2025-08-25 09:45:41 | RSUFusion.Track | DEBUG    | sort_tracker.py:100 | Updated track 4 with car at (275.1, 103.4)
2025-08-25 09:45:41 | RSUFusion.SORTTracker | DEBUG    | sort_tracker.py:303 | Deleting track 12 (too old: 31 frames)
2025-08-25 09:45:41 | RSUFusion.YOLODetector | DEBUG    | yolo_detector.py:155 | Detection performance: 56.4 FPS, 2 objects detected
2025-08-25 09:45:41 | RSUFusion.DetectionProcess | DEBUG    | run_phase1.py:198 | Detection: 56.8 FPS, 1816 detections processed
2025-08-25 09:45:41 | RSUFusion.Track | DEBUG    | sort_tracker.py:100 | Updated track 3 with car at (531.2, 100.0)
2025-08-25 09:45:41 | RSUFusion.Track | DEBUG    | sort_tracker.py:100 | Updated track 4 with car at (275.1, 103.2)
2025-08-25 09:45:41 | RSUFusion.SORTTracker | DEBUG    | sort_tracker.py:208 | SORT performance: 0.9ms/frame, 2 confirmed tracks
2025-08-25 09:45:41 | RSUFusion.TrackingProcess | DEBUG    | run_phase1.py:268 | Tracking: 2 confirmed tracks
2025-08-25 09:45:41 | RSUFusion.Track | DEBUG    | sort_tracker.py:100 | Updated track 3 with car at (531.2, 100.0)
2025-08-25 09:45:41 | RSUFusion.Track | DEBUG    | sort_tracker.py:100 | Updated track 4 with car at (275.2, 103.2)
2025-08-25 09:45:41 | RSUFusion.Track | DEBUG    | sort_tracker.py:100 | Updated track 3 with car at (531.2, 99.9)
2025-08-25 09:45:41 | RSUFusion.Track | DEBUG    | sort_tracker.py:100 | Updated track 4 with car at (275.1, 103.3)
2025-08-25 09:45:41 | RSUFusion.Track | DEBUG    | sort_tracker.py:100 | Updated track 3 with car at (531.2, 100.0)
2025-08-25 09:45:41 | RSUFusion.Track | DEBUG    | sort_tracker.py:100 | Updated track 4 with car at (275.1, 103.2)
2025-08-25 09:45:41 | RSUFusion.Track | DEBUG    | sort_tracker.py:100 | Updated track 3 with car at (531.2, 100.0)
2025-08-25 09:45:41 | RSUFusion.Track | DEBUG    | sort_tracker.py:100 | Updated track 4 with car at (275.1, 103.3)
2025-08-25 09:45:42 | RSUFusion.Track | DEBUG    | sort_tracker.py:100 | Updated track 3 with car at (531.1, 100.0)
2025-08-25 09:45:42 | RSUFusion.Track | DEBUG    | sort_tracker.py:100 | Updated track 4 with car at (275.2, 103.6)
2025-08-25 09:45:42 | RSUFusion.VisualizationProcess | DEBUG    | run_phase1.py:346 | Visualization: 41.3 FPS
2025-08-25 09:45:42 | RSUFusion.Track | DEBUG    | sort_tracker.py:100 | Updated track 3 with car at (531.1, 99.9)
2025-08-25 09:45:42 | RSUFusion.Track | DEBUG    | sort_tracker.py:100 | Updated track 4 with car at (275.1, 103.4)
2025-08-25 09:45:42 | RSUFusion.Track | DEBUG    | sort_tracker.py:100 | Updated track 3 with car at (531.0, 100.0)
2025-08-25 09:45:42 | RSUFusion.Track | DEBUG    | sort_tracker.py:100 | Updated track 4 with car at (275.2, 103.3)
2025-08-25 09:45:42 | RSUFusion.Track | DEBUG    | sort_tracker.py:100 | Updated track 3 with car at (531.1, 100.0)
2025-08-25 09:45:42 | RSUFusion.Track | DEBUG    | sort_tracker.py:100 | Updated track 4 with car at (275.2, 103.1)
2025-08-25 09:45:42 | RSUFusion.Track | DEBUG    | sort_tracker.py:100 | Updated track 3 with car at (531.0, 100.0)
2025-08-25 09:45:42 | RSUFusion.Track | DEBUG    | sort_tracker.py:100 | Updated track 4 with car at (275.1, 102.9)
2025-08-25 09:45:42 | RSUFusion.Track | DEBUG    | sort_tracker.py:100 | Updated track 3 with car at (531.0, 100.1)
2025-08-25 09:45:42 | RSUFusion.Track | DEBUG    | sort_tracker.py:100 | Updated track 4 with car at (275.2, 103.3)
2025-08-25 09:45:42 | RSUFusion.Track | DEBUG    | sort_tracker.py:100 | Updated track 3 with car at (531.0, 100.1)
2025-08-25 09:45:42 | RSUFusion.Track | DEBUG    | sort_tracker.py:100 | Updated track 4 with car at (275.2, 103.1)
2025-08-25 09:45:42 | RSUFusion.VisualizationProcess | DEBUG    | run_phase1.py:346 | Visualization: 44.0 FPS
2025-08-25 09:45:42 | RSUFusion.Track | DEBUG    | sort_tracker.py:100 | Updated track 3 with car at (531.1, 100.0)
2025-08-25 09:45:42 | RSUFusion.Track | DEBUG    | sort_tracker.py:100 | Updated track 4 with car at (275.1, 103.1)
2025-08-25 09:45:42 | RSUFusion.Track | DEBUG    | sort_tracker.py:100 | Updated track 3 with car at (531.0, 100.1)
2025-08-25 09:45:42 | RSUFusion.Track | DEBUG    | sort_tracker.py:100 | Updated track 4 with car at (275.1, 103.4)
2025-08-25 09:45:43 | RSUFusion.Track | DEBUG    | sort_tracker.py:100 | Updated track 3 with car at (531.0, 100.1)
2025-08-25 09:45:43 | RSUFusion.Track | DEBUG    | sort_tracker.py:100 | Updated track 4 with car at (275.1, 103.2)
2025-08-25 09:45:43 | RSUFusion.CameraProcess | DEBUG    | run_phase1.py:146 | Ambulance speed: 0.0 km/h
2025-08-25 09:45:43 | RSUFusion.Track | DEBUG    | sort_tracker.py:100 | Updated track 3 with car at (530.9, 100.0)
2025-08-25 09:45:43 | RSUFusion.Track | DEBUG    | sort_tracker.py:100 | Updated track 4 with car at (275.2, 103.3)
2025-08-25 09:45:43 | RSUFusion.Track | DEBUG    | sort_tracker.py:100 | Updated track 3 with car at (531.0, 100.1)
2025-08-25 09:45:43 | RSUFusion.Track | DEBUG    | sort_tracker.py:100 | Updated track 4 with car at (275.2, 102.8)
2025-08-25 09:45:43 | RSUFusion.Track | DEBUG    | sort_tracker.py:100 | Updated track 3 with car at (531.0, 100.2)
2025-08-25 09:45:43 | RSUFusion.Track | DEBUG    | sort_tracker.py:100 | Updated track 4 with car at (275.2, 103.1)
2025-08-25 09:45:43 | RSUFusion.VisualizationProcess | DEBUG    | run_phase1.py:346 | Visualization: 50.0 FPS
2025-08-25 09:45:43 | RSUFusion.Track | DEBUG    | sort_tracker.py:100 | Updated track 3 with car at (531.0, 100.2)
2025-08-25 09:45:43 | RSUFusion.Track | DEBUG    | sort_tracker.py:100 | Updated track 4 with car at (275.2, 103.2)
2025-08-25 09:45:43 | RSUFusion.Track | DEBUG    | sort_tracker.py:100 | Updated track 3 with car at (530.9, 100.2)
2025-08-25 09:45:43 | RSUFusion.Track | DEBUG    | sort_tracker.py:100 | Updated track 4 with car at (275.3, 103.1)
2025-08-25 09:45:43 | RSUFusion.Track | DEBUG    | sort_tracker.py:100 | Updated track 3 with car at (531.0, 100.2)
2025-08-25 09:45:43 | RSUFusion.Track | DEBUG    | sort_tracker.py:100 | Updated track 4 with car at (275.3, 103.1)
2025-08-25 09:45:43 | RSUFusion.Track | DEBUG    | sort_tracker.py:100 | Updated track 3 with car at (530.8, 100.2)
2025-08-25 09:45:43 | RSUFusion.Track | DEBUG    | sort_tracker.py:100 | Updated track 4 with car at (275.2, 103.3)
2025-08-25 09:45:43 | RSUFusion.Track | DEBUG    | sort_tracker.py:100 | Updated track 3 with car at (530.8, 100.1)
2025-08-25 09:45:43 | RSUFusion.Track | DEBUG    | sort_tracker.py:100 | Updated track 4 with car at (275.2, 103.3)
2025-08-25 09:45:43 | RSUFusion.VisualizationProcess | DEBUG    | run_phase1.py:346 | Visualization: 50.4 FPS
2025-08-25 09:45:43 | RSUFusion.Track | DEBUG    | sort_tracker.py:100 | Updated track 3 with car at (530.8, 100.1)
2025-08-25 09:45:43 | RSUFusion.Track | DEBUG    | sort_tracker.py:100 | Updated track 4 with car at (275.3, 103.3)
2025-08-25 09:45:44 | RSUFusion.Track | DEBUG    | sort_tracker.py:100 | Updated track 3 with car at (530.9, 100.2)
2025-08-25 09:45:44 | RSUFusion.Track | DEBUG    | sort_tracker.py:100 | Updated track 4 with car at (275.3, 103.2)
2025-08-25 09:45:44 | RSUFusion.Track | DEBUG    | sort_tracker.py:100 | Updated track 3 with car at (530.9, 100.2)
2025-08-25 09:45:44 | RSUFusion.Track | DEBUG    | sort_tracker.py:100 | Updated track 4 with car at (275.3, 103.1)
2025-08-25 09:45:44 | RSUFusion.Track | DEBUG    | sort_tracker.py:100 | Updated track 3 with car at (530.9, 100.2)
2025-08-25 09:45:44 | RSUFusion.Track | DEBUG    | sort_tracker.py:100 | Updated track 4 with car at (275.4, 103.4)
2025-08-25 09:45:44 | RSUFusion.Track | DEBUG    | sort_tracker.py:100 | Updated track 3 with car at (530.9, 100.3)
2025-08-25 09:45:44 | RSUFusion.Track | DEBUG    | sort_tracker.py:100 | Updated track 4 with car at (275.3, 103.0)
2025-08-25 09:45:44 | RSUFusion.Track | DEBUG    | sort_tracker.py:100 | Updated track 3 with car at (530.9, 100.2)
2025-08-25 09:45:44 | RSUFusion.Track | DEBUG    | sort_tracker.py:100 | Updated track 4 with car at (275.4, 103.1)
2025-08-25 09:45:44 | RSUFusion.VisualizationProcess | DEBUG    | run_phase1.py:346 | Visualization: 50.6 FPS
2025-08-25 09:45:44 | RSUFusion.Track | DEBUG    | sort_tracker.py:100 | Updated track 3 with car at (530.8, 100.1)
2025-08-25 09:45:44 | RSUFusion.Track | DEBUG    | sort_tracker.py:100 | Updated track 4 with car at (275.4, 103.4)
2025-08-25 09:45:44 | RSUFusion.YOLODetector | DEBUG    | yolo_detector.py:155 | Detection performance: 55.5 FPS, 2 objects detected
2025-08-25 09:45:44 | RSUFusion.DetectionProcess | DEBUG    | run_phase1.py:198 | Detection: 55.3 FPS, 1876 detections processed
2025-08-25 09:45:44 | RSUFusion.Track | DEBUG    | sort_tracker.py:100 | Updated track 3 with car at (530.7, 100.1)
2025-08-25 09:45:44 | RSUFusion.Track | DEBUG    | sort_tracker.py:100 | Updated track 4 with car at (275.3, 103.3)
2025-08-25 09:45:44 | RSUFusion.SORTTracker | DEBUG    | sort_tracker.py:208 | SORT performance: 0.7ms/frame, 2 confirmed tracks
2025-08-25 09:45:44 | RSUFusion.TrackingProcess | DEBUG    | run_phase1.py:268 | Tracking: 2 confirmed tracks
2025-08-25 09:45:44 | RSUFusion.Track | DEBUG    | sort_tracker.py:100 | Updated track 3 with car at (530.7, 100.2)
2025-08-25 09:45:44 | RSUFusion.Track | DEBUG    | sort_tracker.py:100 | Updated track 4 with car at (275.4, 103.4)
2025-08-25 09:45:44 | RSUFusion.Track | DEBUG    | sort_tracker.py:100 | Updated track 3 with car at (530.8, 100.2)
2025-08-25 09:45:44 | RSUFusion.Track | DEBUG    | sort_tracker.py:100 | Updated track 4 with car at (275.4, 103.1)
2025-08-25 09:45:45 | RSUFusion.Track | DEBUG    | sort_tracker.py:100 | Updated track 3 with car at (530.9, 100.1)
2025-08-25 09:45:45 | RSUFusion.Track | DEBUG    | sort_tracker.py:100 | Updated track 4 with car at (275.4, 103.1)
2025-08-25 09:45:45 | RSUFusion.Track | DEBUG    | sort_tracker.py:100 | Updated track 3 with car at (530.8, 100.3)
2025-08-25 09:45:45 | RSUFusion.Track | DEBUG    | sort_tracker.py:100 | Updated track 4 with car at (275.4, 103.3)
2025-08-25 09:45:45 | RSUFusion.VisualizationProcess | DEBUG    | run_phase1.py:346 | Visualization: 49.3 FPS
2025-08-25 09:45:45 | RSUFusion.Track | DEBUG    | sort_tracker.py:100 | Updated track 3 with car at (530.8, 100.3)
2025-08-25 09:45:45 | RSUFusion.Track | DEBUG    | sort_tracker.py:100 | Updated track 4 with car at (275.4, 103.1)
2025-08-25 09:45:45 | RSUFusion.Track | DEBUG    | sort_tracker.py:100 | Updated track 3 with car at (530.8, 100.3)
2025-08-25 09:45:45 | RSUFusion.Track | DEBUG    | sort_tracker.py:100 | Updated track 4 with car at (275.4, 103.3)
2025-08-25 09:45:45 | RSUFusion.Track | DEBUG    | sort_tracker.py:100 | Updated track 3 with car at (530.7, 100.2)
2025-08-25 09:45:45 | RSUFusion.Track | DEBUG    | sort_tracker.py:100 | Updated track 4 with car at (275.4, 103.5)
2025-08-25 09:45:45 | RSUFusion.Track | DEBUG    | sort_tracker.py:100 | Updated track 3 with car at (530.7, 100.2)
2025-08-25 09:45:45 | RSUFusion.Track | DEBUG    | sort_tracker.py:100 | Updated track 4 with car at (275.4, 103.8)
2025-08-25 09:45:45 | RSUFusion.Track | DEBUG    | sort_tracker.py:100 | Updated track 3 with car at (530.7, 100.2)
2025-08-25 09:45:45 | RSUFusion.Track | DEBUG    | sort_tracker.py:100 | Updated track 4 with car at (275.5, 103.6)
2025-08-25 09:45:45 | RSUFusion.VisualizationProcess | DEBUG    | run_phase1.py:346 | Visualization: 50.0 FPS
2025-08-25 09:45:45 | RSUFusion.Track | DEBUG    | sort_tracker.py:100 | Updated track 3 with car at (530.7, 100.3)
2025-08-25 09:45:45 | RSUFusion.Track | DEBUG    | sort_tracker.py:100 | Updated track 4 with car at (275.5, 103.6)
2025-08-25 09:45:45 | RSUFusion.Track | DEBUG    | sort_tracker.py:100 | Updated track 3 with car at (530.7, 100.3)
2025-08-25 09:45:45 | RSUFusion.Track | DEBUG    | sort_tracker.py:100 | Updated track 4 with car at (275.4, 103.3)
2025-08-25 09:45:46 | RSUFusion.Track | DEBUG    | sort_tracker.py:100 | Updated track 3 with car at (530.8, 100.3)
2025-08-25 09:45:46 | RSUFusion.Track | DEBUG    | sort_tracker.py:100 | Updated track 4 with car at (275.5, 103.6)
2025-08-25 09:45:46 | RSUFusion.Track | DEBUG    | sort_tracker.py:100 | Updated track 3 with car at (530.7, 100.3)
2025-08-25 09:45:46 | RSUFusion.Track | DEBUG    | sort_tracker.py:100 | Updated track 4 with car at (275.5, 103.4)
2025-08-25 09:45:46 | RSUFusion.Track | DEBUG    | sort_tracker.py:100 | Updated track 3 with car at (530.8, 100.3)
2025-08-25 09:45:46 | RSUFusion.Track | DEBUG    | sort_tracker.py:100 | Updated track 4 with car at (275.5, 103.5)
2025-08-25 09:45:46 | RSUFusion.CameraProcess | DEBUG    | run_phase1.py:146 | Ambulance speed: 0.0 km/h
2025-08-25 09:45:46 | RSUFusion.Track | DEBUG    | sort_tracker.py:100 | Updated track 3 with car at (530.5, 100.4)
2025-08-25 09:45:46 | RSUFusion.VisualizationProcess | DEBUG    | run_phase1.py:346 | Visualization: 52.3 FPS
2025-08-25 09:45:46 | RSUFusion.Track | DEBUG    | sort_tracker.py:100 | Updated track 4 with car at (275.5, 103.9)
2025-08-25 09:45:46 | RSUFusion.Track | DEBUG    | sort_tracker.py:100 | Updated track 3 with car at (530.5, 100.3)
2025-08-25 09:45:46 | RSUFusion.Track | DEBUG    | sort_tracker.py:100 | Updated track 4 with car at (275.5, 103.9)
2025-08-25 09:45:46 | RSUFusion.Track | DEBUG    | sort_tracker.py:100 | Updated track 3 with car at (530.6, 100.4)
2025-08-25 09:45:46 | RSUFusion.Track | DEBUG    | sort_tracker.py:100 | Updated track 4 with car at (275.5, 103.7)
2025-08-25 09:45:46 | RSUFusion.Track | DEBUG    | sort_tracker.py:100 | Updated track 3 with car at (530.6, 100.4)
2025-08-25 09:45:46 | RSUFusion.Track | DEBUG    | sort_tracker.py:100 | Updated track 4 with car at (275.5, 103.4)
2025-08-25 09:45:46 | RSUFusion.Track | DEBUG    | sort_tracker.py:100 | Updated track 3 with car at (530.7, 100.4)
2025-08-25 09:45:46 | RSUFusion.Track | DEBUG    | sort_tracker.py:100 | Updated track 4 with car at (275.5, 103.6)
2025-08-25 09:45:46 | RSUFusion.Track | DEBUG    | sort_tracker.py:100 | Updated track 3 with car at (530.7, 100.4)
2025-08-25 09:45:46 | RSUFusion.Track | DEBUG    | sort_tracker.py:100 | Updated track 4 with car at (275.5, 103.8)
2025-08-25 09:45:46 | RSUFusion.Track | DEBUG    | sort_tracker.py:100 | Updated track 3 with car at (530.7, 100.4)
2025-08-25 09:45:46 | RSUFusion.Track | DEBUG    | sort_tracker.py:100 | Updated track 4 with car at (275.6, 103.6)
2025-08-25 09:45:47 | RSUFusion.VisualizationProcess | DEBUG    | run_phase1.py:346 | Visualization: 46.3 FPS
2025-08-25 09:45:47 | RSUFusion.Track | DEBUG    | sort_tracker.py:100 | Updated track 3 with car at (530.6, 100.3)
2025-08-25 09:45:47 | RSUFusion.Track | DEBUG    | sort_tracker.py:100 | Updated track 4 with car at (275.6, 103.8)
2025-08-25 09:45:47 | RSUFusion.Track | DEBUG    | sort_tracker.py:100 | Updated track 3 with car at (530.4, 100.4)
2025-08-25 09:45:47 | RSUFusion.Track | DEBUG    | sort_tracker.py:100 | Updated track 4 with car at (275.6, 103.9)
2025-08-25 09:45:47 | RSUFusion.Track | DEBUG    | sort_tracker.py:100 | Updated track 3 with car at (530.4, 100.4)
2025-08-25 09:45:47 | RSUFusion.Track | DEBUG    | sort_tracker.py:100 | Updated track 4 with car at (275.5, 103.9)
2025-08-25 09:45:47 | RSUFusion.Track | DEBUG    | sort_tracker.py:100 | Updated track 3 with car at (530.6, 100.4)
2025-08-25 09:45:47 | RSUFusion.Track | DEBUG    | sort_tracker.py:100 | Updated track 4 with car at (275.6, 103.8)
2025-08-25 09:45:47 | RSUFusion.Track | DEBUG    | sort_tracker.py:100 | Updated track 3 with car at (530.6, 100.4)
2025-08-25 09:45:47 | RSUFusion.Track | DEBUG    | sort_tracker.py:100 | Updated track 4 with car at (275.5, 103.6)
2025-08-25 09:45:47 | RSUFusion.Track | DEBUG    | sort_tracker.py:100 | Updated track 3 with car at (530.5, 100.5)
2025-08-25 09:45:47 | RSUFusion.Track | DEBUG    | sort_tracker.py:100 | Updated track 4 with car at (275.5, 103.6)
2025-08-25 09:45:47 | RSUFusion.VisualizationProcess | DEBUG    | run_phase1.py:346 | Visualization: 46.6 FPS
2025-08-25 09:45:47 | RSUFusion.Track | DEBUG    | sort_tracker.py:100 | Updated track 3 with car at (530.6, 100.5)
2025-08-25 09:45:47 | RSUFusion.Track | DEBUG    | sort_tracker.py:100 | Updated track 4 with car at (275.5, 103.7)
2025-08-25 09:45:47 | RSUFusion.Track | DEBUG    | sort_tracker.py:100 | Updated track 3 with car at (530.5, 100.4)
2025-08-25 09:45:47 | RSUFusion.Track | DEBUG    | sort_tracker.py:100 | Updated track 4 with car at (275.6, 103.7)
2025-08-25 09:45:47 | RSUFusion.YOLODetector | DEBUG    | yolo_detector.py:155 | Detection performance: 58.4 FPS, 2 objects detected
2025-08-25 09:45:47 | RSUFusion.DetectionProcess | DEBUG    | run_phase1.py:198 | Detection: 56.2 FPS, 1936 detections processed
2025-08-25 09:45:47 | RSUFusion.Track | DEBUG    | sort_tracker.py:100 | Updated track 3 with car at (530.5, 100.3)
2025-08-25 09:45:47 | RSUFusion.Track | DEBUG    | sort_tracker.py:100 | Updated track 4 with car at (275.6, 103.8)
2025-08-25 09:45:47 | RSUFusion.SORTTracker | DEBUG    | sort_tracker.py:208 | SORT performance: 0.8ms/frame, 2 confirmed tracks
2025-08-25 09:45:47 | RSUFusion.TrackingProcess | DEBUG    | run_phase1.py:268 | Tracking: 2 confirmed tracks
2025-08-25 09:45:48 | RSUFusion.Track | DEBUG    | sort_tracker.py:100 | Updated track 3 with car at (530.3, 100.4)
2025-08-25 09:45:48 | RSUFusion.Track | DEBUG    | sort_tracker.py:100 | Updated track 4 with car at (275.6, 104.0)
2025-08-25 09:45:48 | RSUFusion.Track | DEBUG    | sort_tracker.py:100 | Updated track 3 with car at (530.2, 100.3)
2025-08-25 09:45:48 | RSUFusion.Track | DEBUG    | sort_tracker.py:100 | Updated track 4 with car at (275.5, 104.1)
2025-08-25 09:45:48 | RSUFusion.VisualizationProcess | DEBUG    | run_phase1.py:346 | Visualization: 47.4 FPS
2025-08-25 09:45:48 | RSUFusion.Track | DEBUG    | sort_tracker.py:100 | Updated track 3 with car at (530.3, 100.4)
2025-08-25 09:45:48 | RSUFusion.Track | DEBUG    | sort_tracker.py:100 | Updated track 4 with car at (275.6, 103.9)
2025-08-25 09:45:48 | RSUFusion.Track | DEBUG    | sort_tracker.py:100 | Updated track 3 with car at (530.4, 100.5)
2025-08-25 09:45:48 | RSUFusion.Track | DEBUG    | sort_tracker.py:100 | Updated track 4 with car at (275.6, 103.8)
2025-08-25 09:45:48 | RSUFusion.Track | DEBUG    | sort_tracker.py:100 | Updated track 3 with car at (530.3, 100.5)
2025-08-25 09:45:48 | RSUFusion.Track | DEBUG    | sort_tracker.py:100 | Updated track 4 with car at (275.6, 103.6)
2025-08-25 09:45:48 | RSUFusion.Track | DEBUG    | sort_tracker.py:100 | Updated track 3 with car at (530.4, 100.5)
2025-08-25 09:45:48 | RSUFusion.Track | DEBUG    | sort_tracker.py:100 | Updated track 4 with car at (275.6, 103.9)
2025-08-25 09:45:48 | RSUFusion.Track | DEBUG    | sort_tracker.py:100 | Updated track 3 with car at (530.4, 100.5)
2025-08-25 09:45:48 | RSUFusion.Track | DEBUG    | sort_tracker.py:100 | Updated track 4 with car at (275.6, 103.8)
2025-08-25 09:45:48 | RSUFusion.Track | DEBUG    | sort_tracker.py:100 | Updated track 3 with car at (530.4, 100.4)
2025-08-25 09:45:48 | RSUFusion.Track | DEBUG    | sort_tracker.py:100 | Updated track 4 with car at (275.6, 103.8)
2025-08-25 09:45:48 | RSUFusion.VisualizationProcess | DEBUG    | run_phase1.py:346 | Visualization: 51.3 FPS
2025-08-25 09:45:48 | RSUFusion.Track | DEBUG    | sort_tracker.py:100 | Updated track 3 with car at (530.3, 100.4)
2025-08-25 09:45:48 | RSUFusion.Track | DEBUG    | sort_tracker.py:100 | Updated track 4 with car at (275.6, 104.1)
2025-08-25 09:45:49 | RSUFusion.Track | DEBUG    | sort_tracker.py:100 | Updated track 3 with car at (530.2, 100.4)
2025-08-25 09:45:49 | RSUFusion.Track | DEBUG    | sort_tracker.py:100 | Updated track 4 with car at (275.6, 104.1)
2025-08-25 09:45:49 | RSUFusion.Track | DEBUG    | sort_tracker.py:100 | Updated track 3 with car at (530.3, 100.4)
2025-08-25 09:45:49 | RSUFusion.Track | DEBUG    | sort_tracker.py:100 | Updated track 4 with car at (275.6, 104.0)
2025-08-25 09:45:49 | RSUFusion.Track | DEBUG    | sort_tracker.py:100 | Updated track 3 with car at (530.3, 100.4)
2025-08-25 09:45:49 | RSUFusion.Track | DEBUG    | sort_tracker.py:100 | Updated track 4 with car at (275.6, 103.7)
2025-08-25 09:45:49 | RSUFusion.Track | DEBUG    | sort_tracker.py:100 | Updated track 3 with car at (530.2, 100.5)
2025-08-25 09:45:49 | RSUFusion.Track | DEBUG    | sort_tracker.py:100 | Updated track 4 with car at (275.6, 103.7)
2025-08-25 09:45:49 | RSUFusion.VisualizationProcess | DEBUG    | run_phase1.py:346 | Visualization: 52.9 FPS
2025-08-25 09:45:49 | RSUFusion.Track | DEBUG    | sort_tracker.py:100 | Updated track 3 with car at (530.4, 100.6)
2025-08-25 09:45:49 | RSUFusion.Track | DEBUG    | sort_tracker.py:100 | Updated track 4 with car at (275.6, 103.9)
2025-08-25 09:45:49 | RSUFusion.CameraProcess | DEBUG    | run_phase1.py:146 | Ambulance speed: 0.0 km/h
2025-08-25 09:45:49 | RSUFusion.Track | DEBUG    | sort_tracker.py:100 | Updated track 3 with car at (530.2, 100.5)
2025-08-25 09:45:49 | RSUFusion.Track | DEBUG    | sort_tracker.py:100 | Updated track 4 with car at (275.6, 103.7)
2025-08-25 09:45:49 | RSUFusion.Track | DEBUG    | sort_tracker.py:100 | Updated track 3 with car at (530.3, 100.5)
2025-08-25 09:45:49 | RSUFusion.Track | DEBUG    | sort_tracker.py:100 | Updated track 4 with car at (275.6, 103.8)
2025-08-25 09:45:49 | RSUFusion.Track | DEBUG    | sort_tracker.py:100 | Updated track 3 with car at (530.1, 100.5)
2025-08-25 09:45:49 | RSUFusion.Track | DEBUG    | sort_tracker.py:100 | Updated track 4 with car at (275.6, 104.2)
2025-08-25 09:45:49 | RSUFusion.Track | DEBUG    | sort_tracker.py:100 | Updated track 3 with car at (530.0, 100.5)
2025-08-25 09:45:49 | RSUFusion.Track | DEBUG    | sort_tracker.py:100 | Updated track 4 with car at (275.6, 104.2)
2025-08-25 09:45:49 | RSUFusion.VisualizationProcess | DEBUG    | run_phase1.py:346 | Visualization: 52.2 FPS
2025-08-25 09:45:49 | RSUFusion.Track | DEBUG    | sort_tracker.py:100 | Updated track 3 with car at (530.1, 100.4)
2025-08-25 09:45:49 | RSUFusion.Track | DEBUG    | sort_tracker.py:100 | Updated track 4 with car at (275.7, 104.1)
2025-08-25 09:45:50 | RSUFusion.Track | DEBUG    | sort_tracker.py:100 | Updated track 3 with car at (530.2, 100.5)
2025-08-25 09:45:50 | RSUFusion.Track | DEBUG    | sort_tracker.py:100 | Updated track 4 with car at (275.7, 104.0)
2025-08-25 09:45:50 | RSUFusion.Track | DEBUG    | sort_tracker.py:100 | Updated track 3 with car at (530.1, 100.5)
2025-08-25 09:45:50 | RSUFusion.Track | DEBUG    | sort_tracker.py:100 | Updated track 4 with car at (275.6, 103.9)
2025-08-25 09:45:50 | RSUFusion.Track | DEBUG    | sort_tracker.py:100 | Updated track 3 with car at (530.2, 100.5)
2025-08-25 09:45:50 | RSUFusion.Track | DEBUG    | sort_tracker.py:100 | Updated track 4 with car at (275.6, 103.9)
2025-08-25 09:45:50 | RSUFusion.Track | DEBUG    | sort_tracker.py:100 | Updated track 3 with car at (530.1, 100.5)
2025-08-25 09:45:50 | RSUFusion.Track | DEBUG    | sort_tracker.py:100 | Updated track 4 with car at (275.6, 103.8)
2025-08-25 09:45:50 | RSUFusion.Track | DEBUG    | sort_tracker.py:100 | Updated track 3 with car at (530.2, 100.4)
2025-08-25 09:45:50 | RSUFusion.Track | DEBUG    | sort_tracker.py:100 | Updated track 4 with car at (275.7, 103.9)
2025-08-25 09:45:50 | RSUFusion.VisualizationProcess | DEBUG    | run_phase1.py:346 | Visualization: 52.5 FPS
2025-08-25 09:45:50 | RSUFusion.Track | DEBUG    | sort_tracker.py:100 | Updated track 3 with car at (530.0, 100.4)
2025-08-25 09:45:50 | RSUFusion.Track | DEBUG    | sort_tracker.py:100 | Updated track 4 with car at (275.6, 104.1)
2025-08-25 09:45:50 | RSUFusion.Track | DEBUG    | sort_tracker.py:100 | Updated track 3 with car at (529.9, 100.4)
2025-08-25 09:45:50 | RSUFusion.Track | DEBUG    | sort_tracker.py:100 | Updated track 4 with car at (275.6, 104.3)
2025-08-25 09:45:50 | RSUFusion.Track | DEBUG    | sort_tracker.py:100 | Updated track 3 with car at (530.0, 100.3)
2025-08-25 09:45:50 | RSUFusion.Track | DEBUG    | sort_tracker.py:100 | Updated track 4 with car at (275.7, 104.0)
2025-08-25 09:45:50 | RSUFusion.Track | DEBUG    | sort_tracker.py:100 | Updated track 3 with car at (530.1, 100.4)
2025-08-25 09:45:50 | RSUFusion.Track | DEBUG    | sort_tracker.py:100 | Updated track 4 with car at (275.7, 103.9)
2025-08-25 09:45:51 | RSUFusion.Track | DEBUG    | sort_tracker.py:100 | Updated track 3 with car at (530.0, 100.4)
2025-08-25 09:45:51 | RSUFusion.Track | DEBUG    | sort_tracker.py:100 | Updated track 4 with car at (275.7, 104.0)
2025-08-25 09:45:51 | RSUFusion.VisualizationProcess | DEBUG    | run_phase1.py:346 | Visualization: 52.3 FPS
2025-08-25 09:45:51 | RSUFusion.YOLODetector | DEBUG    | yolo_detector.py:155 | Detection performance: 55.0 FPS, 2 objects detected
2025-08-25 09:45:51 | RSUFusion.DetectionProcess | DEBUG    | run_phase1.py:198 | Detection: 56.4 FPS, 1996 detections processed
2025-08-25 09:45:51 | RSUFusion.Track | DEBUG    | sort_tracker.py:100 | Updated track 3 with car at (530.2, 100.5)
2025-08-25 09:45:51 | RSUFusion.Track | DEBUG    | sort_tracker.py:100 | Updated track 4 with car at (275.7, 103.9)
2025-08-25 09:45:51 | RSUFusion.SORTTracker | DEBUG    | sort_tracker.py:208 | SORT performance: 0.8ms/frame, 2 confirmed tracks
2025-08-25 09:45:51 | RSUFusion.TrackingProcess | DEBUG    | run_phase1.py:268 | Tracking: 2 confirmed tracks
2025-08-25 09:45:51 | RSUFusion.Track | DEBUG    | sort_tracker.py:100 | Updated track 3 with car at (530.1, 100.5)
2025-08-25 09:45:51 | RSUFusion.Track | DEBUG    | sort_tracker.py:100 | Updated track 4 with car at (275.7, 104.0)
2025-08-25 09:45:51 | RSUFusion.Track | DEBUG    | sort_tracker.py:100 | Updated track 3 with car at (530.1, 100.4)
2025-08-25 09:45:51 | RSUFusion.Track | DEBUG    | sort_tracker.py:100 | Updated track 4 with car at (275.7, 104.0)
2025-08-25 09:45:51 | RSUFusion.Track | DEBUG    | sort_tracker.py:100 | Updated track 3 with car at (530.0, 100.4)
2025-08-25 09:45:51 | RSUFusion.Track | DEBUG    | sort_tracker.py:100 | Updated track 4 with car at (275.7, 104.1)
2025-08-25 09:45:51 | RSUFusion.Track | DEBUG    | sort_tracker.py:100 | Updated track 3 with car at (529.9, 100.4)
2025-08-25 09:45:51 | RSUFusion.Track | DEBUG    | sort_tracker.py:100 | Updated track 4 with car at (275.7, 104.2)
2025-08-25 09:45:51 | RSUFusion.Track | DEBUG    | sort_tracker.py:100 | Updated track 3 with car at (530.0, 100.4)
2025-08-25 09:45:51 | RSUFusion.Track | DEBUG    | sort_tracker.py:100 | Updated track 4 with car at (275.7, 104.1)
2025-08-25 09:45:51 | RSUFusion.VisualizationProcess | DEBUG    | run_phase1.py:346 | Visualization: 52.9 FPS
2025-08-25 09:45:51 | RSUFusion.Track | DEBUG    | sort_tracker.py:100 | Updated track 3 with car at (530.0, 100.4)
2025-08-25 09:45:51 | RSUFusion.Track | DEBUG    | sort_tracker.py:100 | Updated track 4 with car at (275.8, 103.9)
2025-08-25 09:45:51 | RSUFusion.Track | DEBUG    | sort_tracker.py:100 | Updated track 3 with car at (530.0, 100.4)
2025-08-25 09:45:51 | RSUFusion.Track | DEBUG    | sort_tracker.py:100 | Updated track 4 with car at (275.7, 104.0)
2025-08-25 09:45:52 | RSUFusion.Track | DEBUG    | sort_tracker.py:100 | Updated track 3 with car at (530.0, 100.5)
2025-08-25 09:45:52 | RSUFusion.Track | DEBUG    | sort_tracker.py:100 | Updated track 4 with car at (275.8, 104.0)
2025-08-25 09:45:52 | RSUFusion.Track | DEBUG    | sort_tracker.py:100 | Updated track 3 with car at (529.9, 100.4)
2025-08-25 09:45:52 | RSUFusion.Track | DEBUG    | sort_tracker.py:100 | Updated track 4 with car at (275.8, 104.0)
2025-08-25 09:45:52 | RSUFusion.Track | DEBUG    | sort_tracker.py:100 | Updated track 3 with car at (529.9, 100.4)
2025-08-25 09:45:52 | RSUFusion.Track | DEBUG    | sort_tracker.py:100 | Updated track 4 with car at (275.8, 104.0)
2025-08-25 09:45:52 | RSUFusion.VisualizationProcess | DEBUG    | run_phase1.py:346 | Visualization: 52.3 FPS
2025-08-25 09:45:52 | RSUFusion.Track | DEBUG    | sort_tracker.py:100 | Updated track 3 with car at (529.9, 100.3)
2025-08-25 09:45:52 | RSUFusion.Track | DEBUG    | sort_tracker.py:100 | Updated track 4 with car at (275.8, 104.2)
2025-08-25 09:45:52 | RSUFusion.Track | DEBUG    | sort_tracker.py:100 | Updated track 3 with car at (529.8, 100.4)
2025-08-25 09:45:52 | RSUFusion.Track | DEBUG    | sort_tracker.py:100 | Updated track 4 with car at (275.8, 104.3)
2025-08-25 09:45:52 | RSUFusion.Track | DEBUG    | sort_tracker.py:100 | Updated track 3 with car at (529.9, 100.3)
2025-08-25 09:45:52 | RSUFusion.Track | DEBUG    | sort_tracker.py:100 | Updated track 4 with car at (275.8, 104.2)
2025-08-25 09:45:52 | RSUFusion.Track | DEBUG    | sort_tracker.py:100 | Updated track 3 with car at (529.9, 100.4)
2025-08-25 09:45:52 | RSUFusion.Track | DEBUG    | sort_tracker.py:100 | Updated track 4 with car at (275.8, 104.0)
2025-08-25 09:45:52 | RSUFusion.CameraProcess | DEBUG    | run_phase1.py:146 | Ambulance speed: 0.0 km/h
2025-08-25 09:45:52 | RSUFusion.Track | DEBUG    | sort_tracker.py:100 | Updated track 3 with car at (529.9, 100.4)
2025-08-25 09:45:52 | RSUFusion.Track | DEBUG    | sort_tracker.py:100 | Updated track 4 with car at (275.8, 104.0)
2025-08-25 09:45:52 | RSUFusion.VisualizationProcess | DEBUG    | run_phase1.py:346 | Visualization: 52.1 FPS
2025-08-25 09:45:52 | RSUFusion.VisualizationProcess | DEBUG    | run_phase1.py:323 | Updated image (consumed 1 frames)
2025-08-25 09:45:52 | RSUFusion.Track | DEBUG    | sort_tracker.py:100 | Updated track 3 with car at (530.0, 100.4)
2025-08-25 09:45:52 | RSUFusion.Track | DEBUG    | sort_tracker.py:100 | Updated track 4 with car at (275.8, 104.0)
2025-08-25 09:45:52 | RSUFusion.Track | DEBUG    | sort_tracker.py:100 | Updated track 3 with car at (529.9, 100.4)
2025-08-25 09:45:52 | RSUFusion.Track | DEBUG    | sort_tracker.py:100 | Updated track 4 with car at (275.9, 104.0)
2025-08-25 09:45:53 | RSUFusion.Track | DEBUG    | sort_tracker.py:100 | Updated track 3 with car at (529.9, 100.3)
2025-08-25 09:45:53 | RSUFusion.Track | DEBUG    | sort_tracker.py:100 | Updated track 4 with car at (275.8, 104.1)
2025-08-25 09:45:53 | RSUFusion.Track | DEBUG    | sort_tracker.py:100 | Updated track 3 with car at (529.9, 100.4)
2025-08-25 09:45:53 | RSUFusion.Track | DEBUG    | sort_tracker.py:100 | Updated track 4 with car at (275.8, 104.3)
2025-08-25 09:45:53 | RSUFusion.Track | DEBUG    | sort_tracker.py:100 | Updated track 3 with car at (529.7, 100.3)
2025-08-25 09:45:53 | RSUFusion.Track | DEBUG    | sort_tracker.py:100 | Updated track 4 with car at (275.8, 104.3)
2025-08-25 09:45:53 | RSUFusion.KalmanFilter4D | DEBUG    | kalman_filter.py:88 | Kalman filter initialized at (712.6, 98.3)
2025-08-25 09:45:53 | RSUFusion.Track | DEBUG    | sort_tracker.py:51 | Created track 13 for car at (712.6, 98.3)
2025-08-25 09:45:53 | RSUFusion.SORTTracker | DEBUG    | sort_tracker.py:297 | Created new track 13 for car
2025-08-25 09:45:53 | RSUFusion.Track | DEBUG    | sort_tracker.py:100 | Updated track 3 with car at (529.8, 100.3)
2025-08-25 09:45:53 | RSUFusion.Track | DEBUG    | sort_tracker.py:100 | Updated track 4 with car at (275.8, 104.2)
2025-08-25 09:45:53 | RSUFusion.VisualizationProcess | DEBUG    | run_phase1.py:346 | Visualization: 46.7 FPS
2025-08-25 09:45:53 | RSUFusion.Track | DEBUG    | sort_tracker.py:100 | Updated track 3 with car at (529.9, 100.3)
2025-08-25 09:45:53 | RSUFusion.Track | DEBUG    | sort_tracker.py:100 | Updated track 13 with car at (709.1, 97.9)
2025-08-25 09:45:53 | RSUFusion.Track | DEBUG    | sort_tracker.py:100 | Updated track 4 with car at (275.8, 103.9)
2025-08-25 09:45:53 | RSUFusion.Track | DEBUG    | sort_tracker.py:100 | Updated track 3 with car at (529.8, 100.4)
2025-08-25 09:45:53 | RSUFusion.Track | DEBUG    | sort_tracker.py:100 | Updated track 4 with car at (275.8, 104.0)
2025-08-25 09:45:53 | RSUFusion.Track | DEBUG    | sort_tracker.py:100 | Updated track 13 with car at (707.9, 98.2)
2025-08-25 09:45:53 | RSUFusion.Track | DEBUG    | sort_tracker.py:100 | Updated track 3 with car at (530.0, 100.3)
2025-08-25 09:45:53 | RSUFusion.Track | DEBUG    | sort_tracker.py:100 | Updated track 4 with car at (275.7, 104.0)
2025-08-25 09:45:53 | RSUFusion.Track | DEBUG    | sort_tracker.py:100 | Updated track 3 with car at (529.9, 100.3)
2025-08-25 09:45:53 | RSUFusion.Track | DEBUG    | sort_tracker.py:100 | Updated track 4 with car at (275.8, 104.1)
2025-08-25 09:45:53 | RSUFusion.Track | DEBUG    | sort_tracker.py:100 | Updated track 3 with car at (529.9, 100.3)
2025-08-25 09:45:53 | RSUFusion.Track | DEBUG    | sort_tracker.py:100 | Updated track 4 with car at (275.8, 104.2)
2025-08-25 09:45:54 | RSUFusion.Track | DEBUG    | sort_tracker.py:100 | Updated track 3 with car at (529.7, 100.3)
2025-08-25 09:45:54 | RSUFusion.Track | DEBUG    | sort_tracker.py:100 | Updated track 4 with car at (275.8, 104.3)
2025-08-25 09:45:54 | RSUFusion.VisualizationProcess | DEBUG    | run_phase1.py:346 | Visualization: 52.2 FPS
2025-08-25 09:45:54 | RSUFusion.Track | DEBUG    | sort_tracker.py:100 | Updated track 3 with car at (529.6, 100.3)
2025-08-25 09:45:54 | RSUFusion.Track | DEBUG    | sort_tracker.py:100 | Updated track 4 with car at (275.8, 104.3)
2025-08-25 09:45:54 | RSUFusion.Track | DEBUG    | sort_tracker.py:100 | Updated track 3 with car at (529.7, 100.3)
2025-08-25 09:45:54 | RSUFusion.Track | DEBUG    | sort_tracker.py:100 | Updated track 4 with car at (275.8, 104.1)
2025-08-25 09:45:54 | RSUFusion.YOLODetector | DEBUG    | yolo_detector.py:155 | Detection performance: 61.7 FPS, 3 objects detected
2025-08-25 09:45:54 | RSUFusion.DetectionProcess | DEBUG    | run_phase1.py:198 | Detection: 58.0 FPS, 2060 detections processed
2025-08-25 09:45:54 | RSUFusion.Track | DEBUG    | sort_tracker.py:100 | Updated track 3 with car at (529.8, 100.3)
2025-08-25 09:45:54 | RSUFusion.Track | DEBUG    | sort_tracker.py:100 | Updated track 4 with car at (275.8, 104.0)
2025-08-25 09:45:54 | RSUFusion.KalmanFilter4D | DEBUG    | kalman_filter.py:88 | Kalman filter initialized at (670.5, 97.7)
2025-08-25 09:45:54 | RSUFusion.Track | DEBUG    | sort_tracker.py:51 | Created track 14 for car at (670.5, 97.7)
2025-08-25 09:45:54 | RSUFusion.SORTTracker | DEBUG    | sort_tracker.py:297 | Created new track 14 for car
2025-08-25 09:45:54 | RSUFusion.SORTTracker | DEBUG    | sort_tracker.py:208 | SORT performance: 0.7ms/frame, 3 confirmed tracks
2025-08-25 09:45:54 | RSUFusion.TrackingProcess | DEBUG    | run_phase1.py:268 | Tracking: 3 confirmed tracks
2025-08-25 09:45:54 | RSUFusion.Track | DEBUG    | sort_tracker.py:100 | Updated track 3 with car at (529.7, 100.3)
2025-08-25 09:45:54 | RSUFusion.Track | DEBUG    | sort_tracker.py:100 | Updated track 14 with car at (665.4, 98.1)
2025-08-25 09:45:54 | RSUFusion.Track | DEBUG    | sort_tracker.py:100 | Updated track 4 with car at (275.9, 104.0)
2025-08-25 09:45:54 | RSUFusion.Track | DEBUG    | sort_tracker.py:100 | Updated track 3 with car at (529.8, 100.4)
2025-08-25 09:45:54 | RSUFusion.Track | DEBUG    | sort_tracker.py:100 | Updated track 14 with car at (662.2, 98.1)
2025-08-25 09:45:54 | RSUFusion.Track | DEBUG    | sort_tracker.py:100 | Updated track 4 with car at (275.8, 104.1)
2025-08-25 09:45:54 | RSUFusion.VisualizationProcess | DEBUG    | run_phase1.py:346 | Visualization: 50.1 FPS
2025-08-25 09:45:54 | RSUFusion.Track | DEBUG    | sort_tracker.py:100 | Updated track 3 with car at (529.8, 100.4)
2025-08-25 09:45:54 | RSUFusion.Track | DEBUG    | sort_tracker.py:100 | Updated track 4 with car at (276.0, 104.3)
2025-08-25 09:45:54 | RSUFusion.Track | DEBUG    | sort_tracker.py:100 | Updated track 14 with car at (657.9, 98.1)
2025-08-25 09:45:54 | RSUFusion.Track | DEBUG    | sort_tracker.py:100 | Updated track 3 with car at (529.7, 100.3)
2025-08-25 09:45:54 | RSUFusion.Track | DEBUG    | sort_tracker.py:100 | Updated track 4 with car at (275.9, 104.2)
2025-08-25 09:45:54 | RSUFusion.Track | DEBUG    | sort_tracker.py:100 | Updated track 14 with car at (653.7, 97.4)
2025-08-25 09:45:54 | RSUFusion.Track | DEBUG    | sort_tracker.py:100 | Updated track 3 with car at (529.6, 100.3)
2025-08-25 09:45:54 | RSUFusion.Track | DEBUG    | sort_tracker.py:100 | Updated track 4 with car at (275.9, 104.4)
2025-08-25 09:45:54 | RSUFusion.Track | DEBUG    | sort_tracker.py:100 | Updated track 14 with car at (649.8, 97.5)
2025-08-25 09:45:55 | RSUFusion.Track | DEBUG    | sort_tracker.py:100 | Updated track 14 with car at (641.3, 97.9)
2025-08-25 09:45:55 | RSUFusion.Track | DEBUG    | sort_tracker.py:100 | Updated track 3 with car at (529.6, 100.3)
2025-08-25 09:45:55 | RSUFusion.Track | DEBUG    | sort_tracker.py:100 | Updated track 4 with car at (275.9, 104.4)
2025-08-25 09:45:55 | RSUFusion.Track | DEBUG    | sort_tracker.py:100 | Updated track 14 with car at (639.6, 98.3)
2025-08-25 09:45:55 | RSUFusion.Track | DEBUG    | sort_tracker.py:100 | Updated track 3 with car at (529.6, 100.2)
2025-08-25 09:45:55 | RSUFusion.Track | DEBUG    | sort_tracker.py:100 | Updated track 4 with car at (275.9, 104.2)
2025-08-25 09:45:55 | RSUFusion.Track | DEBUG    | sort_tracker.py:100 | Updated track 14 with car at (635.7, 98.4)
2025-08-25 09:45:55 | RSUFusion.Track | DEBUG    | sort_tracker.py:100 | Updated track 3 with car at (529.6, 100.3)
2025-08-25 09:45:55 | RSUFusion.Track | DEBUG    | sort_tracker.py:100 | Updated track 4 with car at (275.9, 104.1)
2025-08-25 09:45:55 | RSUFusion.VisualizationProcess | DEBUG    | run_phase1.py:346 | Visualization: 51.7 FPS
2025-08-25 09:45:55 | RSUFusion.Track | DEBUG    | sort_tracker.py:100 | Updated track 14 with car at (633.5, 98.4)
2025-08-25 09:45:55 | RSUFusion.Track | DEBUG    | sort_tracker.py:100 | Updated track 3 with car at (529.6, 100.4)
2025-08-25 09:45:55 | RSUFusion.Track | DEBUG    | sort_tracker.py:100 | Updated track 4 with car at (276.0, 104.2)
2025-08-25 09:45:55 | RSUFusion.Track | DEBUG    | sort_tracker.py:100 | Updated track 14 with car at (632.0, 98.4)
2025-08-25 09:45:55 | RSUFusion.Track | DEBUG    | sort_tracker.py:100 | Updated track 3 with car at (529.7, 100.4)
2025-08-25 09:45:55 | RSUFusion.Track | DEBUG    | sort_tracker.py:100 | Updated track 4 with car at (275.9, 104.2)
2025-08-25 09:45:55 | RSUFusion.Track | DEBUG    | sort_tracker.py:100 | Updated track 14 with car at (623.4, 98.3)
2025-08-25 09:45:55 | RSUFusion.Track | DEBUG    | sort_tracker.py:100 | Updated track 3 with car at (529.6, 100.4)
2025-08-25 09:45:55 | RSUFusion.Track | DEBUG    | sort_tracker.py:100 | Updated track 4 with car at (276.0, 104.2)
2025-08-25 09:45:55 | RSUFusion.Track | DEBUG    | sort_tracker.py:100 | Updated track 14 with car at (620.0, 98.2)
2025-08-25 09:45:55 | RSUFusion.Track | DEBUG    | sort_tracker.py:100 | Updated track 3 with car at (529.6, 100.3)
2025-08-25 09:45:55 | RSUFusion.Track | DEBUG    | sort_tracker.py:100 | Updated track 4 with car at (276.0, 104.2)
2025-08-25 09:45:55 | RSUFusion.Track | DEBUG    | sort_tracker.py:100 | Updated track 3 with car at (529.5, 100.4)
2025-08-25 09:45:55 | RSUFusion.Track | DEBUG    | sort_tracker.py:100 | Updated track 14 with car at (615.6, 98.4)
2025-08-25 09:45:55 | RSUFusion.Track | DEBUG    | sort_tracker.py:100 | Updated track 4 with car at (276.0, 104.4)
2025-08-25 09:45:55 | RSUFusion.KalmanFilter4D | DEBUG    | kalman_filter.py:88 | Kalman filter initialized at (719.9, 98.5)
2025-08-25 09:45:55 | RSUFusion.Track | DEBUG    | sort_tracker.py:51 | Created track 15 for car at (719.9, 98.5)
2025-08-25 09:45:55 | RSUFusion.SORTTracker | DEBUG    | sort_tracker.py:297 | Created new track 15 for car
2025-08-25 09:45:55 | RSUFusion.VisualizationProcess | DEBUG    | run_phase1.py:346 | Visualization: 54.9 FPS
2025-08-25 09:45:55 | RSUFusion.Track | DEBUG    | sort_tracker.py:100 | Updated track 3 with car at (529.3, 100.4)
2025-08-25 09:45:55 | RSUFusion.Track | DEBUG    | sort_tracker.py:100 | Updated track 14 with car at (610.7, 98.5)
2025-08-25 09:45:55 | RSUFusion.Track | DEBUG    | sort_tracker.py:100 | Updated track 4 with car at (276.0, 104.5)
2025-08-25 09:45:55 | RSUFusion.Track | DEBUG    | sort_tracker.py:100 | Updated track 15 with car at (717.5, 98.5)
2025-08-25 09:45:55 | RSUFusion.CameraProcess | DEBUG    | run_phase1.py:146 | Ambulance speed: 0.0 km/h
2025-08-25 09:45:55 | RSUFusion.Track | DEBUG    | sort_tracker.py:100 | Updated track 3 with car at (529.5, 100.3)
2025-08-25 09:45:55 | RSUFusion.Track | DEBUG    | sort_tracker.py:100 | Updated track 14 with car at (609.6, 98.4)
2025-08-25 09:45:55 | RSUFusion.Track | DEBUG    | sort_tracker.py:100 | Updated track 4 with car at (275.9, 104.3)
2025-08-25 09:45:55 | RSUFusion.Track | DEBUG    | sort_tracker.py:100 | Updated track 15 with car at (716.5, 98.6)
2025-08-25 09:45:56 | RSUFusion.Track | DEBUG    | sort_tracker.py:100 | Updated track 3 with car at (529.5, 100.4)
2025-08-25 09:45:56 | RSUFusion.Track | DEBUG    | sort_tracker.py:100 | Updated track 14 with car at (610.6, 98.3)
2025-08-25 09:45:56 | RSUFusion.Track | DEBUG    | sort_tracker.py:100 | Updated track 4 with car at (276.0, 104.1)
2025-08-25 09:45:56 | RSUFusion.Track | DEBUG    | sort_tracker.py:100 | Updated track 15 with car at (715.3, 98.3)
2025-08-25 09:45:56 | RSUFusion.Track | DEBUG    | sort_tracker.py:100 | Updated track 14 with car at (606.6, 98.4)
2025-08-25 09:45:56 | RSUFusion.Track | DEBUG    | sort_tracker.py:100 | Updated track 3 with car at (529.5, 100.5)
2025-08-25 09:45:56 | RSUFusion.Track | DEBUG    | sort_tracker.py:100 | Updated track 4 with car at (276.0, 104.1)
2025-08-25 09:45:56 | RSUFusion.Track | DEBUG    | sort_tracker.py:100 | Updated track 15 with car at (714.5, 97.7)
2025-08-25 09:45:56 | RSUFusion.Track | DEBUG    | sort_tracker.py:100 | Updated track 14 with car at (606.3, 98.4)
2025-08-25 09:45:56 | RSUFusion.Track | DEBUG    | sort_tracker.py:100 | Updated track 3 with car at (529.5, 100.5)
2025-08-25 09:45:56 | RSUFusion.Track | DEBUG    | sort_tracker.py:100 | Updated track 4 with car at (275.9, 104.1)
2025-08-25 09:45:56 | RSUFusion.KalmanFilter4D | DEBUG    | kalman_filter.py:88 | Kalman filter initialized at (913.0, 507.6)
2025-08-25 09:45:56 | RSUFusion.Track | DEBUG    | sort_tracker.py:51 | Created track 16 for car at (913.0, 507.6)
2025-08-25 09:45:56 | RSUFusion.SORTTracker | DEBUG    | sort_tracker.py:297 | Created new track 16 for car
2025-08-25 09:45:56 | RSUFusion.VisualizationProcess | DEBUG    | run_phase1.py:346 | Visualization: 50.6 FPS
2025-08-25 09:45:56 | RSUFusion.Track | DEBUG    | sort_tracker.py:100 | Updated track 14 with car at (606.4, 98.3)
2025-08-25 09:45:56 | RSUFusion.Track | DEBUG    | sort_tracker.py:100 | Updated track 3 with car at (529.4, 100.5)
2025-08-25 09:45:56 | RSUFusion.Track | DEBUG    | sort_tracker.py:100 | Updated track 16 with car at (901.6, 494.3)
2025-08-25 09:45:56 | RSUFusion.Track | DEBUG    | sort_tracker.py:100 | Updated track 4 with car at (276.1, 104.1)
2025-08-25 09:45:56 | RSUFusion.Track | DEBUG    | sort_tracker.py:100 | Updated track 15 with car at (709.4, 97.9)
2025-08-25 09:45:56 | RSUFusion.Track | DEBUG    | sort_tracker.py:100 | Updated track 16 with car at (891.5, 480.3)
2025-08-25 09:45:56 | RSUFusion.Track | DEBUG    | sort_tracker.py:100 | Updated track 14 with car at (606.2, 98.2)
2025-08-25 09:45:56 | RSUFusion.Track | DEBUG    | sort_tracker.py:100 | Updated track 3 with car at (529.5, 100.5)
2025-08-25 09:45:56 | RSUFusion.Track | DEBUG    | sort_tracker.py:100 | Updated track 4 with car at (276.1, 104.2)
2025-08-25 09:45:56 | RSUFusion.Track | DEBUG    | sort_tracker.py:100 | Updated track 15 with car at (707.1, 97.7)
2025-08-25 09:45:56 | RSUFusion.Track | DEBUG    | sort_tracker.py:100 | Updated track 16 with car at (882.9, 469.6)
2025-08-25 09:45:56 | RSUFusion.Track | DEBUG    | sort_tracker.py:100 | Updated track 14 with car at (606.1, 98.2)
2025-08-25 09:45:56 | RSUFusion.Track | DEBUG    | sort_tracker.py:100 | Updated track 3 with car at (529.2, 100.5)
2025-08-25 09:45:56 | RSUFusion.Track | DEBUG    | sort_tracker.py:100 | Updated track 4 with car at (276.1, 104.4)
2025-08-25 09:45:56 | RSUFusion.Track | DEBUG    | sort_tracker.py:100 | Updated track 15 with car at (706.7, 97.3)
2025-08-25 09:45:56 | RSUFusion.Track | DEBUG    | sort_tracker.py:100 | Updated track 16 with car at (874.3, 458.5)
2025-08-25 09:45:56 | RSUFusion.Track | DEBUG    | sort_tracker.py:100 | Updated track 3 with car at (529.1, 100.5)
2025-08-25 09:45:56 | RSUFusion.Track | DEBUG    | sort_tracker.py:100 | Updated track 14 with car at (606.1, 98.2)
2025-08-25 09:45:56 | RSUFusion.Track | DEBUG    | sort_tracker.py:100 | Updated track 4 with car at (276.1, 104.5)
2025-08-25 09:45:56 | RSUFusion.Track | DEBUG    | sort_tracker.py:100 | Updated track 16 with car at (867.5, 448.6)
2025-08-25 09:45:56 | RSUFusion.Track | DEBUG    | sort_tracker.py:100 | Updated track 3 with car at (529.3, 100.4)
2025-08-25 09:45:56 | RSUFusion.Track | DEBUG    | sort_tracker.py:100 | Updated track 14 with car at (606.5, 98.2)
2025-08-25 09:45:56 | RSUFusion.Track | DEBUG    | sort_tracker.py:100 | Updated track 4 with car at (276.1, 104.3)
2025-08-25 09:45:56 | RSUFusion.Track | DEBUG    | sort_tracker.py:100 | Updated track 16 with car at (861.1, 437.3)
2025-08-25 09:45:56 | RSUFusion.Track | DEBUG    | sort_tracker.py:100 | Updated track 3 with car at (529.4, 100.4)
2025-08-25 09:45:56 | RSUFusion.Track | DEBUG    | sort_tracker.py:100 | Updated track 4 with car at (276.2, 104.2)
2025-08-25 09:45:56 | RSUFusion.Track | DEBUG    | sort_tracker.py:100 | Updated track 14 with car at (607.3, 98.1)
2025-08-25 09:45:56 | RSUFusion.SORTTracker | DEBUG    | sort_tracker.py:303 | Deleting track 13 (too old: 31 frames)
2025-08-25 09:45:56 | RSUFusion.VisualizationProcess | DEBUG    | run_phase1.py:346 | Visualization: 50.3 FPS
2025-08-25 09:45:57 | RSUFusion.Track | DEBUG    | sort_tracker.py:100 | Updated track 16 with car at (854.2, 416.7)
2025-08-25 09:45:57 | RSUFusion.Track | DEBUG    | sort_tracker.py:100 | Updated track 3 with car at (529.2, 100.5)
2025-08-25 09:45:57 | RSUFusion.Track | DEBUG    | sort_tracker.py:100 | Updated track 4 with car at (276.1, 104.3)
2025-08-25 09:45:57 | RSUFusion.Track | DEBUG    | sort_tracker.py:100 | Updated track 14 with car at (613.1, 98.0)
2025-08-25 09:45:57 | RSUFusion.Track | DEBUG    | sort_tracker.py:100 | Updated track 16 with car at (849.2, 398.7)
2025-08-25 09:45:57 | RSUFusion.Track | DEBUG    | sort_tracker.py:100 | Updated track 3 with car at (529.4, 100.6)
2025-08-25 09:45:57 | RSUFusion.Track | DEBUG    | sort_tracker.py:100 | Updated track 4 with car at (276.0, 104.3)
2025-08-25 09:45:57 | RSUFusion.Track | DEBUG    | sort_tracker.py:100 | Updated track 14 with car at (612.0, 98.1)
2025-08-25 09:45:57 | RSUFusion.Track | DEBUG    | sort_tracker.py:100 | Updated track 16 with car at (841.9, 382.7)
2025-08-25 09:45:57 | RSUFusion.Track | DEBUG    | sort_tracker.py:100 | Updated track 3 with car at (529.3, 100.6)
2025-08-25 09:45:57 | RSUFusion.Track | DEBUG    | sort_tracker.py:100 | Updated track 14 with car at (615.2, 98.2)
2025-08-25 09:45:57 | RSUFusion.Track | DEBUG    | sort_tracker.py:100 | Updated track 4 with car at (276.3, 104.3)
2025-08-25 09:45:57 | RSUFusion.Track | DEBUG    | sort_tracker.py:100 | Updated track 16 with car at (826.0, 367.0)
2025-08-25 09:45:57 | RSUFusion.Track | DEBUG    | sort_tracker.py:100 | Updated track 3 with car at (529.3, 100.4)
2025-08-25 09:45:57 | RSUFusion.Track | DEBUG    | sort_tracker.py:100 | Updated track 4 with car at (276.2, 104.3)
2025-08-25 09:45:57 | RSUFusion.Track | DEBUG    | sort_tracker.py:100 | Updated track 14 with car at (609.5, 98.1)
2025-08-25 09:45:57 | RSUFusion.Track | DEBUG    | sort_tracker.py:100 | Updated track 16 with car at (812.7, 353.1)
2025-08-25 09:45:57 | RSUFusion.Track | DEBUG    | sort_tracker.py:100 | Updated track 3 with car at (529.1, 100.5)
2025-08-25 09:45:57 | RSUFusion.Track | DEBUG    | sort_tracker.py:100 | Updated track 4 with car at (276.2, 104.4)
2025-08-25 09:45:57 | RSUFusion.Track | DEBUG    | sort_tracker.py:100 | Updated track 14 with car at (609.3, 98.0)
2025-08-25 09:45:57 | RSUFusion.VisualizationProcess | DEBUG    | run_phase1.py:346 | Visualization: 50.3 FPS
2025-08-25 09:45:57 | RSUFusion.YOLODetector | DEBUG    | yolo_detector.py:155 | Detection performance: 55.3 FPS, 5 objects detected
2025-08-25 09:45:57 | RSUFusion.DetectionProcess | DEBUG    | run_phase1.py:198 | Detection: 57.2 FPS, 2172 detections processed
2025-08-25 09:45:57 | RSUFusion.Track | DEBUG    | sort_tracker.py:100 | Updated track 16 with car at (798.7, 340.2)
2025-08-25 09:45:57 | RSUFusion.Track | DEBUG    | sort_tracker.py:100 | Updated track 3 with car at (529.1, 100.4)
2025-08-25 09:45:57 | RSUFusion.Track | DEBUG    | sort_tracker.py:100 | Updated track 4 with car at (276.2, 104.4)
2025-08-25 09:45:57 | RSUFusion.Track | DEBUG    | sort_tracker.py:100 | Updated track 14 with car at (609.7, 98.0)
2025-08-25 09:45:57 | RSUFusion.Track | DEBUG    | sort_tracker.py:100 | Updated track 15 with car at (683.3, 97.8)
2025-08-25 09:45:57 | RSUFusion.SORTTracker | DEBUG    | sort_tracker.py:208 | SORT performance: 1.0ms/frame, 5 confirmed tracks
2025-08-25 09:45:57 | RSUFusion.TrackingProcess | DEBUG    | run_phase1.py:268 | Tracking: 5 confirmed tracks
2025-08-25 09:45:57 | RSUFusion.Track | DEBUG    | sort_tracker.py:100 | Updated track 16 with car at (787.7, 329.4)
2025-08-25 09:45:57 | RSUFusion.Track | DEBUG    | sort_tracker.py:100 | Updated track 3 with car at (529.1, 100.4)
2025-08-25 09:45:57 | RSUFusion.Track | DEBUG    | sort_tracker.py:100 | Updated track 4 with car at (276.1, 104.2)
2025-08-25 09:45:57 | RSUFusion.Track | DEBUG    | sort_tracker.py:100 | Updated track 14 with car at (609.5, 98.1)
2025-08-25 09:45:57 | RSUFusion.Track | DEBUG    | sort_tracker.py:100 | Updated track 15 with car at (683.1, 97.8)
2025-08-25 09:45:57 | RSUFusion.Track | DEBUG    | sort_tracker.py:100 | Updated track 16 with car at (776.6, 316.9)
2025-08-25 09:45:57 | RSUFusion.Track | DEBUG    | sort_tracker.py:100 | Updated track 3 with car at (529.1, 100.4)
2025-08-25 09:45:57 | RSUFusion.Track | DEBUG    | sort_tracker.py:100 | Updated track 4 with car at (276.1, 104.0)
2025-08-25 09:45:57 | RSUFusion.Track | DEBUG    | sort_tracker.py:100 | Updated track 14 with car at (611.2, 98.0)
2025-08-25 09:45:57 | RSUFusion.Track | DEBUG    | sort_tracker.py:100 | Updated track 15 with car at (682.9, 97.7)
2025-08-25 09:45:57 | RSUFusion.Track | DEBUG    | sort_tracker.py:100 | Updated track 16 with car at (765.9, 308.6)
2025-08-25 09:45:57 | RSUFusion.Track | DEBUG    | sort_tracker.py:100 | Updated track 3 with car at (529.1, 100.4)
2025-08-25 09:45:57 | RSUFusion.Track | DEBUG    | sort_tracker.py:100 | Updated track 4 with car at (276.0, 104.1)
2025-08-25 09:45:57 | RSUFusion.Track | DEBUG    | sort_tracker.py:100 | Updated track 14 with car at (615.2, 98.1)
2025-08-25 09:45:57 | RSUFusion.Track | DEBUG    | sort_tracker.py:100 | Updated track 15 with car at (683.0, 97.8)
2025-08-25 09:45:58 | RSUFusion.Track | DEBUG    | sort_tracker.py:100 | Updated track 16 with car at (756.6, 299.1)
2025-08-25 09:45:58 | RSUFusion.Track | DEBUG    | sort_tracker.py:100 | Updated track 3 with car at (529.2, 100.5)
2025-08-25 09:45:58 | RSUFusion.Track | DEBUG    | sort_tracker.py:100 | Updated track 4 with car at (276.0, 104.1)
2025-08-25 09:45:58 | RSUFusion.Track | DEBUG    | sort_tracker.py:100 | Updated track 14 with car at (615.1, 98.3)
2025-08-25 09:45:58 | RSUFusion.Track | DEBUG    | sort_tracker.py:100 | Updated track 15 with car at (682.9, 97.7)
2025-08-25 09:45:58 | RSUFusion.Track | DEBUG    | sort_tracker.py:100 | Updated track 16 with car at (746.9, 290.8)
2025-08-25 09:45:58 | RSUFusion.Track | DEBUG    | sort_tracker.py:100 | Updated track 3 with car at (529.2, 100.4)
2025-08-25 09:45:58 | RSUFusion.Track | DEBUG    | sort_tracker.py:100 | Updated track 14 with car at (615.1, 98.2)
2025-08-25 09:45:58 | RSUFusion.Track | DEBUG    | sort_tracker.py:100 | Updated track 4 with car at (276.1, 104.0)
2025-08-25 09:45:58 | RSUFusion.Track | DEBUG    | sort_tracker.py:100 | Updated track 15 with car at (683.1, 98.1)
2025-08-25 09:45:58 | RSUFusion.VisualizationProcess | DEBUG    | run_phase1.py:346 | Visualization: 50.4 FPS
2025-08-25 09:45:58 | RSUFusion.Track | DEBUG    | sort_tracker.py:100 | Updated track 16 with car at (737.6, 283.7)
2025-08-25 09:45:58 | RSUFusion.Track | DEBUG    | sort_tracker.py:100 | Updated track 3 with car at (529.3, 100.5)
2025-08-25 09:45:58 | RSUFusion.Track | DEBUG    | sort_tracker.py:100 | Updated track 4 with car at (276.1, 104.1)
2025-08-25 09:45:58 | RSUFusion.Track | DEBUG    | sort_tracker.py:100 | Updated track 14 with car at (608.9, 98.1)
2025-08-25 09:45:58 | RSUFusion.Track | DEBUG    | sort_tracker.py:100 | Updated track 15 with car at (683.0, 98.0)
2025-08-25 09:45:58 | RSUFusion.Track | DEBUG    | sort_tracker.py:100 | Updated track 16 with car at (730.8, 275.4)
2025-08-25 09:45:58 | RSUFusion.Track | DEBUG    | sort_tracker.py:100 | Updated track 3 with car at (529.1, 100.4)
2025-08-25 09:45:58 | RSUFusion.Track | DEBUG    | sort_tracker.py:100 | Updated track 4 with car at (276.1, 104.3)
2025-08-25 09:45:58 | RSUFusion.Track | DEBUG    | sort_tracker.py:100 | Updated track 14 with car at (614.9, 98.1)
2025-08-25 09:45:58 | RSUFusion.Track | DEBUG    | sort_tracker.py:100 | Updated track 15 with car at (683.1, 98.2)
2025-08-25 09:45:58 | RSUFusion.Track | DEBUG    | sort_tracker.py:100 | Updated track 16 with car at (722.0, 268.9)
2025-08-25 09:45:58 | RSUFusion.Track | DEBUG    | sort_tracker.py:100 | Updated track 3 with car at (529.1, 100.3)
2025-08-25 09:45:58 | RSUFusion.Track | DEBUG    | sort_tracker.py:100 | Updated track 4 with car at (276.1, 104.4)
2025-08-25 09:45:58 | RSUFusion.Track | DEBUG    | sort_tracker.py:100 | Updated track 14 with car at (615.0, 98.1)
2025-08-25 09:45:58 | RSUFusion.Track | DEBUG    | sort_tracker.py:100 | Updated track 15 with car at (683.2, 98.2)
2025-08-25 09:45:58 | RSUFusion.Track | DEBUG    | sort_tracker.py:100 | Updated track 16 with car at (715.5, 260.9)
2025-08-25 09:45:58 | RSUFusion.Track | DEBUG    | sort_tracker.py:100 | Updated track 3 with car at (529.1, 100.3)
2025-08-25 09:45:58 | RSUFusion.Track | DEBUG    | sort_tracker.py:100 | Updated track 4 with car at (276.0, 104.2)
2025-08-25 09:45:58 | RSUFusion.Track | DEBUG    | sort_tracker.py:100 | Updated track 14 with car at (615.0, 98.1)
2025-08-25 09:45:58 | RSUFusion.Track | DEBUG    | sort_tracker.py:100 | Updated track 15 with car at (683.2, 98.1)
2025-08-25 09:45:58 | RSUFusion.Track | DEBUG    | sort_tracker.py:100 | Updated track 16 with car at (712.9, 257.2)
2025-08-25 09:45:58 | RSUFusion.Track | DEBUG    | sort_tracker.py:100 | Updated track 3 with car at (529.3, 100.3)
2025-08-25 09:45:58 | RSUFusion.Track | DEBUG    | sort_tracker.py:100 | Updated track 4 with car at (276.0, 104.0)
2025-08-25 09:45:58 | RSUFusion.Track | DEBUG    | sort_tracker.py:100 | Updated track 14 with car at (614.8, 98.1)
2025-08-25 09:45:58 | RSUFusion.Track | DEBUG    | sort_tracker.py:100 | Updated track 15 with car at (683.1, 97.9)
2025-08-25 09:45:58 | RSUFusion.Track | DEBUG    | sort_tracker.py:100 | Updated track 16 with car at (702.9, 249.9)
2025-08-25 09:45:58 | RSUFusion.Track | DEBUG    | sort_tracker.py:100 | Updated track 3 with car at (529.2, 100.4)
2025-08-25 09:45:58 | RSUFusion.Track | DEBUG    | sort_tracker.py:100 | Updated track 4 with car at (276.0, 104.1)
2025-08-25 09:45:58 | RSUFusion.Track | DEBUG    | sort_tracker.py:100 | Updated track 14 with car at (615.0, 98.1)
2025-08-25 09:45:58 | RSUFusion.Track | DEBUG    | sort_tracker.py:100 | Updated track 15 with car at (683.1, 97.9)
2025-08-25 09:45:58 | RSUFusion.VisualizationProcess | DEBUG    | run_phase1.py:346 | Visualization: 49.6 FPS
2025-08-25 09:45:58 | RSUFusion.Track | DEBUG    | sort_tracker.py:100 | Updated track 16 with car at (696.5, 241.6)
2025-08-25 09:45:58 | RSUFusion.Track | DEBUG    | sort_tracker.py:100 | Updated track 3 with car at (529.2, 100.4)
2025-08-25 09:45:58 | RSUFusion.Track | DEBUG    | sort_tracker.py:100 | Updated track 4 with car at (276.0, 104.1)
2025-08-25 09:45:58 | RSUFusion.Track | DEBUG    | sort_tracker.py:100 | Updated track 14 with car at (608.5, 98.1)
2025-08-25 09:45:58 | RSUFusion.Track | DEBUG    | sort_tracker.py:100 | Updated track 15 with car at (683.0, 97.8)
2025-08-25 09:45:58 | RSUFusion.Track | DEBUG    | sort_tracker.py:100 | Updated track 16 with car at (690.0, 238.6)
2025-08-25 09:45:58 | RSUFusion.Track | DEBUG    | sort_tracker.py:100 | Updated track 3 with car at (529.2, 100.4)
2025-08-25 09:45:58 | RSUFusion.Track | DEBUG    | sort_tracker.py:100 | Updated track 4 with car at (276.2, 104.2)
2025-08-25 09:45:58 | RSUFusion.Track | DEBUG    | sort_tracker.py:100 | Updated track 14 with car at (609.2, 98.0)
2025-08-25 09:45:58 | RSUFusion.Track | DEBUG    | sort_tracker.py:100 | Updated track 15 with car at (683.1, 98.2)
2025-08-25 09:45:59 | RSUFusion.Track | DEBUG    | sort_tracker.py:100 | Updated track 16 with car at (685.5, 232.8)
2025-08-25 09:45:59 | RSUFusion.Track | DEBUG    | sort_tracker.py:100 | Updated track 3 with car at (529.3, 100.4)
2025-08-25 09:45:59 | RSUFusion.Track | DEBUG    | sort_tracker.py:100 | Updated track 4 with car at (276.2, 104.2)
2025-08-25 09:45:59 | RSUFusion.Track | DEBUG    | sort_tracker.py:100 | Updated track 14 with car at (608.4, 98.0)
2025-08-25 09:45:59 | RSUFusion.Track | DEBUG    | sort_tracker.py:100 | Updated track 15 with car at (683.0, 98.2)
2025-08-25 09:45:59 | RSUFusion.CameraProcess | DEBUG    | run_phase1.py:146 | Ambulance speed: 0.0 km/h
2025-08-25 09:45:59 | RSUFusion.Track | DEBUG    | sort_tracker.py:100 | Updated track 16 with car at (679.8, 229.5)
2025-08-25 09:45:59 | RSUFusion.Track | DEBUG    | sort_tracker.py:100 | Updated track 3 with car at (529.2, 100.3)
2025-08-25 09:45:59 | RSUFusion.Track | DEBUG    | sort_tracker.py:100 | Updated track 4 with car at (276.2, 104.4)
2025-08-25 09:45:59 | RSUFusion.Track | DEBUG    | sort_tracker.py:100 | Updated track 14 with car at (608.4, 98.0)
2025-08-25 09:45:59 | RSUFusion.Track | DEBUG    | sort_tracker.py:100 | Updated track 15 with car at (683.2, 98.2)
2025-08-25 09:45:59 | RSUFusion.Track | DEBUG    | sort_tracker.py:100 | Updated track 16 with car at (675.4, 223.7)
2025-08-25 09:45:59 | RSUFusion.Track | DEBUG    | sort_tracker.py:100 | Updated track 3 with car at (529.1, 100.3)
2025-08-25 09:45:59 | RSUFusion.Track | DEBUG    | sort_tracker.py:100 | Updated track 4 with car at (276.2, 104.5)
2025-08-25 09:45:59 | RSUFusion.Track | DEBUG    | sort_tracker.py:100 | Updated track 14 with car at (608.1, 98.0)
2025-08-25 09:45:59 | RSUFusion.Track | DEBUG    | sort_tracker.py:100 | Updated track 15 with car at (683.2, 98.0)
2025-08-25 09:45:59 | RSUFusion.VisualizationProcess | DEBUG    | run_phase1.py:346 | Visualization: 50.7 FPS
2025-08-25 09:45:59 | RSUFusion.Track | DEBUG    | sort_tracker.py:100 | Updated track 16 with car at (670.8, 217.6)
2025-08-25 09:45:59 | RSUFusion.Track | DEBUG    | sort_tracker.py:100 | Updated track 3 with car at (529.1, 100.2)
2025-08-25 09:45:59 | RSUFusion.Track | DEBUG    | sort_tracker.py:100 | Updated track 4 with car at (276.1, 104.2)
2025-08-25 09:45:59 | RSUFusion.Track | DEBUG    | sort_tracker.py:100 | Updated track 14 with car at (611.5, 97.9)
2025-08-25 09:45:59 | RSUFusion.Track | DEBUG    | sort_tracker.py:100 | Updated track 15 with car at (683.2, 97.9)
2025-08-25 09:45:59 | RSUFusion.Track | DEBUG    | sort_tracker.py:100 | Updated track 16 with car at (666.5, 215.3)
2025-08-25 09:45:59 | RSUFusion.Track | DEBUG    | sort_tracker.py:100 | Updated track 3 with car at (529.2, 100.2)
2025-08-25 09:45:59 | RSUFusion.Track | DEBUG    | sort_tracker.py:100 | Updated track 4 with car at (276.2, 104.0)
2025-08-25 09:45:59 | RSUFusion.Track | DEBUG    | sort_tracker.py:100 | Updated track 14 with car at (608.5, 97.9)
2025-08-25 09:45:59 | RSUFusion.Track | DEBUG    | sort_tracker.py:100 | Updated track 15 with car at (683.1, 97.9)
2025-08-25 09:45:59 | RSUFusion.Track | DEBUG    | sort_tracker.py:100 | Updated track 16 with car at (662.0, 211.0)
2025-08-25 09:45:59 | RSUFusion.Track | DEBUG    | sort_tracker.py:100 | Updated track 3 with car at (529.2, 100.3)
2025-08-25 09:45:59 | RSUFusion.Track | DEBUG    | sort_tracker.py:100 | Updated track 4 with car at (276.1, 104.0)
2025-08-25 09:45:59 | RSUFusion.Track | DEBUG    | sort_tracker.py:100 | Updated track 14 with car at (614.8, 98.1)
2025-08-25 09:45:59 | RSUFusion.Track | DEBUG    | sort_tracker.py:100 | Updated track 15 with car at (683.0, 98.0)
2025-08-25 09:45:59 | RSUFusion.Track | DEBUG    | sort_tracker.py:100 | Updated track 16 with car at (658.7, 206.7)
2025-08-25 09:45:59 | RSUFusion.Track | DEBUG    | sort_tracker.py:100 | Updated track 3 with car at (529.3, 100.4)
2025-08-25 09:45:59 | RSUFusion.Track | DEBUG    | sort_tracker.py:100 | Updated track 4 with car at (276.1, 104.1)
2025-08-25 09:45:59 | RSUFusion.Track | DEBUG    | sort_tracker.py:100 | Updated track 14 with car at (609.9, 98.0)
2025-08-25 09:45:59 | RSUFusion.Track | DEBUG    | sort_tracker.py:100 | Updated track 15 with car at (683.0, 97.9)
2025-08-25 09:45:59 | RSUFusion.Track | DEBUG    | sort_tracker.py:100 | Updated track 16 with car at (653.7, 203.6)
2025-08-25 09:45:59 | RSUFusion.Track | DEBUG    | sort_tracker.py:100 | Updated track 3 with car at (529.3, 100.4)
2025-08-25 09:45:59 | RSUFusion.Track | DEBUG    | sort_tracker.py:100 | Updated track 4 with car at (276.3, 104.1)
2025-08-25 09:45:59 | RSUFusion.Track | DEBUG    | sort_tracker.py:100 | Updated track 14 with car at (607.9, 98.0)
2025-08-25 09:45:59 | RSUFusion.Track | DEBUG    | sort_tracker.py:100 | Updated track 15 with car at (683.1, 98.0)
2025-08-25 09:45:59 | RSUFusion.Track | DEBUG    | sort_tracker.py:100 | Updated track 16 with car at (650.6, 199.9)
2025-08-25 09:45:59 | RSUFusion.Track | DEBUG    | sort_tracker.py:100 | Updated track 3 with car at (529.3, 100.2)
2025-08-25 09:45:59 | RSUFusion.Track | DEBUG    | sort_tracker.py:100 | Updated track 4 with car at (276.2, 104.1)
2025-08-25 09:45:59 | RSUFusion.Track | DEBUG    | sort_tracker.py:100 | Updated track 14 with car at (606.1, 98.0)
2025-08-25 09:45:59 | RSUFusion.Track | DEBUG    | sort_tracker.py:100 | Updated track 15 with car at (683.1, 98.1)
2025-08-25 09:45:59 | RSUFusion.VisualizationProcess | DEBUG    | run_phase1.py:346 | Visualization: 48.5 FPS
2025-08-25 09:46:00 | RSUFusion.Track | DEBUG    | sort_tracker.py:100 | Updated track 16 with car at (646.9, 197.1)
2025-08-25 09:46:00 | RSUFusion.Track | DEBUG    | sort_tracker.py:100 | Updated track 3 with car at (529.1, 100.2)
2025-08-25 09:46:00 | RSUFusion.Track | DEBUG    | sort_tracker.py:100 | Updated track 4 with car at (276.2, 104.2)
2025-08-25 09:46:00 | RSUFusion.Track | DEBUG    | sort_tracker.py:100 | Updated track 14 with car at (606.7, 97.9)
2025-08-25 09:46:00 | RSUFusion.Track | DEBUG    | sort_tracker.py:100 | Updated track 15 with car at (683.3, 98.2)
2025-08-25 09:46:00 | RSUFusion.Track | DEBUG    | sort_tracker.py:100 | Updated track 16 with car at (642.8, 193.8)
2025-08-25 09:46:00 | RSUFusion.Track | DEBUG    | sort_tracker.py:100 | Updated track 3 with car at (529.1, 100.2)
2025-08-25 09:46:00 | RSUFusion.Track | DEBUG    | sort_tracker.py:100 | Updated track 4 with car at (276.2, 104.3)
2025-08-25 09:46:00 | RSUFusion.Track | DEBUG    | sort_tracker.py:100 | Updated track 14 with car at (606.4, 97.9)
2025-08-25 09:46:00 | RSUFusion.Track | DEBUG    | sort_tracker.py:100 | Updated track 15 with car at (683.3, 98.3)
2025-08-25 09:46:00 | RSUFusion.Track | DEBUG    | sort_tracker.py:100 | Updated track 16 with car at (640.2, 190.9)
2025-08-25 09:46:00 | RSUFusion.Track | DEBUG    | sort_tracker.py:100 | Updated track 3 with car at (529.1, 100.2)
2025-08-25 09:46:00 | RSUFusion.Track | DEBUG    | sort_tracker.py:100 | Updated track 14 with car at (606.0, 98.0)
2025-08-25 09:46:00 | RSUFusion.Track | DEBUG    | sort_tracker.py:100 | Updated track 4 with car at (276.2, 104.1)
2025-08-25 09:46:00 | RSUFusion.Track | DEBUG    | sort_tracker.py:100 | Updated track 15 with car at (683.2, 98.1)
2025-08-25 09:46:00 | RSUFusion.Track | DEBUG    | sort_tracker.py:100 | Updated track 16 with car at (637.1, 188.6)
2025-08-25 09:46:00 | RSUFusion.Track | DEBUG    | sort_tracker.py:100 | Updated track 3 with car at (529.1, 100.2)
2025-08-25 09:46:00 | RSUFusion.Track | DEBUG    | sort_tracker.py:100 | Updated track 14 with car at (605.9, 98.0)
2025-08-25 09:46:00 | RSUFusion.Track | DEBUG    | sort_tracker.py:100 | Updated track 4 with car at (276.3, 104.1)
2025-08-25 09:46:00 | RSUFusion.Track | DEBUG    | sort_tracker.py:100 | Updated track 15 with car at (683.1, 98.1)
2025-08-25 09:46:00 | RSUFusion.Track | DEBUG    | sort_tracker.py:100 | Updated track 16 with car at (634.2, 184.5)
2025-08-25 09:46:00 | RSUFusion.Track | DEBUG    | sort_tracker.py:100 | Updated track 3 with car at (529.0, 100.3)
2025-08-25 09:46:00 | RSUFusion.Track | DEBUG    | sort_tracker.py:100 | Updated track 4 with car at (276.3, 104.0)
2025-08-25 09:46:00 | RSUFusion.Track | DEBUG    | sort_tracker.py:100 | Updated track 14 with car at (605.9, 98.0)
2025-08-25 09:46:00 | RSUFusion.Track | DEBUG    | sort_tracker.py:100 | Updated track 15 with car at (683.1, 98.0)
2025-08-25 09:46:00 | RSUFusion.Track | DEBUG    | sort_tracker.py:100 | Updated track 16 with car at (632.1, 182.0)
2025-08-25 09:46:00 | RSUFusion.Track | DEBUG    | sort_tracker.py:100 | Updated track 3 with car at (529.1, 100.2)
2025-08-25 09:46:00 | RSUFusion.Track | DEBUG    | sort_tracker.py:100 | Updated track 4 with car at (276.2, 104.1)
2025-08-25 09:46:00 | RSUFusion.Track | DEBUG    | sort_tracker.py:100 | Updated track 14 with car at (607.2, 98.0)
2025-08-25 09:46:00 | RSUFusion.Track | DEBUG    | sort_tracker.py:100 | Updated track 15 with car at (683.1, 98.0)
2025-08-25 09:46:00 | RSUFusion.VisualizationProcess | DEBUG    | run_phase1.py:346 | Visualization: 50.1 FPS
2025-08-25 09:46:00 | RSUFusion.Track | DEBUG    | sort_tracker.py:100 | Updated track 16 with car at (628.9, 179.1)
2025-08-25 09:46:00 | RSUFusion.Track | DEBUG    | sort_tracker.py:100 | Updated track 3 with car at (529.1, 100.3)
2025-08-25 09:46:00 | RSUFusion.Track | DEBUG    | sort_tracker.py:100 | Updated track 4 with car at (276.4, 104.1)
2025-08-25 09:46:00 | RSUFusion.Track | DEBUG    | sort_tracker.py:100 | Updated track 14 with car at (606.0, 98.0)
2025-08-25 09:46:00 | RSUFusion.Track | DEBUG    | sort_tracker.py:100 | Updated track 15 with car at (683.2, 98.2)
2025-08-25 09:46:00 | RSUFusion.VisualizationProcess | DEBUG    | run_phase1.py:323 | Updated image (consumed 1 frames)
2025-08-25 09:46:00 | RSUFusion.YOLODetector | DEBUG    | yolo_detector.py:155 | Detection performance: 51.5 FPS, 5 objects detected
2025-08-25 09:46:00 | RSUFusion.DetectionProcess | DEBUG    | run_phase1.py:198 | Detection: 56.5 FPS, 2322 detections processed
2025-08-25 09:46:00 | RSUFusion.Track | DEBUG    | sort_tracker.py:100 | Updated track 16 with car at (625.5, 175.9)
2025-08-25 09:46:00 | RSUFusion.Track | DEBUG    | sort_tracker.py:100 | Updated track 3 with car at (529.1, 100.1)
2025-08-25 09:46:00 | RSUFusion.Track | DEBUG    | sort_tracker.py:100 | Updated track 4 with car at (276.3, 104.1)
2025-08-25 09:46:00 | RSUFusion.Track | DEBUG    | sort_tracker.py:100 | Updated track 14 with car at (605.9, 98.0)
2025-08-25 09:46:00 | RSUFusion.Track | DEBUG    | sort_tracker.py:100 | Updated track 15 with car at (683.1, 98.2)
2025-08-25 09:46:00 | RSUFusion.SORTTracker | DEBUG    | sort_tracker.py:208 | SORT performance: 1.2ms/frame, 5 confirmed tracks
2025-08-25 09:46:00 | RSUFusion.TrackingProcess | DEBUG    | run_phase1.py:268 | Tracking: 5 confirmed tracks
2025-08-25 09:46:00 | RSUFusion.Track | DEBUG    | sort_tracker.py:100 | Updated track 16 with car at (623.1, 174.6)
2025-08-25 09:46:00 | RSUFusion.Track | DEBUG    | sort_tracker.py:100 | Updated track 3 with car at (529.0, 100.2)
2025-08-25 09:46:00 | RSUFusion.Track | DEBUG    | sort_tracker.py:100 | Updated track 4 with car at (276.3, 104.3)
2025-08-25 09:46:00 | RSUFusion.Track | DEBUG    | sort_tracker.py:100 | Updated track 14 with car at (606.9, 98.0)
2025-08-25 09:46:00 | RSUFusion.Track | DEBUG    | sort_tracker.py:100 | Updated track 15 with car at (683.2, 98.1)
2025-08-25 09:46:01 | RSUFusion.Track | DEBUG    | sort_tracker.py:100 | Updated track 16 with car at (620.0, 172.2)
2025-08-25 09:46:01 | RSUFusion.Track | DEBUG    | sort_tracker.py:100 | Updated track 3 with car at (528.9, 100.1)
2025-08-25 09:46:01 | RSUFusion.Track | DEBUG    | sort_tracker.py:100 | Updated track 4 with car at (276.3, 104.5)
2025-08-25 09:46:01 | RSUFusion.Track | DEBUG    | sort_tracker.py:100 | Updated track 14 with car at (606.8, 98.0)
2025-08-25 09:46:01 | RSUFusion.Track | DEBUG    | sort_tracker.py:100 | Updated track 15 with car at (683.3, 98.4)
2025-08-25 09:46:01 | RSUFusion.Track | DEBUG    | sort_tracker.py:100 | Updated track 16 with car at (618.5, 169.7)
2025-08-25 09:46:01 | RSUFusion.Track | DEBUG    | sort_tracker.py:100 | Updated track 3 with car at (529.0, 100.0)
2025-08-25 09:46:01 | RSUFusion.Track | DEBUG    | sort_tracker.py:100 | Updated track 4 with car at (276.3, 104.3)
2025-08-25 09:46:01 | RSUFusion.Track | DEBUG    | sort_tracker.py:100 | Updated track 14 with car at (607.2, 98.0)
2025-08-25 09:46:01 | RSUFusion.Track | DEBUG    | sort_tracker.py:100 | Updated track 15 with car at (683.2, 98.0)
2025-08-25 09:46:01 | RSUFusion.VisualizationProcess | DEBUG    | run_phase1.py:346 | Visualization: 51.0 FPS
2025-08-25 09:46:01 | RSUFusion.Track | DEBUG    | sort_tracker.py:100 | Updated track 16 with car at (616.4, 167.9)
2025-08-25 09:46:01 | RSUFusion.Track | DEBUG    | sort_tracker.py:100 | Updated track 3 with car at (528.9, 100.1)
2025-08-25 09:46:01 | RSUFusion.Track | DEBUG    | sort_tracker.py:100 | Updated track 4 with car at (276.4, 104.2)
2025-08-25 09:46:01 | RSUFusion.Track | DEBUG    | sort_tracker.py:100 | Updated track 14 with car at (614.3, 98.1)
2025-08-25 09:46:01 | RSUFusion.Track | DEBUG    | sort_tracker.py:100 | Updated track 15 with car at (683.1, 98.0)
2025-08-25 09:46:01 | RSUFusion.Track | DEBUG    | sort_tracker.py:100 | Updated track 16 with car at (614.2, 164.0)
2025-08-25 09:46:01 | RSUFusion.Track | DEBUG    | sort_tracker.py:100 | Updated track 3 with car at (529.0, 100.0)
2025-08-25 09:46:01 | RSUFusion.Track | DEBUG    | sort_tracker.py:100 | Updated track 4 with car at (276.3, 104.1)
2025-08-25 09:46:01 | RSUFusion.Track | DEBUG    | sort_tracker.py:100 | Updated track 14 with car at (614.7, 98.1)
2025-08-25 09:46:01 | RSUFusion.Track | DEBUG    | sort_tracker.py:100 | Updated track 15 with car at (683.1, 98.1)
2025-08-25 09:46:01 | RSUFusion.Track | DEBUG    | sort_tracker.py:100 | Updated track 16 with car at (611.6, 162.7)
2025-08-25 09:46:01 | RSUFusion.Track | DEBUG    | sort_tracker.py:100 | Updated track 3 with car at (529.0, 100.1)
2025-08-25 09:46:01 | RSUFusion.Track | DEBUG    | sort_tracker.py:100 | Updated track 4 with car at (276.3, 104.2)
2025-08-25 09:46:01 | RSUFusion.Track | DEBUG    | sort_tracker.py:100 | Updated track 14 with car at (614.7, 98.2)
2025-08-25 09:46:01 | RSUFusion.Track | DEBUG    | sort_tracker.py:100 | Updated track 15 with car at (683.1, 98.1)
2025-08-25 09:46:01 | RSUFusion.Track | DEBUG    | sort_tracker.py:100 | Updated track 16 with car at (609.7, 161.5)
2025-08-25 09:46:01 | RSUFusion.Track | DEBUG    | sort_tracker.py:100 | Updated track 3 with car at (528.9, 100.1)
2025-08-25 09:46:01 | RSUFusion.Track | DEBUG    | sort_tracker.py:100 | Updated track 4 with car at (276.4, 104.2)
2025-08-25 09:46:01 | RSUFusion.Track | DEBUG    | sort_tracker.py:100 | Updated track 14 with car at (607.7, 97.9)
2025-08-25 09:46:01 | RSUFusion.Track | DEBUG    | sort_tracker.py:100 | Updated track 15 with car at (683.0, 98.0)
2025-08-25 09:46:01 | RSUFusion.KalmanFilter4D | DEBUG    | kalman_filter.py:88 | Kalman filter initialized at (409.1, 94.0)
2025-08-25 09:46:01 | RSUFusion.Track | DEBUG    | sort_tracker.py:51 | Created track 17 for truck at (409.1, 94.0)
2025-08-25 09:46:01 | RSUFusion.SORTTracker | DEBUG    | sort_tracker.py:297 | Created new track 17 for truck
2025-08-25 09:46:01 | RSUFusion.Track | DEBUG    | sort_tracker.py:100 | Updated track 16 with car at (607.3, 158.6)
2025-08-25 09:46:01 | RSUFusion.Track | DEBUG    | sort_tracker.py:100 | Updated track 3 with car at (529.0, 100.0)
2025-08-25 09:46:01 | RSUFusion.Track | DEBUG    | sort_tracker.py:100 | Updated track 4 with car at (276.3, 104.1)
2025-08-25 09:46:01 | RSUFusion.Track | DEBUG    | sort_tracker.py:100 | Updated track 14 with car at (607.5, 97.9)
2025-08-25 09:46:01 | RSUFusion.Track | DEBUG    | sort_tracker.py:100 | Updated track 15 with car at (683.0, 98.0)
2025-08-25 09:46:01 | RSUFusion.Track | DEBUG    | sort_tracker.py:100 | Updated track 17 with truck at (409.1, 94.1)
2025-08-25 09:46:01 | RSUFusion.Track | DEBUG    | sort_tracker.py:100 | Updated track 16 with car at (606.4, 157.3)
2025-08-25 09:46:01 | RSUFusion.Track | DEBUG    | sort_tracker.py:100 | Updated track 3 with car at (528.9, 100.1)
2025-08-25 09:46:01 | RSUFusion.Track | DEBUG    | sort_tracker.py:100 | Updated track 4 with car at (276.4, 104.4)
2025-08-25 09:46:01 | RSUFusion.Track | DEBUG    | sort_tracker.py:100 | Updated track 14 with car at (605.8, 97.9)
2025-08-25 09:46:01 | RSUFusion.Track | DEBUG    | sort_tracker.py:100 | Updated track 15 with car at (683.4, 98.1)
2025-08-25 09:46:01 | RSUFusion.Track | DEBUG    | sort_tracker.py:100 | Updated track 17 with truck at (409.0, 94.1)
2025-08-25 09:46:01 | RSUFusion.VisualizationProcess | DEBUG    | run_phase1.py:346 | Visualization: 49.8 FPS
2025-08-25 09:46:01 | RSUFusion.Track | DEBUG    | sort_tracker.py:100 | Updated track 16 with car at (603.4, 155.8)
2025-08-25 09:46:01 | RSUFusion.Track | DEBUG    | sort_tracker.py:100 | Updated track 3 with car at (528.8, 100.1)
2025-08-25 09:46:01 | RSUFusion.Track | DEBUG    | sort_tracker.py:100 | Updated track 4 with car at (276.4, 104.3)
2025-08-25 09:46:01 | RSUFusion.Track | DEBUG    | sort_tracker.py:100 | Updated track 14 with car at (605.7, 97.9)
2025-08-25 09:46:01 | RSUFusion.Track | DEBUG    | sort_tracker.py:100 | Updated track 15 with car at (683.2, 98.1)
2025-08-25 09:46:01 | RSUFusion.Track | DEBUG    | sort_tracker.py:100 | Updated track 17 with truck at (409.0, 94.1)
2025-08-25 09:46:01 | RSUFusion.Track | DEBUG    | sort_tracker.py:100 | Updated track 16 with car at (602.6, 154.4)
2025-08-25 09:46:01 | RSUFusion.Track | DEBUG    | sort_tracker.py:100 | Updated track 3 with car at (528.8, 100.1)
2025-08-25 09:46:01 | RSUFusion.Track | DEBUG    | sort_tracker.py:100 | Updated track 4 with car at (276.4, 104.1)
2025-08-25 09:46:01 | RSUFusion.Track | DEBUG    | sort_tracker.py:100 | Updated track 14 with car at (605.8, 97.9)
2025-08-25 09:46:01 | RSUFusion.Track | DEBUG    | sort_tracker.py:100 | Updated track 15 with car at (683.2, 98.0)
2025-08-25 09:46:01 | RSUFusion.Track | DEBUG    | sort_tracker.py:100 | Updated track 17 with truck at (409.0, 94.1)
2025-08-25 09:46:02 | RSUFusion.Track | DEBUG    | sort_tracker.py:100 | Updated track 16 with car at (601.0, 153.7)
2025-08-25 09:46:02 | RSUFusion.Track | DEBUG    | sort_tracker.py:100 | Updated track 3 with car at (528.9, 100.1)
2025-08-25 09:46:02 | RSUFusion.Track | DEBUG    | sort_tracker.py:100 | Updated track 4 with car at (276.4, 104.1)
2025-08-25 09:46:02 | RSUFusion.Track | DEBUG    | sort_tracker.py:100 | Updated track 14 with car at (609.7, 97.9)
2025-08-25 09:46:02 | RSUFusion.Track | DEBUG    | sort_tracker.py:100 | Updated track 15 with car at (683.0, 98.0)
2025-08-25 09:46:02 | RSUFusion.Track | DEBUG    | sort_tracker.py:100 | Updated track 17 with truck at (409.1, 94.1)
2025-08-25 09:46:02 | RSUFusion.Track | DEBUG    | sort_tracker.py:100 | Updated track 16 with car at (599.1, 152.3)
2025-08-25 09:46:02 | RSUFusion.Track | DEBUG    | sort_tracker.py:100 | Updated track 3 with car at (528.9, 100.2)
2025-08-25 09:46:02 | RSUFusion.Track | DEBUG    | sort_tracker.py:100 | Updated track 4 with car at (276.4, 104.2)
2025-08-25 09:46:02 | RSUFusion.Track | DEBUG    | sort_tracker.py:100 | Updated track 14 with car at (605.7, 97.9)
2025-08-25 09:46:02 | RSUFusion.Track | DEBUG    | sort_tracker.py:100 | Updated track 15 with car at (683.1, 98.1)
2025-08-25 09:46:02 | RSUFusion.Track | DEBUG    | sort_tracker.py:100 | Updated track 17 with truck at (409.1, 94.1)
2025-08-25 09:46:02 | RSUFusion.Track | DEBUG    | sort_tracker.py:100 | Updated track 16 with car at (598.8, 150.4)
2025-08-25 09:46:02 | RSUFusion.Track | DEBUG    | sort_tracker.py:100 | Updated track 3 with car at (528.9, 100.1)
2025-08-25 09:46:02 | RSUFusion.Track | DEBUG    | sort_tracker.py:100 | Updated track 4 with car at (276.4, 104.1)
2025-08-25 09:46:02 | RSUFusion.Track | DEBUG    | sort_tracker.py:100 | Updated track 14 with car at (606.8, 98.0)
2025-08-25 09:46:02 | RSUFusion.Track | DEBUG    | sort_tracker.py:100 | Updated track 15 with car at (683.0, 98.1)
2025-08-25 09:46:02 | RSUFusion.Track | DEBUG    | sort_tracker.py:100 | Updated track 17 with truck at (409.1, 94.0)
2025-08-25 09:46:02 | RSUFusion.CameraProcess | DEBUG    | run_phase1.py:146 | Ambulance speed: 0.0 km/h
2025-08-25 09:46:02 | RSUFusion.Track | DEBUG    | sort_tracker.py:100 | Updated track 16 with car at (597.7, 148.9)
2025-08-25 09:46:02 | RSUFusion.Track | DEBUG    | sort_tracker.py:100 | Updated track 3 with car at (528.9, 100.1)
2025-08-25 09:46:02 | RSUFusion.Track | DEBUG    | sort_tracker.py:100 | Updated track 4 with car at (276.5, 104.2)
2025-08-25 09:46:02 | RSUFusion.Track | DEBUG    | sort_tracker.py:100 | Updated track 14 with car at (606.5, 97.9)
2025-08-25 09:46:02 | RSUFusion.Track | DEBUG    | sort_tracker.py:100 | Updated track 15 with car at (683.0, 98.1)
2025-08-25 09:46:02 | RSUFusion.Track | DEBUG    | sort_tracker.py:100 | Updated track 17 with truck at (409.1, 94.0)
2025-08-25 09:46:02 | RSUFusion.VisualizationProcess | DEBUG    | run_phase1.py:346 | Visualization: 48.2 FPS
2025-08-25 09:46:02 | RSUFusion.Track | DEBUG    | sort_tracker.py:100 | Updated track 16 with car at (595.9, 147.4)
2025-08-25 09:46:02 | RSUFusion.Track | DEBUG    | sort_tracker.py:100 | Updated track 3 with car at (529.0, 100.1)
2025-08-25 09:46:02 | RSUFusion.Track | DEBUG    | sort_tracker.py:100 | Updated track 4 with car at (276.5, 104.2)
2025-08-25 09:46:02 | RSUFusion.Track | DEBUG    | sort_tracker.py:100 | Updated track 14 with car at (605.5, 98.0)
2025-08-25 09:46:02 | RSUFusion.Track | DEBUG    | sort_tracker.py:100 | Updated track 15 with car at (683.0, 98.0)
2025-08-25 09:46:02 | RSUFusion.Track | DEBUG    | sort_tracker.py:100 | Updated track 17 with truck at (409.0, 94.1)
2025-08-25 09:46:02 | RSUFusion.Track | DEBUG    | sort_tracker.py:100 | Updated track 16 with car at (594.2, 145.5)
2025-08-25 09:46:02 | RSUFusion.Track | DEBUG    | sort_tracker.py:100 | Updated track 3 with car at (528.9, 100.1)
2025-08-25 09:46:02 | RSUFusion.Track | DEBUG    | sort_tracker.py:100 | Updated track 4 with car at (276.5, 104.4)
2025-08-25 09:46:02 | RSUFusion.Track | DEBUG    | sort_tracker.py:100 | Updated track 14 with car at (605.7, 97.8)
2025-08-25 09:46:02 | RSUFusion.Track | DEBUG    | sort_tracker.py:100 | Updated track 15 with car at (683.3, 98.1)
2025-08-25 09:46:02 | RSUFusion.Track | DEBUG    | sort_tracker.py:100 | Updated track 17 with truck at (409.0, 94.1)
2025-08-25 09:46:02 | RSUFusion.Track | DEBUG    | sort_tracker.py:100 | Updated track 16 with car at (593.5, 144.7)
2025-08-25 09:46:02 | RSUFusion.Track | DEBUG    | sort_tracker.py:100 | Updated track 3 with car at (528.7, 100.2)
2025-08-25 09:46:02 | RSUFusion.Track | DEBUG    | sort_tracker.py:100 | Updated track 4 with car at (276.6, 104.5)
2025-08-25 09:46:02 | RSUFusion.Track | DEBUG    | sort_tracker.py:100 | Updated track 14 with car at (605.7, 97.9)
2025-08-25 09:46:02 | RSUFusion.Track | DEBUG    | sort_tracker.py:100 | Updated track 15 with car at (683.3, 98.1)
2025-08-25 09:46:02 | RSUFusion.Track | DEBUG    | sort_tracker.py:100 | Updated track 17 with truck at (409.0, 94.2)
2025-08-25 09:46:02 | RSUFusion.VisualizationProcess | DEBUG    | run_phase1.py:323 | Updated image (consumed 1 frames)
2025-08-25 09:46:02 | RSUFusion.Track | DEBUG    | sort_tracker.py:100 | Updated track 16 with car at (592.4, 143.8)
2025-08-25 09:46:02 | RSUFusion.Track | DEBUG    | sort_tracker.py:100 | Updated track 3 with car at (528.8, 100.1)
2025-08-25 09:46:02 | RSUFusion.Track | DEBUG    | sort_tracker.py:100 | Updated track 4 with car at (276.5, 104.2)
2025-08-25 09:46:02 | RSUFusion.Track | DEBUG    | sort_tracker.py:100 | Updated track 14 with car at (605.7, 98.0)
2025-08-25 09:46:02 | RSUFusion.Track | DEBUG    | sort_tracker.py:100 | Updated track 15 with car at (683.3, 98.1)
2025-08-25 09:46:02 | RSUFusion.Track | DEBUG    | sort_tracker.py:100 | Updated track 16 with car at (590.5, 143.1)
2025-08-25 09:46:02 | RSUFusion.Track | DEBUG    | sort_tracker.py:100 | Updated track 3 with car at (528.9, 100.1)
2025-08-25 09:46:02 | RSUFusion.Track | DEBUG    | sort_tracker.py:100 | Updated track 4 with car at (276.7, 104.2)
2025-08-25 09:46:02 | RSUFusion.Track | DEBUG    | sort_tracker.py:100 | Updated track 14 with car at (605.6, 97.9)
2025-08-25 09:46:02 | RSUFusion.Track | DEBUG    | sort_tracker.py:100 | Updated track 15 with car at (683.0, 98.1)
2025-08-25 09:46:02 | RSUFusion.Track | DEBUG    | sort_tracker.py:100 | Updated track 17 with truck at (409.1, 94.1)
2025-08-25 09:46:03 | RSUFusion.VisualizationProcess | DEBUG    | run_phase1.py:346 | Visualization: 50.3 FPS
2025-08-25 09:46:03 | RSUFusion.Track | DEBUG    | sort_tracker.py:100 | Updated track 16 with car at (589.8, 142.2)
2025-08-25 09:46:03 | RSUFusion.Track | DEBUG    | sort_tracker.py:100 | Updated track 3 with car at (528.8, 100.1)
2025-08-25 09:46:03 | RSUFusion.Track | DEBUG    | sort_tracker.py:100 | Updated track 4 with car at (276.7, 104.3)
2025-08-25 09:46:03 | RSUFusion.Track | DEBUG    | sort_tracker.py:100 | Updated track 14 with car at (606.7, 97.9)
2025-08-25 09:46:03 | RSUFusion.Track | DEBUG    | sort_tracker.py:100 | Updated track 15 with car at (683.1, 98.1)
2025-08-25 09:46:03 | RSUFusion.Track | DEBUG    | sort_tracker.py:100 | Updated track 17 with truck at (409.1, 94.1)
2025-08-25 09:46:03 | RSUFusion.Track | DEBUG    | sort_tracker.py:100 | Updated track 16 with car at (589.3, 140.8)
2025-08-25 09:46:03 | RSUFusion.Track | DEBUG    | sort_tracker.py:100 | Updated track 3 with car at (528.9, 100.0)
2025-08-25 09:46:03 | RSUFusion.Track | DEBUG    | sort_tracker.py:100 | Updated track 4 with car at (276.5, 104.2)
2025-08-25 09:46:03 | RSUFusion.Track | DEBUG    | sort_tracker.py:100 | Updated track 14 with car at (606.8, 97.9)
2025-08-25 09:46:03 | RSUFusion.Track | DEBUG    | sort_tracker.py:100 | Updated track 15 with car at (683.1, 98.1)
2025-08-25 09:46:03 | RSUFusion.Track | DEBUG    | sort_tracker.py:100 | Updated track 17 with truck at (409.1, 94.0)
2025-08-25 09:46:03 | RSUFusion.Track | DEBUG    | sort_tracker.py:100 | Updated track 16 with car at (587.8, 139.8)
2025-08-25 09:46:03 | RSUFusion.Track | DEBUG    | sort_tracker.py:100 | Updated track 3 with car at (528.9, 100.0)
2025-08-25 09:46:03 | RSUFusion.Track | DEBUG    | sort_tracker.py:100 | Updated track 4 with car at (276.7, 104.3)
2025-08-25 09:46:03 | RSUFusion.Track | DEBUG    | sort_tracker.py:100 | Updated track 14 with car at (606.1, 97.8)
2025-08-25 09:46:03 | RSUFusion.Track | DEBUG    | sort_tracker.py:100 | Updated track 15 with car at (683.1, 98.1)
2025-08-25 09:46:03 | RSUFusion.Track | DEBUG    | sort_tracker.py:100 | Updated track 17 with truck at (409.1, 94.0)
2025-08-25 09:46:03 | RSUFusion.Track | DEBUG    | sort_tracker.py:100 | Updated track 16 with car at (586.5, 138.2)
2025-08-25 09:46:03 | RSUFusion.Track | DEBUG    | sort_tracker.py:100 | Updated track 3 with car at (528.9, 100.0)
2025-08-25 09:46:03 | RSUFusion.Track | DEBUG    | sort_tracker.py:100 | Updated track 4 with car at (276.6, 104.3)
2025-08-25 09:46:03 | RSUFusion.Track | DEBUG    | sort_tracker.py:100 | Updated track 14 with car at (605.9, 97.8)
2025-08-25 09:46:03 | RSUFusion.Track | DEBUG    | sort_tracker.py:100 | Updated track 15 with car at (683.0, 98.1)
2025-08-25 09:46:03 | RSUFusion.Track | DEBUG    | sort_tracker.py:100 | Updated track 17 with truck at (409.1, 94.0)
2025-08-25 09:46:03 | RSUFusion.Track | DEBUG    | sort_tracker.py:100 | Updated track 16 with car at (585.5, 137.5)
2025-08-25 09:46:03 | RSUFusion.Track | DEBUG    | sort_tracker.py:100 | Updated track 4 with car at (276.7, 104.3)
2025-08-25 09:46:03 | RSUFusion.Track | DEBUG    | sort_tracker.py:100 | Updated track 14 with car at (605.6, 97.8)
2025-08-25 09:46:03 | RSUFusion.Track | DEBUG    | sort_tracker.py:100 | Updated track 15 with car at (683.4, 98.1)
2025-08-25 09:46:03 | RSUFusion.Track | DEBUG    | sort_tracker.py:100 | Updated track 17 with truck at (409.1, 94.1)
2025-08-25 09:46:03 | RSUFusion.Track | DEBUG    | sort_tracker.py:100 | Updated track 16 with car at (584.2, 136.4)
2025-08-25 09:46:03 | RSUFusion.Track | DEBUG    | sort_tracker.py:100 | Updated track 4 with car at (276.7, 104.5)
2025-08-25 09:46:03 | RSUFusion.Track | DEBUG    | sort_tracker.py:100 | Updated track 14 with car at (605.6, 97.8)
2025-08-25 09:46:03 | RSUFusion.Track | DEBUG    | sort_tracker.py:100 | Updated track 15 with car at (683.4, 98.2)
2025-08-25 09:46:03 | RSUFusion.Track | DEBUG    | sort_tracker.py:100 | Updated track 17 with truck at (409.0, 94.2)
2025-08-25 09:46:03 | RSUFusion.VisualizationProcess | DEBUG    | run_phase1.py:346 | Visualization: 50.2 FPS
2025-08-25 09:46:03 | RSUFusion.Track | DEBUG    | sort_tracker.py:100 | Updated track 16 with car at (583.6, 134.3)
2025-08-25 09:46:03 | RSUFusion.Track | DEBUG    | sort_tracker.py:100 | Updated track 4 with car at (276.6, 104.3)
2025-08-25 09:46:03 | RSUFusion.Track | DEBUG    | sort_tracker.py:100 | Updated track 14 with car at (605.5, 97.8)
2025-08-25 09:46:03 | RSUFusion.Track | DEBUG    | sort_tracker.py:100 | Updated track 15 with car at (683.3, 98.0)
2025-08-25 09:46:03 | RSUFusion.Track | DEBUG    | sort_tracker.py:100 | Updated track 17 with truck at (409.0, 94.1)
2025-08-25 09:46:03 | RSUFusion.Track | DEBUG    | sort_tracker.py:100 | Updated track 16 with car at (582.6, 134.3)
2025-08-25 09:46:03 | RSUFusion.Track | DEBUG    | sort_tracker.py:100 | Updated track 4 with car at (276.7, 104.2)
2025-08-25 09:46:03 | RSUFusion.Track | DEBUG    | sort_tracker.py:100 | Updated track 14 with car at (605.3, 97.9)
2025-08-25 09:46:03 | RSUFusion.Track | DEBUG    | sort_tracker.py:100 | Updated track 15 with car at (683.1, 98.0)
2025-08-25 09:46:03 | RSUFusion.Track | DEBUG    | sort_tracker.py:100 | Updated track 17 with truck at (409.0, 94.1)
2025-08-25 09:46:03 | RSUFusion.Track | DEBUG    | sort_tracker.py:100 | Updated track 16 with car at (582.4, 132.7)
2025-08-25 09:46:03 | RSUFusion.Track | DEBUG    | sort_tracker.py:100 | Updated track 4 with car at (276.8, 104.3)
2025-08-25 09:46:03 | RSUFusion.Track | DEBUG    | sort_tracker.py:100 | Updated track 14 with car at (605.3, 98.0)
2025-08-25 09:46:03 | RSUFusion.Track | DEBUG    | sort_tracker.py:100 | Updated track 15 with car at (683.3, 98.1)
2025-08-25 09:46:04 | RSUFusion.YOLODetector | DEBUG    | yolo_detector.py:155 | Detection performance: 55.5 FPS, 5 objects detected
2025-08-25 09:46:04 | RSUFusion.DetectionProcess | DEBUG    | run_phase1.py:198 | Detection: 55.2 FPS, 2488 detections processed
2025-08-25 09:46:04 | RSUFusion.Track | DEBUG    | sort_tracker.py:100 | Updated track 16 with car at (581.9, 131.9)
2025-08-25 09:46:04 | RSUFusion.Track | DEBUG    | sort_tracker.py:100 | Updated track 4 with car at (276.8, 104.3)
2025-08-25 09:46:04 | RSUFusion.Track | DEBUG    | sort_tracker.py:100 | Updated track 14 with car at (604.5, 98.0)
2025-08-25 09:46:04 | RSUFusion.Track | DEBUG    | sort_tracker.py:100 | Updated track 15 with car at (683.2, 98.1)
2025-08-25 09:46:04 | RSUFusion.Track | DEBUG    | sort_tracker.py:100 | Updated track 17 with truck at (409.1, 94.0)
2025-08-25 09:46:04 | RSUFusion.SORTTracker | DEBUG    | sort_tracker.py:208 | SORT performance: 1.7ms/frame, 6 confirmed tracks
2025-08-25 09:46:04 | RSUFusion.TrackingProcess | DEBUG    | run_phase1.py:268 | Tracking: 6 confirmed tracks
2025-08-25 09:46:04 | RSUFusion.Track | DEBUG    | sort_tracker.py:100 | Updated track 16 with car at (581.3, 131.3)
2025-08-25 09:46:04 | RSUFusion.Track | DEBUG    | sort_tracker.py:100 | Updated track 4 with car at (276.8, 104.2)
2025-08-25 09:46:04 | RSUFusion.Track | DEBUG    | sort_tracker.py:100 | Updated track 14 with car at (603.7, 98.0)
2025-08-25 09:46:04 | RSUFusion.Track | DEBUG    | sort_tracker.py:100 | Updated track 15 with car at (683.0, 98.1)
2025-08-25 09:46:04 | RSUFusion.Track | DEBUG    | sort_tracker.py:100 | Updated track 17 with truck at (409.1, 94.0)
2025-08-25 09:46:04 | RSUFusion.VisualizationProcess | DEBUG    | run_phase1.py:346 | Visualization: 50.3 FPS
2025-08-25 09:46:04 | RSUFusion.Track | DEBUG    | sort_tracker.py:100 | Updated track 16 with car at (580.7, 130.5)
2025-08-25 09:46:04 | RSUFusion.Track | DEBUG    | sort_tracker.py:100 | Updated track 14 with car at (602.6, 98.0)
2025-08-25 09:46:04 | RSUFusion.Track | DEBUG    | sort_tracker.py:100 | Updated track 4 with car at (276.8, 104.2)
2025-08-25 09:46:04 | RSUFusion.Track | DEBUG    | sort_tracker.py:100 | Updated track 15 with car at (683.1, 98.0)
2025-08-25 09:46:04 | RSUFusion.Track | DEBUG    | sort_tracker.py:100 | Updated track 16 with car at (580.7, 130.0)
2025-08-25 09:46:04 | RSUFusion.Track | DEBUG    | sort_tracker.py:100 | Updated track 14 with car at (600.8, 98.0)
2025-08-25 09:46:04 | RSUFusion.Track | DEBUG    | sort_tracker.py:100 | Updated track 4 with car at (276.9, 104.4)
2025-08-25 09:46:04 | RSUFusion.Track | DEBUG    | sort_tracker.py:100 | Updated track 15 with car at (683.5, 98.1)
2025-08-25 09:46:04 | RSUFusion.Track | DEBUG    | sort_tracker.py:100 | Updated track 17 with truck at (409.0, 94.1)
2025-08-25 09:46:04 | RSUFusion.Track | DEBUG    | sort_tracker.py:100 | Updated track 16 with car at (579.5, 129.5)
2025-08-25 09:46:04 | RSUFusion.Track | DEBUG    | sort_tracker.py:100 | Updated track 14 with car at (598.7, 97.9)
2025-08-25 09:46:04 | RSUFusion.Track | DEBUG    | sort_tracker.py:100 | Updated track 4 with car at (276.9, 104.5)
2025-08-25 09:46:04 | RSUFusion.Track | DEBUG    | sort_tracker.py:100 | Updated track 15 with car at (683.4, 98.1)
2025-08-25 09:46:04 | RSUFusion.Track | DEBUG    | sort_tracker.py:100 | Updated track 16 with car at (578.7, 128.3)
2025-08-25 09:46:04 | RSUFusion.Track | DEBUG    | sort_tracker.py:100 | Updated track 14 with car at (598.4, 97.7)
2025-08-25 09:46:04 | RSUFusion.Track | DEBUG    | sort_tracker.py:100 | Updated track 4 with car at (276.8, 104.3)
2025-08-25 09:46:04 | RSUFusion.Track | DEBUG    | sort_tracker.py:100 | Updated track 15 with car at (683.3, 98.0)
2025-08-25 09:46:04 | RSUFusion.Track | DEBUG    | sort_tracker.py:100 | Updated track 14 with car at (595.2, 97.8)
2025-08-25 09:46:04 | RSUFusion.Track | DEBUG    | sort_tracker.py:100 | Updated track 16 with car at (578.9, 127.7)
2025-08-25 09:46:04 | RSUFusion.Track | DEBUG    | sort_tracker.py:100 | Updated track 4 with car at (276.8, 104.3)
2025-08-25 09:46:04 | RSUFusion.Track | DEBUG    | sort_tracker.py:100 | Updated track 15 with car at (683.1, 98.3)
2025-08-25 09:46:04 | RSUFusion.Track | DEBUG    | sort_tracker.py:100 | Updated track 16 with car at (577.9, 127.1)
2025-08-25 09:46:04 | RSUFusion.Track | DEBUG    | sort_tracker.py:100 | Updated track 14 with car at (593.1, 98.0)
2025-08-25 09:46:04 | RSUFusion.Track | DEBUG    | sort_tracker.py:100 | Updated track 4 with car at (276.9, 104.3)
2025-08-25 09:46:04 | RSUFusion.Track | DEBUG    | sort_tracker.py:100 | Updated track 15 with car at (683.2, 98.1)
2025-08-25 09:46:04 | RSUFusion.VisualizationProcess | DEBUG    | run_phase1.py:346 | Visualization: 49.3 FPS
2025-08-25 09:46:04 | RSUFusion.Track | DEBUG    | sort_tracker.py:100 | Updated track 16 with car at (577.8, 126.3)
2025-08-25 09:46:04 | RSUFusion.Track | DEBUG    | sort_tracker.py:100 | Updated track 14 with car at (592.7, 97.8)
2025-08-25 09:46:04 | RSUFusion.Track | DEBUG    | sort_tracker.py:100 | Updated track 4 with car at (276.8, 104.3)
2025-08-25 09:46:04 | RSUFusion.Track | DEBUG    | sort_tracker.py:100 | Updated track 15 with car at (683.0, 98.1)
2025-08-25 09:46:04 | RSUFusion.Track | DEBUG    | sort_tracker.py:100 | Updated track 17 with truck at (409.1, 94.1)
2025-08-25 09:46:04 | RSUFusion.Track | DEBUG    | sort_tracker.py:100 | Updated track 16 with car at (576.1, 125.8)
2025-08-25 09:46:04 | RSUFusion.Track | DEBUG    | sort_tracker.py:100 | Updated track 14 with car at (587.6, 98.0)
2025-08-25 09:46:04 | RSUFusion.Track | DEBUG    | sort_tracker.py:100 | Updated track 4 with car at (276.9, 104.4)
2025-08-25 09:46:04 | RSUFusion.Track | DEBUG    | sort_tracker.py:100 | Updated track 15 with car at (683.0, 98.3)
2025-08-25 09:46:04 | RSUFusion.Track | DEBUG    | sort_tracker.py:100 | Updated track 17 with truck at (409.1, 94.0)
2025-08-25 09:46:05 | RSUFusion.Track | DEBUG    | sort_tracker.py:100 | Updated track 16 with car at (576.4, 124.9)
2025-08-25 09:46:05 | RSUFusion.Track | DEBUG    | sort_tracker.py:100 | Updated track 14 with car at (584.8, 97.6)
2025-08-25 09:46:05 | RSUFusion.Track | DEBUG    | sort_tracker.py:100 | Updated track 4 with car at (276.9, 104.4)
2025-08-25 09:46:05 | RSUFusion.Track | DEBUG    | sort_tracker.py:100 | Updated track 15 with car at (682.9, 98.3)
2025-08-25 09:46:05 | RSUFusion.Track | DEBUG    | sort_tracker.py:100 | Updated track 17 with truck at (409.1, 94.1)
2025-08-25 09:46:05 | RSUFusion.Track | DEBUG    | sort_tracker.py:100 | Updated track 16 with car at (576.1, 124.7)
2025-08-25 09:46:05 | RSUFusion.Track | DEBUG    | sort_tracker.py:100 | Updated track 14 with car at (584.0, 97.8)
2025-08-25 09:46:05 | RSUFusion.Track | DEBUG    | sort_tracker.py:100 | Updated track 4 with car at (277.0, 104.4)
2025-08-25 09:46:05 | RSUFusion.Track | DEBUG    | sort_tracker.py:100 | Updated track 15 with car at (682.8, 98.4)
2025-08-25 09:46:05 | RSUFusion.Track | DEBUG    | sort_tracker.py:100 | Updated track 17 with truck at (409.1, 94.1)
2025-08-25 09:46:05 | RSUFusion.Track | DEBUG    | sort_tracker.py:100 | Updated track 16 with car at (575.8, 124.1)
2025-08-25 09:46:05 | RSUFusion.Track | DEBUG    | sort_tracker.py:100 | Updated track 14 with car at (582.5, 97.9)
2025-08-25 09:46:05 | RSUFusion.Track | DEBUG    | sort_tracker.py:100 | Updated track 4 with car at (277.0, 104.6)
2025-08-25 09:46:05 | RSUFusion.Track | DEBUG    | sort_tracker.py:100 | Updated track 15 with car at (682.1, 98.1)
2025-08-25 09:46:05 | RSUFusion.Track | DEBUG    | sort_tracker.py:100 | Updated track 16 with car at (575.0, 123.6)
2025-08-25 09:46:05 | RSUFusion.Track | DEBUG    | sort_tracker.py:100 | Updated track 14 with car at (580.8, 97.8)
2025-08-25 09:46:05 | RSUFusion.Track | DEBUG    | sort_tracker.py:100 | Updated track 4 with car at (276.8, 104.5)
2025-08-25 09:46:05 | RSUFusion.Track | DEBUG    | sort_tracker.py:100 | Updated track 15 with car at (681.0, 97.8)
2025-08-25 09:46:05 | RSUFusion.VisualizationProcess | DEBUG    | run_phase1.py:346 | Visualization: 49.3 FPS
2025-08-25 09:46:05 | RSUFusion.Track | DEBUG    | sort_tracker.py:100 | Updated track 16 with car at (574.9, 123.6)
2025-08-25 09:46:05 | RSUFusion.Track | DEBUG    | sort_tracker.py:100 | Updated track 14 with car at (580.2, 98.2)
2025-08-25 09:46:05 | RSUFusion.Track | DEBUG    | sort_tracker.py:100 | Updated track 4 with car at (276.9, 104.4)
2025-08-25 09:46:05 | RSUFusion.Track | DEBUG    | sort_tracker.py:100 | Updated track 15 with car at (679.2, 97.8)
2025-08-25 09:46:05 | RSUFusion.CameraProcess | DEBUG    | run_phase1.py:146 | Ambulance speed: 0.0 km/h
2025-08-25 09:46:05 | RSUFusion.Track | DEBUG    | sort_tracker.py:100 | Updated track 16 with car at (574.6, 122.7)
2025-08-25 09:46:05 | RSUFusion.Track | DEBUG    | sort_tracker.py:100 | Updated track 14 with car at (578.3, 99.2)
2025-08-25 09:46:05 | RSUFusion.Track | DEBUG    | sort_tracker.py:100 | Updated track 15 with car at (677.4, 97.6)
2025-08-25 09:46:05 | RSUFusion.Track | DEBUG    | sort_tracker.py:100 | Updated track 4 with car at (277.0, 104.4)
2025-08-25 09:46:05 | RSUFusion.Track | DEBUG    | sort_tracker.py:100 | Updated track 16 with car at (573.1, 121.6)
2025-08-25 09:46:05 | RSUFusion.Track | DEBUG    | sort_tracker.py:100 | Updated track 15 with car at (673.1, 97.1)
2025-08-25 09:46:05 | RSUFusion.Track | DEBUG    | sort_tracker.py:100 | Updated track 4 with car at (277.0, 104.4)
2025-08-25 09:46:05 | RSUFusion.Track | DEBUG    | sort_tracker.py:100 | Updated track 14 with car at (577.3, 99.5)
2025-08-25 09:46:05 | RSUFusion.Track | DEBUG    | sort_tracker.py:100 | Updated track 16 with car at (572.8, 121.6)
2025-08-25 09:46:05 | RSUFusion.Track | DEBUG    | sort_tracker.py:100 | Updated track 15 with car at (667.0, 97.5)
2025-08-25 09:46:05 | RSUFusion.Track | DEBUG    | sort_tracker.py:100 | Updated track 4 with car at (277.0, 104.4)
2025-08-25 09:46:05 | RSUFusion.Track | DEBUG    | sort_tracker.py:100 | Updated track 14 with car at (575.0, 99.3)
2025-08-25 09:46:05 | RSUFusion.Track | DEBUG    | sort_tracker.py:100 | Updated track 17 with truck at (409.1, 94.0)
2025-08-25 09:46:05 | RSUFusion.Track | DEBUG    | sort_tracker.py:100 | Updated track 16 with car at (573.0, 121.4)
2025-08-25 09:46:05 | RSUFusion.Track | DEBUG    | sort_tracker.py:100 | Updated track 4 with car at (276.9, 104.4)
2025-08-25 09:46:05 | RSUFusion.Track | DEBUG    | sort_tracker.py:100 | Updated track 15 with car at (662.4, 98.3)
2025-08-25 09:46:05 | RSUFusion.Track | DEBUG    | sort_tracker.py:100 | Updated track 17 with truck at (409.0, 94.1)
2025-08-25 09:46:06 | RSUFusion.VisualizationProcess | DEBUG    | run_phase1.py:346 | Visualization: 50.0 FPS
2025-08-25 09:46:06 | RSUFusion.Track | DEBUG    | sort_tracker.py:100 | Updated track 16 with car at (572.8, 121.6)
2025-08-25 09:46:06 | RSUFusion.Track | DEBUG    | sort_tracker.py:100 | Updated track 4 with car at (277.0, 104.6)
2025-08-25 09:46:06 | RSUFusion.Track | DEBUG    | sort_tracker.py:100 | Updated track 15 with car at (659.5, 99.3)
2025-08-25 09:46:06 | RSUFusion.Track | DEBUG    | sort_tracker.py:100 | Updated track 17 with truck at (409.0, 94.1)
2025-08-25 09:46:06 | RSUFusion.Track | DEBUG    | sort_tracker.py:100 | Updated track 16 with car at (572.4, 121.7)
2025-08-25 09:46:06 | RSUFusion.Track | DEBUG    | sort_tracker.py:100 | Updated track 4 with car at (277.0, 104.6)
2025-08-25 09:46:06 | RSUFusion.Track | DEBUG    | sort_tracker.py:100 | Updated track 17 with truck at (409.0, 94.2)
2025-08-25 09:46:06 | RSUFusion.Track | DEBUG    | sort_tracker.py:100 | Updated track 16 with car at (572.3, 121.1)
2025-08-25 09:46:06 | RSUFusion.Track | DEBUG    | sort_tracker.py:100 | Updated track 4 with car at (276.9, 104.5)
2025-08-25 09:46:06 | RSUFusion.Track | DEBUG    | sort_tracker.py:100 | Updated track 17 with truck at (409.0, 94.1)
2025-08-25 09:46:06 | RSUFusion.Track | DEBUG    | sort_tracker.py:100 | Updated track 16 with car at (572.6, 121.5)
2025-08-25 09:46:06 | RSUFusion.Track | DEBUG    | sort_tracker.py:100 | Updated track 4 with car at (277.0, 104.4)
2025-08-25 09:46:06 | RSUFusion.Track | DEBUG    | sort_tracker.py:100 | Updated track 17 with truck at (409.1, 94.1)
2025-08-25 09:46:06 | RSUFusion.Track | DEBUG    | sort_tracker.py:100 | Updated track 16 with car at (572.6, 121.4)
2025-08-25 09:46:06 | RSUFusion.Track | DEBUG    | sort_tracker.py:100 | Updated track 4 with car at (277.1, 104.4)
2025-08-25 09:46:06 | RSUFusion.Track | DEBUG    | sort_tracker.py:100 | Updated track 15 with car at (651.8, 97.8)
2025-08-25 09:46:06 | RSUFusion.Track | DEBUG    | sort_tracker.py:100 | Updated track 17 with truck at (409.1, 94.1)
2025-08-25 09:46:06 | RSUFusion.Track | DEBUG    | sort_tracker.py:100 | Updated track 16 with car at (572.0, 120.9)
2025-08-25 09:46:06 | RSUFusion.Track | DEBUG    | sort_tracker.py:100 | Updated track 4 with car at (277.0, 104.4)
2025-08-25 09:46:06 | RSUFusion.Track | DEBUG    | sort_tracker.py:100 | Updated track 14 with car at (550.4, 98.1)
2025-08-25 09:46:06 | RSUFusion.Track | DEBUG    | sort_tracker.py:100 | Updated track 17 with truck at (409.1, 94.0)
2025-08-25 09:46:06 | RSUFusion.VisualizationProcess | DEBUG    | run_phase1.py:346 | Visualization: 51.4 FPS
2025-08-25 09:46:06 | RSUFusion.Track | DEBUG    | sort_tracker.py:100 | Updated track 16 with car at (572.2, 120.9)
2025-08-25 09:46:06 | RSUFusion.Track | DEBUG    | sort_tracker.py:100 | Updated track 4 with car at (277.0, 104.4)
2025-08-25 09:46:06 | RSUFusion.Track | DEBUG    | sort_tracker.py:100 | Updated track 17 with truck at (409.1, 94.0)
2025-08-25 09:46:06 | RSUFusion.Track | DEBUG    | sort_tracker.py:100 | Updated track 14 with car at (545.2, 98.4)
2025-08-25 09:46:06 | RSUFusion.SORTTracker | DEBUG    | sort_tracker.py:303 | Deleting track 3 (too old: 31 frames)
2025-08-25 09:46:06 | RSUFusion.Track | DEBUG    | sort_tracker.py:100 | Updated track 16 with car at (572.3, 121.1)
2025-08-25 09:46:06 | RSUFusion.Track | DEBUG    | sort_tracker.py:100 | Updated track 4 with car at (276.9, 104.4)
2025-08-25 09:46:06 | RSUFusion.Track | DEBUG    | sort_tracker.py:100 | Updated track 15 with car at (649.7, 97.5)
2025-08-25 09:46:06 | RSUFusion.Track | DEBUG    | sort_tracker.py:100 | Updated track 17 with truck at (409.0, 94.1)
2025-08-25 09:46:06 | RSUFusion.Track | DEBUG    | sort_tracker.py:100 | Updated track 16 with car at (572.2, 121.1)
2025-08-25 09:46:06 | RSUFusion.Track | DEBUG    | sort_tracker.py:100 | Updated track 4 with car at (277.0, 104.5)
2025-08-25 09:46:06 | RSUFusion.Track | DEBUG    | sort_tracker.py:100 | Updated track 15 with car at (649.3, 97.7)
2025-08-25 09:46:06 | RSUFusion.Track | DEBUG    | sort_tracker.py:100 | Updated track 14 with car at (536.7, 98.6)
2025-08-25 09:46:06 | RSUFusion.Track | DEBUG    | sort_tracker.py:100 | Updated track 17 with truck at (409.0, 94.1)
2025-08-25 09:46:06 | RSUFusion.Track | DEBUG    | sort_tracker.py:100 | Updated track 16 with car at (572.0, 121.0)
2025-08-25 09:46:06 | RSUFusion.Track | DEBUG    | sort_tracker.py:100 | Updated track 4 with car at (277.0, 104.6)
2025-08-25 09:46:06 | RSUFusion.Track | DEBUG    | sort_tracker.py:100 | Updated track 14 with car at (531.8, 98.8)
2025-08-25 09:46:06 | RSUFusion.Track | DEBUG    | sort_tracker.py:100 | Updated track 15 with car at (643.6, 97.6)
2025-08-25 09:46:07 | RSUFusion.Track | DEBUG    | sort_tracker.py:100 | Updated track 16 with car at (572.2, 121.1)
2025-08-25 09:46:07 | RSUFusion.Track | DEBUG    | sort_tracker.py:100 | Updated track 15 with car at (641.2, 98.0)
2025-08-25 09:46:07 | RSUFusion.Track | DEBUG    | sort_tracker.py:100 | Updated track 14 with car at (528.4, 98.5)
2025-08-25 09:46:07 | RSUFusion.Track | DEBUG    | sort_tracker.py:100 | Updated track 4 with car at (277.0, 104.5)
2025-08-25 09:46:07 | RSUFusion.VisualizationProcess | DEBUG    | run_phase1.py:346 | Visualization: 50.5 FPS
2025-08-25 09:46:07 | RSUFusion.YOLODetector | DEBUG    | yolo_detector.py:155 | Detection performance: 57.5 FPS, 5 objects detected
2025-08-25 09:46:07 | RSUFusion.DetectionProcess | DEBUG    | run_phase1.py:198 | Detection: 55.0 FPS, 2614 detections processed
2025-08-25 09:46:07 | RSUFusion.Track | DEBUG    | sort_tracker.py:100 | Updated track 16 with car at (572.1, 120.9)
2025-08-25 09:46:07 | RSUFusion.Track | DEBUG    | sort_tracker.py:100 | Updated track 15 with car at (639.6, 98.2)
2025-08-25 09:46:07 | RSUFusion.Track | DEBUG    | sort_tracker.py:100 | Updated track 4 with car at (277.1, 104.4)
2025-08-25 09:46:07 | RSUFusion.Track | DEBUG    | sort_tracker.py:100 | Updated track 14 with car at (524.7, 98.2)
2025-08-25 09:46:07 | RSUFusion.Track | DEBUG    | sort_tracker.py:100 | Updated track 17 with truck at (409.1, 94.1)
2025-08-25 09:46:07 | RSUFusion.SORTTracker | DEBUG    | sort_tracker.py:208 | SORT performance: 1.1ms/frame, 5 confirmed tracks
2025-08-25 09:46:07 | RSUFusion.TrackingProcess | DEBUG    | run_phase1.py:268 | Tracking: 5 confirmed tracks
2025-08-25 09:46:07 | RSUFusion.Track | DEBUG    | sort_tracker.py:100 | Updated track 16 with car at (572.3, 121.0)
2025-08-25 09:46:07 | RSUFusion.Track | DEBUG    | sort_tracker.py:100 | Updated track 15 with car at (637.5, 98.6)
2025-08-25 09:46:07 | RSUFusion.Track | DEBUG    | sort_tracker.py:100 | Updated track 4 with car at (277.1, 104.4)
2025-08-25 09:46:07 | RSUFusion.Track | DEBUG    | sort_tracker.py:100 | Updated track 17 with truck at (409.1, 94.1)
2025-08-25 09:46:07 | RSUFusion.Track | DEBUG    | sort_tracker.py:100 | Updated track 16 with car at (572.3, 121.1)
2025-08-25 09:46:07 | RSUFusion.Track | DEBUG    | sort_tracker.py:100 | Updated track 15 with car at (634.2, 98.7)
2025-08-25 09:46:07 | RSUFusion.Track | DEBUG    | sort_tracker.py:100 | Updated track 4 with car at (277.1, 104.5)
2025-08-25 09:46:07 | RSUFusion.Track | DEBUG    | sort_tracker.py:100 | Updated track 14 with car at (514.5, 98.0)
2025-08-25 09:46:07 | RSUFusion.Track | DEBUG    | sort_tracker.py:100 | Updated track 16 with car at (572.4, 120.8)
2025-08-25 09:46:07 | RSUFusion.Track | DEBUG    | sort_tracker.py:100 | Updated track 4 with car at (277.2, 104.5)
2025-08-25 09:46:07 | RSUFusion.Track | DEBUG    | sort_tracker.py:100 | Updated track 15 with car at (632.4, 98.6)
2025-08-25 09:46:07 | RSUFusion.Track | DEBUG    | sort_tracker.py:100 | Updated track 14 with car at (510.4, 97.9)
2025-08-25 09:46:07 | RSUFusion.Track | DEBUG    | sort_tracker.py:100 | Updated track 17 with truck at (409.1, 94.1)
2025-08-25 09:46:07 | RSUFusion.Track | DEBUG    | sort_tracker.py:100 | Updated track 16 with car at (572.0, 120.6)
2025-08-25 09:46:07 | RSUFusion.Track | DEBUG    | sort_tracker.py:100 | Updated track 14 with car at (505.8, 97.6)
2025-08-25 09:46:07 | RSUFusion.Track | DEBUG    | sort_tracker.py:100 | Updated track 4 with car at (277.1, 104.5)
2025-08-25 09:46:07 | RSUFusion.Track | DEBUG    | sort_tracker.py:100 | Updated track 15 with car at (624.7, 98.5)
2025-08-25 09:46:07 | RSUFusion.Track | DEBUG    | sort_tracker.py:100 | Updated track 16 with car at (572.0, 119.9)
2025-08-25 09:46:07 | RSUFusion.Track | DEBUG    | sort_tracker.py:100 | Updated track 14 with car at (502.1, 98.0)
2025-08-25 09:46:07 | RSUFusion.Track | DEBUG    | sort_tracker.py:100 | Updated track 15 with car at (623.3, 98.7)
2025-08-25 09:46:07 | RSUFusion.Track | DEBUG    | sort_tracker.py:100 | Updated track 4 with car at (277.1, 104.6)
2025-08-25 09:46:07 | RSUFusion.Track | DEBUG    | sort_tracker.py:100 | Updated track 17 with truck at (409.0, 94.1)
2025-08-25 09:46:07 | RSUFusion.VisualizationProcess | DEBUG    | run_phase1.py:346 | Visualization: 51.0 FPS
2025-08-25 09:46:07 | RSUFusion.Track | DEBUG    | sort_tracker.py:100 | Updated track 16 with car at (571.5, 121.2)
2025-08-25 09:46:07 | RSUFusion.Track | DEBUG    | sort_tracker.py:100 | Updated track 14 with car at (496.9, 98.2)
2025-08-25 09:46:07 | RSUFusion.Track | DEBUG    | sort_tracker.py:100 | Updated track 4 with car at (277.1, 104.6)
2025-08-25 09:46:07 | RSUFusion.Track | DEBUG    | sort_tracker.py:100 | Updated track 15 with car at (616.5, 98.9)
2025-08-25 09:46:07 | RSUFusion.Track | DEBUG    | sort_tracker.py:100 | Updated track 17 with truck at (409.1, 94.3)
2025-08-25 09:46:07 | RSUFusion.Track | DEBUG    | sort_tracker.py:100 | Updated track 16 with car at (571.7, 120.4)
2025-08-25 09:46:07 | RSUFusion.Track | DEBUG    | sort_tracker.py:100 | Updated track 14 with car at (493.7, 98.0)
2025-08-25 09:46:07 | RSUFusion.Track | DEBUG    | sort_tracker.py:100 | Updated track 15 with car at (602.2, 98.8)
2025-08-25 09:46:07 | RSUFusion.Track | DEBUG    | sort_tracker.py:100 | Updated track 4 with car at (277.1, 104.5)
2025-08-25 09:46:08 | RSUFusion.Track | DEBUG    | sort_tracker.py:100 | Updated track 16 with car at (571.6, 119.0)
2025-08-25 09:46:08 | RSUFusion.Track | DEBUG    | sort_tracker.py:100 | Updated track 14 with car at (489.4, 98.1)
2025-08-25 09:46:08 | RSUFusion.Track | DEBUG    | sort_tracker.py:100 | Updated track 15 with car at (596.1, 99.3)
2025-08-25 09:46:08 | RSUFusion.Track | DEBUG    | sort_tracker.py:100 | Updated track 4 with car at (277.2, 104.5)
2025-08-25 09:46:08 | RSUFusion.Track | DEBUG    | sort_tracker.py:100 | Updated track 17 with truck at (409.1, 94.0)
2025-08-25 09:46:08 | RSUFusion.Track | DEBUG    | sort_tracker.py:100 | Updated track 16 with car at (571.6, 119.0)
2025-08-25 09:46:08 | RSUFusion.Track | DEBUG    | sort_tracker.py:100 | Updated track 14 with car at (485.3, 98.3)
2025-08-25 09:46:08 | RSUFusion.Track | DEBUG    | sort_tracker.py:100 | Updated track 4 with car at (277.2, 104.5)
2025-08-25 09:46:08 | RSUFusion.Track | DEBUG    | sort_tracker.py:100 | Updated track 15 with car at (590.1, 99.4)
2025-08-25 09:46:08 | RSUFusion.Track | DEBUG    | sort_tracker.py:100 | Updated track 17 with truck at (409.1, 94.0)
2025-08-25 09:46:08 | RSUFusion.Phase1System | INFO     | run_phase1.py:398 | === System Performance Stats ===
2025-08-25 09:46:08 | RSUFusion.Phase1System | INFO     | run_phase1.py:408 | Visualization: 51.0 FPS
2025-08-25 09:46:08 | RSUFusion.Phase1System | INFO     | run_phase1.py:402 | Detection: 55.0 FPS
2025-08-25 09:46:08 | RSUFusion.Phase1System | INFO     | run_phase1.py:406 | Tracking: 5/5 tracks
2025-08-25 09:46:08 | RSUFusion.Phase1System | INFO     | run_phase1.py:411 | Queue sizes - Detection Images: 1, Visualization Images: 1, Detections: 0, Tracking: 0
2025-08-25 09:46:08 | RSUFusion.Track | DEBUG    | sort_tracker.py:100 | Updated track 16 with car at (571.8, 120.4)
2025-08-25 09:46:08 | RSUFusion.Track | DEBUG    | sort_tracker.py:100 | Updated track 4 with car at (277.2, 104.6)
2025-08-25 09:46:08 | RSUFusion.Track | DEBUG    | sort_tracker.py:100 | Updated track 14 with car at (480.8, 98.6)
2025-08-25 09:46:08 | RSUFusion.Track | DEBUG    | sort_tracker.py:100 | Updated track 15 with car at (586.5, 98.9)
2025-08-25 09:46:08 | RSUFusion.Track | DEBUG    | sort_tracker.py:100 | Updated track 17 with truck at (409.1, 94.0)
2025-08-25 09:46:08 | RSUFusion.VisualizationProcess | DEBUG    | run_phase1.py:346 | Visualization: 51.3 FPS
2025-08-25 09:46:08 | RSUFusion.Track | DEBUG    | sort_tracker.py:100 | Updated track 16 with car at (572.0, 120.9)
2025-08-25 09:46:08 | RSUFusion.Track | DEBUG    | sort_tracker.py:100 | Updated track 14 with car at (476.2, 98.6)
2025-08-25 09:46:08 | RSUFusion.Track | DEBUG    | sort_tracker.py:100 | Updated track 4 with car at (277.3, 104.6)
2025-08-25 09:46:08 | RSUFusion.Track | DEBUG    | sort_tracker.py:100 | Updated track 17 with truck at (409.1, 94.0)
2025-08-25 09:46:08 | RSUFusion.Track | DEBUG    | sort_tracker.py:100 | Updated track 16 with car at (571.8, 120.7)
2025-08-25 09:46:08 | RSUFusion.Track | DEBUG    | sort_tracker.py:100 | Updated track 14 with car at (475.1, 98.1)
2025-08-25 09:46:08 | RSUFusion.Track | DEBUG    | sort_tracker.py:100 | Updated track 4 with car at (277.2, 104.5)
2025-08-25 09:46:08 | RSUFusion.Track | DEBUG    | sort_tracker.py:100 | Updated track 15 with car at (562.6, 99.7)
2025-08-25 09:46:08 | RSUFusion.Track | DEBUG    | sort_tracker.py:100 | Updated track 17 with truck at (409.1, 94.0)
2025-08-25 09:46:08 | RSUFusion.Track | DEBUG    | sort_tracker.py:100 | Updated track 16 with car at (571.8, 120.4)
2025-08-25 09:46:08 | RSUFusion.Track | DEBUG    | sort_tracker.py:100 | Updated track 14 with car at (473.3, 98.8)
2025-08-25 09:46:08 | RSUFusion.Track | DEBUG    | sort_tracker.py:100 | Updated track 4 with car at (277.1, 104.6)
2025-08-25 09:46:08 | RSUFusion.Track | DEBUG    | sort_tracker.py:100 | Updated track 17 with truck at (409.1, 94.0)
2025-08-25 09:46:08 | RSUFusion.Track | DEBUG    | sort_tracker.py:100 | Updated track 16 with car at (571.7, 120.6)
2025-08-25 09:46:08 | RSUFusion.Track | DEBUG    | sort_tracker.py:100 | Updated track 14 with car at (472.8, 98.9)
2025-08-25 09:46:08 | RSUFusion.Track | DEBUG    | sort_tracker.py:100 | Updated track 4 with car at (277.2, 104.7)
2025-08-25 09:46:08 | RSUFusion.Track | DEBUG    | sort_tracker.py:100 | Updated track 15 with car at (547.7, 99.7)
2025-08-25 09:46:08 | RSUFusion.Track | DEBUG    | sort_tracker.py:100 | Updated track 17 with truck at (409.0, 94.1)
2025-08-25 09:46:08 | RSUFusion.CameraProcess | DEBUG    | run_phase1.py:146 | Ambulance speed: 0.0 km/h
2025-08-25 09:46:08 | RSUFusion.Track | DEBUG    | sort_tracker.py:100 | Updated track 16 with car at (571.9, 121.3)
2025-08-25 09:46:08 | RSUFusion.Track | DEBUG    | sort_tracker.py:100 | Updated track 14 with car at (472.9, 98.8)
2025-08-25 09:46:08 | RSUFusion.Track | DEBUG    | sort_tracker.py:100 | Updated track 4 with car at (277.0, 104.6)
2025-08-25 09:46:08 | RSUFusion.Track | DEBUG    | sort_tracker.py:100 | Updated track 17 with truck at (409.0, 94.1)
2025-08-25 09:46:08 | RSUFusion.Track | DEBUG    | sort_tracker.py:100 | Updated track 16 with car at (571.9, 120.8)
2025-08-25 09:46:08 | RSUFusion.Track | DEBUG    | sort_tracker.py:100 | Updated track 14 with car at (473.2, 98.7)
2025-08-25 09:46:08 | RSUFusion.Track | DEBUG    | sort_tracker.py:100 | Updated track 15 with car at (526.0, 101.2)
2025-08-25 09:46:08 | RSUFusion.Track | DEBUG    | sort_tracker.py:100 | Updated track 4 with car at (277.2, 104.5)
2025-08-25 09:46:08 | RSUFusion.Track | DEBUG    | sort_tracker.py:100 | Updated track 17 with truck at (409.1, 94.0)
2025-08-25 09:46:08 | RSUFusion.VisualizationProcess | DEBUG    | run_phase1.py:346 | Visualization: 52.7 FPS
2025-08-25 09:46:09 | RSUFusion.Track | DEBUG    | sort_tracker.py:100 | Updated track 16 with car at (572.0, 120.8)
2025-08-25 09:46:09 | RSUFusion.Track | DEBUG    | sort_tracker.py:100 | Updated track 15 with car at (517.6, 101.6)
2025-08-25 09:46:09 | RSUFusion.Track | DEBUG    | sort_tracker.py:100 | Updated track 14 with car at (474.4, 98.9)
2025-08-25 09:46:09 | RSUFusion.Track | DEBUG    | sort_tracker.py:100 | Updated track 4 with car at (277.2, 104.5)
2025-08-25 09:46:09 | RSUFusion.Track | DEBUG    | sort_tracker.py:100 | Updated track 16 with car at (571.6, 120.9)
2025-08-25 09:46:09 | RSUFusion.Track | DEBUG    | sort_tracker.py:100 | Updated track 14 with car at (471.6, 98.6)
2025-08-25 09:46:09 | RSUFusion.Track | DEBUG    | sort_tracker.py:100 | Updated track 4 with car at (277.1, 104.5)
2025-08-25 09:46:09 | RSUFusion.Track | DEBUG    | sort_tracker.py:100 | Updated track 15 with car at (512.1, 101.5)
2025-08-25 09:46:09 | RSUFusion.Track | DEBUG    | sort_tracker.py:100 | Updated track 17 with truck at (409.1, 94.1)
2025-08-25 09:46:09 | RSUFusion.Track | DEBUG    | sort_tracker.py:100 | Updated track 16 with car at (571.8, 120.8)
2025-08-25 09:46:09 | RSUFusion.Track | DEBUG    | sort_tracker.py:100 | Updated track 4 with car at (277.2, 104.5)
2025-08-25 09:46:09 | RSUFusion.Track | DEBUG    | sort_tracker.py:100 | Updated track 15 with car at (504.3, 103.2)
2025-08-25 09:46:09 | RSUFusion.Track | DEBUG    | sort_tracker.py:100 | Updated track 14 with car at (475.2, 99.4)
2025-08-25 09:46:09 | RSUFusion.Track | DEBUG    | sort_tracker.py:100 | Updated track 17 with truck at (409.1, 94.0)
2025-08-25 09:46:09 | RSUFusion.Track | DEBUG    | sort_tracker.py:100 | Updated track 16 with car at (571.8, 120.7)
2025-08-25 09:46:09 | RSUFusion.Track | DEBUG    | sort_tracker.py:100 | Updated track 4 with car at (277.1, 104.5)
2025-08-25 09:46:09 | RSUFusion.Track | DEBUG    | sort_tracker.py:100 | Updated track 15 with car at (498.3, 102.5)
2025-08-25 09:46:09 | RSUFusion.Track | DEBUG    | sort_tracker.py:100 | Updated track 14 with car at (468.0, 99.4)
2025-08-25 09:46:09 | RSUFusion.Track | DEBUG    | sort_tracker.py:100 | Updated track 17 with truck at (409.1, 94.0)
2025-08-25 09:46:09 | RSUFusion.KalmanFilter4D | DEBUG    | kalman_filter.py:88 | Kalman filter initialized at (435.4, 95.5)
2025-08-25 09:46:09 | RSUFusion.Track | DEBUG    | sort_tracker.py:51 | Created track 18 for car at (435.4, 95.5)
2025-08-25 09:46:09 | RSUFusion.SORTTracker | DEBUG    | sort_tracker.py:297 | Created new track 18 for car
2025-08-25 09:46:09 | RSUFusion.Track | DEBUG    | sort_tracker.py:100 | Updated track 16 with car at (571.9, 120.9)
2025-08-25 09:46:09 | RSUFusion.Track | DEBUG    | sort_tracker.py:100 | Updated track 4 with car at (277.1, 104.6)
2025-08-25 09:46:09 | RSUFusion.Track | DEBUG    | sort_tracker.py:100 | Updated track 17 with truck at (409.1, 94.0)
2025-08-25 09:46:09 | RSUFusion.VisualizationProcess | DEBUG    | run_phase1.py:346 | Visualization: 52.7 FPS
2025-08-25 09:46:09 | RSUFusion.Track | DEBUG    | sort_tracker.py:100 | Updated track 16 with car at (571.7, 120.9)
2025-08-25 09:46:09 | RSUFusion.Track | DEBUG    | sort_tracker.py:100 | Updated track 15 with car at (476.7, 101.3)
2025-08-25 09:46:09 | RSUFusion.Track | DEBUG    | sort_tracker.py:100 | Updated track 4 with car at (277.1, 104.6)
2025-08-25 09:46:09 | RSUFusion.Track | DEBUG    | sort_tracker.py:100 | Updated track 17 with truck at (409.0, 94.1)
2025-08-25 09:46:09 | RSUFusion.Track | DEBUG    | sort_tracker.py:100 | Updated track 16 with car at (571.8, 120.9)
2025-08-25 09:46:09 | RSUFusion.Track | DEBUG    | sort_tracker.py:100 | Updated track 15 with car at (474.5, 101.4)
2025-08-25 09:46:09 | RSUFusion.Track | DEBUG    | sort_tracker.py:100 | Updated track 4 with car at (277.1, 104.6)
2025-08-25 09:46:09 | RSUFusion.Track | DEBUG    | sort_tracker.py:100 | Updated track 17 with truck at (409.0, 94.0)
2025-08-25 09:46:09 | RSUFusion.Track | DEBUG    | sort_tracker.py:100 | Updated track 16 with car at (571.7, 121.0)
2025-08-25 09:46:09 | RSUFusion.Track | DEBUG    | sort_tracker.py:100 | Updated track 15 with car at (473.2, 102.2)
2025-08-25 09:46:09 | RSUFusion.Track | DEBUG    | sort_tracker.py:100 | Updated track 4 with car at (277.3, 104.4)
2025-08-25 09:46:09 | RSUFusion.Track | DEBUG    | sort_tracker.py:100 | Updated track 17 with truck at (409.1, 94.0)
2025-08-25 09:46:09 | RSUFusion.Track | DEBUG    | sort_tracker.py:100 | Updated track 16 with car at (571.7, 121.0)
2025-08-25 09:46:09 | RSUFusion.Track | DEBUG    | sort_tracker.py:100 | Updated track 14 with car at (472.7, 102.8)
2025-08-25 09:46:09 | RSUFusion.Track | DEBUG    | sort_tracker.py:100 | Updated track 4 with car at (277.2, 104.5)
2025-08-25 09:46:09 | RSUFusion.Track | DEBUG    | sort_tracker.py:100 | Updated track 17 with truck at (409.1, 94.0)
2025-08-25 09:46:09 | RSUFusion.Track | DEBUG    | sort_tracker.py:100 | Updated track 16 with car at (571.9, 121.0)
2025-08-25 09:46:09 | RSUFusion.Track | DEBUG    | sort_tracker.py:100 | Updated track 14 with car at (473.3, 102.7)
2025-08-25 09:46:09 | RSUFusion.Track | DEBUG    | sort_tracker.py:100 | Updated track 4 with car at (277.2, 104.5)
2025-08-25 09:46:09 | RSUFusion.Track | DEBUG    | sort_tracker.py:100 | Updated track 17 with truck at (409.1, 94.0)
2025-08-25 09:46:10 | RSUFusion.Track | DEBUG    | sort_tracker.py:100 | Updated track 16 with car at (571.7, 121.0)
2025-08-25 09:46:10 | RSUFusion.Track | DEBUG    | sort_tracker.py:100 | Updated track 4 with car at (277.2, 104.5)
2025-08-25 09:46:10 | RSUFusion.Track | DEBUG    | sort_tracker.py:100 | Updated track 14 with car at (472.7, 103.4)
2025-08-25 09:46:10 | RSUFusion.Track | DEBUG    | sort_tracker.py:100 | Updated track 17 with truck at (409.1, 94.0)
2025-08-25 09:46:10 | RSUFusion.VisualizationProcess | DEBUG    | run_phase1.py:346 | Visualization: 50.0 FPS
2025-08-25 09:46:10 | RSUFusion.Track | DEBUG    | sort_tracker.py:100 | Updated track 16 with car at (571.8, 121.1)
2025-08-25 09:46:10 | RSUFusion.Track | DEBUG    | sort_tracker.py:100 | Updated track 4 with car at (277.2, 104.5)
2025-08-25 09:46:10 | RSUFusion.Track | DEBUG    | sort_tracker.py:100 | Updated track 14 with car at (471.5, 103.8)
2025-08-25 09:46:10 | RSUFusion.Track | DEBUG    | sort_tracker.py:100 | Updated track 17 with truck at (409.1, 94.0)
2025-08-25 09:46:10 | RSUFusion.Track | DEBUG    | sort_tracker.py:100 | Updated track 16 with car at (571.7, 121.1)
2025-08-25 09:46:10 | RSUFusion.Track | DEBUG    | sort_tracker.py:100 | Updated track 4 with car at (277.1, 104.6)
2025-08-25 09:46:10 | RSUFusion.Track | DEBUG    | sort_tracker.py:100 | Updated track 14 with car at (470.7, 105.3)
2025-08-25 09:46:10 | RSUFusion.Track | DEBUG    | sort_tracker.py:100 | Updated track 17 with truck at (409.1, 94.0)
2025-08-25 09:46:10 | RSUFusion.YOLODetector | DEBUG    | yolo_detector.py:155 | Detection performance: 54.9 FPS, 4 objects detected
2025-08-25 09:46:10 | RSUFusion.DetectionProcess | DEBUG    | run_phase1.py:198 | Detection: 55.2 FPS, 2746 detections processed
2025-08-25 09:46:10 | RSUFusion.Track | DEBUG    | sort_tracker.py:100 | Updated track 16 with car at (571.6, 121.1)
2025-08-25 09:46:10 | RSUFusion.Track | DEBUG    | sort_tracker.py:100 | Updated track 4 with car at (277.3, 104.7)
2025-08-25 09:46:10 | RSUFusion.Track | DEBUG    | sort_tracker.py:100 | Updated track 17 with truck at (409.0, 94.1)
2025-08-25 09:46:10 | RSUFusion.Track | DEBUG    | sort_tracker.py:100 | Updated track 14 with car at (479.9, 98.6)
2025-08-25 09:46:10 | RSUFusion.SORTTracker | DEBUG    | sort_tracker.py:208 | SORT performance: 1.2ms/frame, 5 confirmed tracks
2025-08-25 09:46:10 | RSUFusion.TrackingProcess | DEBUG    | run_phase1.py:268 | Tracking: 5 confirmed tracks
2025-08-25 09:46:10 | RSUFusion.Track | DEBUG    | sort_tracker.py:100 | Updated track 16 with car at (571.7, 121.2)
2025-08-25 09:46:10 | RSUFusion.Track | DEBUG    | sort_tracker.py:100 | Updated track 4 with car at (277.2, 104.7)
2025-08-25 09:46:10 | RSUFusion.Track | DEBUG    | sort_tracker.py:100 | Updated track 14 with car at (479.6, 98.4)
2025-08-25 09:46:10 | RSUFusion.Track | DEBUG    | sort_tracker.py:100 | Updated track 17 with truck at (409.1, 94.0)
2025-08-25 09:46:10 | RSUFusion.KalmanFilter4D | DEBUG    | kalman_filter.py:88 | Kalman filter initialized at (454.4, 110.3)
2025-08-25 09:46:10 | RSUFusion.Track | DEBUG    | sort_tracker.py:51 | Created track 19 for car at (454.4, 110.3)
2025-08-25 09:46:10 | RSUFusion.SORTTracker | DEBUG    | sort_tracker.py:297 | Created new track 19 for car
2025-08-25 09:46:10 | RSUFusion.Track | DEBUG    | sort_tracker.py:100 | Updated track 16 with car at (571.6, 121.3)
2025-08-25 09:46:10 | RSUFusion.Track | DEBUG    | sort_tracker.py:100 | Updated track 19 with car at (453.1, 110.6)
2025-08-25 09:46:10 | RSUFusion.Track | DEBUG    | sort_tracker.py:100 | Updated track 14 with car at (480.0, 98.3)
2025-08-25 09:46:10 | RSUFusion.Track | DEBUG    | sort_tracker.py:100 | Updated track 4 with car at (277.3, 104.7)
2025-08-25 09:46:10 | RSUFusion.Track | DEBUG    | sort_tracker.py:100 | Updated track 17 with truck at (409.0, 93.9)
2025-08-25 09:46:10 | RSUFusion.VisualizationProcess | DEBUG    | run_phase1.py:346 | Visualization: 51.7 FPS
2025-08-25 09:46:10 | RSUFusion.VisualizationProcess | DEBUG    | run_phase1.py:323 | Updated image (consumed 1 frames)
2025-08-25 09:46:10 | RSUFusion.Track | DEBUG    | sort_tracker.py:100 | Updated track 16 with car at (571.8, 121.4)
2025-08-25 09:46:10 | RSUFusion.Track | DEBUG    | sort_tracker.py:100 | Updated track 19 with car at (452.1, 111.0)
2025-08-25 09:46:10 | RSUFusion.Track | DEBUG    | sort_tracker.py:100 | Updated track 14 with car at (480.3, 98.3)
2025-08-25 09:46:10 | RSUFusion.Track | DEBUG    | sort_tracker.py:100 | Updated track 4 with car at (277.4, 104.7)
2025-08-25 09:46:10 | RSUFusion.Track | DEBUG    | sort_tracker.py:100 | Updated track 17 with truck at (409.0, 93.8)
2025-08-25 09:46:10 | RSUFusion.Track | DEBUG    | sort_tracker.py:100 | Updated track 16 with car at (571.9, 121.3)
2025-08-25 09:46:10 | RSUFusion.Track | DEBUG    | sort_tracker.py:100 | Updated track 19 with car at (451.3, 111.5)
2025-08-25 09:46:10 | RSUFusion.Track | DEBUG    | sort_tracker.py:100 | Updated track 14 with car at (477.9, 98.3)
2025-08-25 09:46:10 | RSUFusion.Track | DEBUG    | sort_tracker.py:100 | Updated track 4 with car at (277.2, 104.6)
2025-08-25 09:46:10 | RSUFusion.Track | DEBUG    | sort_tracker.py:100 | Updated track 17 with truck at (409.1, 93.8)
2025-08-25 09:46:10 | RSUFusion.Track | DEBUG    | sort_tracker.py:100 | Updated track 16 with car at (571.8, 121.3)
2025-08-25 09:46:10 | RSUFusion.Track | DEBUG    | sort_tracker.py:100 | Updated track 19 with car at (449.8, 113.3)
2025-08-25 09:46:10 | RSUFusion.Track | DEBUG    | sort_tracker.py:100 | Updated track 14 with car at (478.9, 98.4)
2025-08-25 09:46:10 | RSUFusion.Track | DEBUG    | sort_tracker.py:100 | Updated track 4 with car at (277.4, 104.7)
2025-08-25 09:46:10 | RSUFusion.Track | DEBUG    | sort_tracker.py:100 | Updated track 17 with truck at (409.0, 93.8)
2025-08-25 09:46:11 | RSUFusion.Track | DEBUG    | sort_tracker.py:100 | Updated track 16 with car at (571.7, 121.2)
2025-08-25 09:46:11 | RSUFusion.Track | DEBUG    | sort_tracker.py:100 | Updated track 19 with car at (449.5, 112.8)
2025-08-25 09:46:11 | RSUFusion.Track | DEBUG    | sort_tracker.py:100 | Updated track 14 with car at (479.5, 98.4)
2025-08-25 09:46:11 | RSUFusion.Track | DEBUG    | sort_tracker.py:100 | Updated track 4 with car at (277.3, 104.7)
2025-08-25 09:46:11 | RSUFusion.Track | DEBUG    | sort_tracker.py:100 | Updated track 17 with truck at (409.1, 93.9)
2025-08-25 09:46:11 | RSUFusion.Track | DEBUG    | sort_tracker.py:100 | Updated track 16 with car at (571.8, 121.3)
2025-08-25 09:46:11 | RSUFusion.Track | DEBUG    | sort_tracker.py:100 | Updated track 19 with car at (448.8, 113.7)
2025-08-25 09:46:11 | RSUFusion.Track | DEBUG    | sort_tracker.py:100 | Updated track 14 with car at (479.0, 98.3)
2025-08-25 09:46:11 | RSUFusion.Track | DEBUG    | sort_tracker.py:100 | Updated track 4 with car at (277.3, 104.8)
2025-08-25 09:46:11 | RSUFusion.Track | DEBUG    | sort_tracker.py:100 | Updated track 17 with truck at (409.1, 93.9)
2025-08-25 09:46:11 | RSUFusion.Track | DEBUG    | sort_tracker.py:100 | Updated track 16 with car at (571.6, 121.3)
2025-08-25 09:46:11 | RSUFusion.Track | DEBUG    | sort_tracker.py:100 | Updated track 19 with car at (447.4, 114.9)
2025-08-25 09:46:11 | RSUFusion.Track | DEBUG    | sort_tracker.py:100 | Updated track 14 with car at (478.5, 98.4)
2025-08-25 09:46:11 | RSUFusion.Track | DEBUG    | sort_tracker.py:100 | Updated track 4 with car at (277.3, 104.8)
2025-08-25 09:46:11 | RSUFusion.Track | DEBUG    | sort_tracker.py:100 | Updated track 17 with truck at (409.0, 94.0)
2025-08-25 09:46:11 | RSUFusion.VisualizationProcess | DEBUG    | run_phase1.py:346 | Visualization: 49.9 FPS
2025-08-25 09:46:11 | RSUFusion.Track | DEBUG    | sort_tracker.py:100 | Updated track 16 with car at (571.7, 121.3)
2025-08-25 09:46:11 | RSUFusion.Track | DEBUG    | sort_tracker.py:100 | Updated track 19 with car at (447.1, 116.0)
2025-08-25 09:46:11 | RSUFusion.Track | DEBUG    | sort_tracker.py:100 | Updated track 14 with car at (476.8, 98.5)
2025-08-25 09:46:11 | RSUFusion.Track | DEBUG    | sort_tracker.py:100 | Updated track 4 with car at (277.3, 104.8)
2025-08-25 09:46:11 | RSUFusion.Track | DEBUG    | sort_tracker.py:100 | Updated track 17 with truck at (409.0, 93.9)
2025-08-25 09:46:11 | RSUFusion.Track | DEBUG    | sort_tracker.py:100 | Updated track 16 with car at (571.6, 121.5)
2025-08-25 09:46:11 | RSUFusion.Track | DEBUG    | sort_tracker.py:100 | Updated track 14 with car at (476.7, 98.4)
2025-08-25 09:46:11 | RSUFusion.Track | DEBUG    | sort_tracker.py:100 | Updated track 4 with car at (277.4, 104.8)
2025-08-25 09:46:11 | RSUFusion.Track | DEBUG    | sort_tracker.py:100 | Updated track 19 with car at (445.8, 119.2)
2025-08-25 09:46:11 | RSUFusion.Track | DEBUG    | sort_tracker.py:100 | Updated track 16 with car at (571.8, 121.5)
2025-08-25 09:46:11 | RSUFusion.Track | DEBUG    | sort_tracker.py:100 | Updated track 19 with car at (444.7, 120.5)
2025-08-25 09:46:11 | RSUFusion.Track | DEBUG    | sort_tracker.py:100 | Updated track 14 with car at (474.6, 98.4)
2025-08-25 09:46:11 | RSUFusion.Track | DEBUG    | sort_tracker.py:100 | Updated track 4 with car at (277.4, 104.8)
2025-08-25 09:46:11 | RSUFusion.Track | DEBUG    | sort_tracker.py:100 | Updated track 17 with truck at (409.0, 93.7)
2025-08-25 09:46:11 | RSUFusion.Track | DEBUG    | sort_tracker.py:100 | Updated track 16 with car at (571.8, 121.5)
2025-08-25 09:46:11 | RSUFusion.Track | DEBUG    | sort_tracker.py:100 | Updated track 19 with car at (444.2, 121.1)
2025-08-25 09:46:11 | RSUFusion.Track | DEBUG    | sort_tracker.py:100 | Updated track 14 with car at (473.4, 98.5)
2025-08-25 09:46:11 | RSUFusion.Track | DEBUG    | sort_tracker.py:100 | Updated track 4 with car at (277.4, 104.7)
2025-08-25 09:46:11 | RSUFusion.Track | DEBUG    | sort_tracker.py:100 | Updated track 17 with truck at (409.0, 93.7)
2025-08-25 09:46:11 | RSUFusion.Track | DEBUG    | sort_tracker.py:100 | Updated track 16 with car at (571.7, 121.4)
2025-08-25 09:46:11 | RSUFusion.Track | DEBUG    | sort_tracker.py:100 | Updated track 19 with car at (443.7, 121.6)
2025-08-25 09:46:11 | RSUFusion.Track | DEBUG    | sort_tracker.py:100 | Updated track 14 with car at (472.9, 98.4)
2025-08-25 09:46:11 | RSUFusion.Track | DEBUG    | sort_tracker.py:100 | Updated track 4 with car at (277.5, 104.7)
2025-08-25 09:46:11 | RSUFusion.Track | DEBUG    | sort_tracker.py:100 | Updated track 17 with truck at (409.0, 93.7)
2025-08-25 09:46:11 | RSUFusion.Track | DEBUG    | sort_tracker.py:100 | Updated track 16 with car at (571.7, 121.4)
2025-08-25 09:46:11 | RSUFusion.Track | DEBUG    | sort_tracker.py:100 | Updated track 19 with car at (443.6, 121.2)
2025-08-25 09:46:11 | RSUFusion.Track | DEBUG    | sort_tracker.py:100 | Updated track 14 with car at (472.6, 98.8)
2025-08-25 09:46:11 | RSUFusion.Track | DEBUG    | sort_tracker.py:100 | Updated track 4 with car at (277.4, 104.7)
2025-08-25 09:46:11 | RSUFusion.Track | DEBUG    | sort_tracker.py:100 | Updated track 17 with truck at (409.0, 93.7)
2025-08-25 09:46:11 | RSUFusion.VisualizationProcess | DEBUG    | run_phase1.py:346 | Visualization: 49.5 FPS
2025-08-25 09:46:11 | RSUFusion.CameraProcess | DEBUG    | run_phase1.py:146 | Ambulance speed: 0.0 km/h
2025-08-25 09:46:11 | RSUFusion.Track | DEBUG    | sort_tracker.py:100 | Updated track 19 with car at (443.2, 121.9)
2025-08-25 09:46:11 | RSUFusion.Track | DEBUG    | sort_tracker.py:100 | Updated track 16 with car at (571.7, 121.3)
2025-08-25 09:46:11 | RSUFusion.Track | DEBUG    | sort_tracker.py:100 | Updated track 14 with car at (472.4, 98.7)
2025-08-25 09:46:11 | RSUFusion.Track | DEBUG    | sort_tracker.py:100 | Updated track 4 with car at (277.4, 104.8)
2025-08-25 09:46:11 | RSUFusion.Track | DEBUG    | sort_tracker.py:100 | Updated track 17 with truck at (409.0, 93.7)
2025-08-25 09:46:12 | RSUFusion.Track | DEBUG    | sort_tracker.py:100 | Updated track 19 with car at (442.9, 123.1)
2025-08-25 09:46:12 | RSUFusion.Track | DEBUG    | sort_tracker.py:100 | Updated track 16 with car at (571.6, 121.4)
2025-08-25 09:46:12 | RSUFusion.Track | DEBUG    | sort_tracker.py:100 | Updated track 14 with car at (472.3, 98.7)
2025-08-25 09:46:12 | RSUFusion.Track | DEBUG    | sort_tracker.py:100 | Updated track 4 with car at (277.4, 104.8)
2025-08-25 09:46:12 | RSUFusion.Track | DEBUG    | sort_tracker.py:100 | Updated track 17 with truck at (409.1, 93.8)
2025-08-25 09:46:12 | RSUFusion.Track | DEBUG    | sort_tracker.py:100 | Updated track 16 with car at (571.7, 121.4)
2025-08-25 09:46:12 | RSUFusion.Track | DEBUG    | sort_tracker.py:100 | Updated track 19 with car at (442.3, 123.0)
2025-08-25 09:46:12 | RSUFusion.Track | DEBUG    | sort_tracker.py:100 | Updated track 14 with car at (472.4, 98.6)
2025-08-25 09:46:12 | RSUFusion.Track | DEBUG    | sort_tracker.py:100 | Updated track 4 with car at (277.5, 104.7)
2025-08-25 09:46:12 | RSUFusion.Track | DEBUG    | sort_tracker.py:100 | Updated track 17 with truck at (409.1, 93.7)
2025-08-25 09:46:12 | RSUFusion.Track | DEBUG    | sort_tracker.py:100 | Updated track 19 with car at (441.8, 123.5)
2025-08-25 09:46:12 | RSUFusion.Track | DEBUG    | sort_tracker.py:100 | Updated track 16 with car at (571.6, 121.5)
2025-08-25 09:46:12 | RSUFusion.Track | DEBUG    | sort_tracker.py:100 | Updated track 14 with car at (472.5, 98.6)
2025-08-25 09:46:12 | RSUFusion.Track | DEBUG    | sort_tracker.py:100 | Updated track 4 with car at (277.6, 104.6)
2025-08-25 09:46:12 | RSUFusion.Track | DEBUG    | sort_tracker.py:100 | Updated track 17 with truck at (409.2, 93.7)
2025-08-25 09:46:12 | RSUFusion.Track | DEBUG    | sort_tracker.py:100 | Updated track 19 with car at (440.9, 124.2)
2025-08-25 09:46:12 | RSUFusion.Track | DEBUG    | sort_tracker.py:100 | Updated track 16 with car at (571.8, 121.6)
2025-08-25 09:46:12 | RSUFusion.Track | DEBUG    | sort_tracker.py:100 | Updated track 14 with car at (472.5, 98.4)
2025-08-25 09:46:12 | RSUFusion.Track | DEBUG    | sort_tracker.py:100 | Updated track 4 with car at (277.6, 104.6)
2025-08-25 09:46:12 | RSUFusion.VisualizationProcess | DEBUG    | run_phase1.py:346 | Visualization: 50.0 FPS
2025-08-25 09:46:12 | RSUFusion.Track | DEBUG    | sort_tracker.py:100 | Updated track 19 with car at (440.3, 125.0)
2025-08-25 09:46:12 | RSUFusion.Track | DEBUG    | sort_tracker.py:100 | Updated track 16 with car at (571.8, 121.5)
2025-08-25 09:46:12 | RSUFusion.Track | DEBUG    | sort_tracker.py:100 | Updated track 14 with car at (472.5, 98.4)
2025-08-25 09:46:12 | RSUFusion.Track | DEBUG    | sort_tracker.py:100 | Updated track 4 with car at (277.5, 104.6)
2025-08-25 09:46:12 | RSUFusion.Track | DEBUG    | sort_tracker.py:100 | Updated track 16 with car at (571.7, 121.4)
2025-08-25 09:46:12 | RSUFusion.Track | DEBUG    | sort_tracker.py:100 | Updated track 19 with car at (440.1, 127.0)
2025-08-25 09:46:12 | RSUFusion.Track | DEBUG    | sort_tracker.py:100 | Updated track 14 with car at (472.6, 98.5)
2025-08-25 09:46:12 | RSUFusion.Track | DEBUG    | sort_tracker.py:100 | Updated track 4 with car at (277.6, 104.6)
2025-08-25 09:46:12 | RSUFusion.Track | DEBUG    | sort_tracker.py:100 | Updated track 18 with car at (434.6, 97.7)
2025-08-25 09:46:12 | RSUFusion.Track | DEBUG    | sort_tracker.py:100 | Updated track 16 with car at (571.8, 121.4)
2025-08-25 09:46:12 | RSUFusion.Track | DEBUG    | sort_tracker.py:100 | Updated track 19 with car at (439.2, 128.0)
2025-08-25 09:46:12 | RSUFusion.Track | DEBUG    | sort_tracker.py:100 | Updated track 14 with car at (472.6, 98.6)
2025-08-25 09:46:12 | RSUFusion.Track | DEBUG    | sort_tracker.py:100 | Updated track 4 with car at (277.5, 104.5)
2025-08-25 09:46:12 | RSUFusion.Track | DEBUG    | sort_tracker.py:100 | Updated track 18 with car at (434.7, 97.9)
2025-08-25 09:46:12 | RSUFusion.Track | DEBUG    | sort_tracker.py:100 | Updated track 16 with car at (571.7, 121.4)
2025-08-25 09:46:12 | RSUFusion.Track | DEBUG    | sort_tracker.py:100 | Updated track 19 with car at (438.6, 128.8)
2025-08-25 09:46:12 | RSUFusion.Track | DEBUG    | sort_tracker.py:100 | Updated track 14 with car at (472.8, 98.6)
2025-08-25 09:46:12 | RSUFusion.Track | DEBUG    | sort_tracker.py:100 | Updated track 4 with car at (277.6, 104.7)
2025-08-25 09:46:12 | RSUFusion.Track | DEBUG    | sort_tracker.py:100 | Updated track 18 with car at (434.7, 98.1)
2025-08-25 09:46:12 | RSUFusion.Track | DEBUG    | sort_tracker.py:100 | Updated track 16 with car at (571.6, 121.4)
2025-08-25 09:46:12 | RSUFusion.Track | DEBUG    | sort_tracker.py:100 | Updated track 19 with car at (437.1, 130.1)
2025-08-25 09:46:12 | RSUFusion.Track | DEBUG    | sort_tracker.py:100 | Updated track 14 with car at (472.6, 98.6)
2025-08-25 09:46:12 | RSUFusion.Track | DEBUG    | sort_tracker.py:100 | Updated track 4 with car at (277.6, 104.8)
2025-08-25 09:46:12 | RSUFusion.Track | DEBUG    | sort_tracker.py:100 | Updated track 18 with car at (434.8, 97.9)
2025-08-25 09:46:13 | RSUFusion.Track | DEBUG    | sort_tracker.py:100 | Updated track 16 with car at (571.8, 121.4)
2025-08-25 09:46:13 | RSUFusion.Track | DEBUG    | sort_tracker.py:100 | Updated track 19 with car at (436.5, 130.4)
2025-08-25 09:46:13 | RSUFusion.Track | DEBUG    | sort_tracker.py:100 | Updated track 14 with car at (472.7, 98.6)
2025-08-25 09:46:13 | RSUFusion.Track | DEBUG    | sort_tracker.py:100 | Updated track 4 with car at (277.6, 104.7)
2025-08-25 09:46:13 | RSUFusion.Track | DEBUG    | sort_tracker.py:100 | Updated track 18 with car at (434.8, 97.6)
2025-08-25 09:46:13 | RSUFusion.SORTTracker | DEBUG    | sort_tracker.py:303 | Deleting track 15 (too old: 31 frames)
2025-08-25 09:46:13 | RSUFusion.VisualizationProcess | DEBUG    | run_phase1.py:346 | Visualization: 49.0 FPS
2025-08-25 09:46:13 | RSUFusion.Track | DEBUG    | sort_tracker.py:100 | Updated track 19 with car at (435.5, 132.3)
2025-08-25 09:46:13 | RSUFusion.Track | DEBUG    | sort_tracker.py:100 | Updated track 16 with car at (571.7, 121.5)
2025-08-25 09:46:13 | RSUFusion.Track | DEBUG    | sort_tracker.py:100 | Updated track 14 with car at (472.8, 98.6)
2025-08-25 09:46:13 | RSUFusion.Track | DEBUG    | sort_tracker.py:100 | Updated track 4 with car at (277.7, 104.6)
2025-08-25 09:46:13 | RSUFusion.Track | DEBUG    | sort_tracker.py:100 | Updated track 18 with car at (434.8, 97.3)
2025-08-25 09:46:13 | RSUFusion.Track | DEBUG    | sort_tracker.py:100 | Updated track 19 with car at (434.6, 133.2)
2025-08-25 09:46:13 | RSUFusion.Track | DEBUG    | sort_tracker.py:100 | Updated track 16 with car at (571.7, 121.6)
2025-08-25 09:46:13 | RSUFusion.Track | DEBUG    | sort_tracker.py:100 | Updated track 14 with car at (472.8, 98.6)
2025-08-25 09:46:13 | RSUFusion.Track | DEBUG    | sort_tracker.py:100 | Updated track 4 with car at (277.7, 104.6)
2025-08-25 09:46:13 | RSUFusion.Track | DEBUG    | sort_tracker.py:100 | Updated track 18 with car at (434.8, 97.5)
2025-08-25 09:46:13 | RSUFusion.Track | DEBUG    | sort_tracker.py:100 | Updated track 19 with car at (433.8, 134.3)
2025-08-25 09:46:13 | RSUFusion.Track | DEBUG    | sort_tracker.py:100 | Updated track 16 with car at (571.7, 121.5)
2025-08-25 09:46:13 | RSUFusion.Track | DEBUG    | sort_tracker.py:100 | Updated track 14 with car at (472.7, 98.7)
2025-08-25 09:46:13 | RSUFusion.Track | DEBUG    | sort_tracker.py:100 | Updated track 4 with car at (277.6, 104.6)
2025-08-25 09:46:13 | RSUFusion.Track | DEBUG    | sort_tracker.py:100 | Updated track 18 with car at (435.0, 97.2)
2025-08-25 09:46:13 | RSUFusion.Track | DEBUG    | sort_tracker.py:100 | Updated track 16 with car at (571.7, 121.5)
2025-08-25 09:46:13 | RSUFusion.Track | DEBUG    | sort_tracker.py:100 | Updated track 19 with car at (433.2, 135.6)
2025-08-25 09:46:13 | RSUFusion.Track | DEBUG    | sort_tracker.py:100 | Updated track 14 with car at (472.8, 98.9)
2025-08-25 09:46:13 | RSUFusion.Track | DEBUG    | sort_tracker.py:100 | Updated track 4 with car at (277.8, 104.6)
2025-08-25 09:46:13 | RSUFusion.Track | DEBUG    | sort_tracker.py:100 | Updated track 18 with car at (435.1, 97.0)
2025-08-25 09:46:13 | RSUFusion.YOLODetector | DEBUG    | yolo_detector.py:155 | Detection performance: 55.3 FPS, 6 objects detected
2025-08-25 09:46:13 | RSUFusion.DetectionProcess | DEBUG    | run_phase1.py:198 | Detection: 55.3 FPS, 2894 detections processed
2025-08-25 09:46:13 | RSUFusion.Track | DEBUG    | sort_tracker.py:100 | Updated track 19 with car at (432.7, 137.0)
2025-08-25 09:46:13 | RSUFusion.Track | DEBUG    | sort_tracker.py:100 | Updated track 16 with car at (571.7, 121.4)
2025-08-25 09:46:13 | RSUFusion.Track | DEBUG    | sort_tracker.py:100 | Updated track 14 with car at (472.7, 98.9)
2025-08-25 09:46:13 | RSUFusion.Track | DEBUG    | sort_tracker.py:100 | Updated track 4 with car at (277.6, 104.6)
2025-08-25 09:46:13 | RSUFusion.Track | DEBUG    | sort_tracker.py:100 | Updated track 18 with car at (435.2, 96.9)
2025-08-25 09:46:13 | RSUFusion.Track | DEBUG    | sort_tracker.py:100 | Updated track 17 with truck at (409.2, 93.9)
2025-08-25 09:46:13 | RSUFusion.SORTTracker | DEBUG    | sort_tracker.py:208 | SORT performance: 1.5ms/frame, 6 confirmed tracks
2025-08-25 09:46:13 | RSUFusion.TrackingProcess | DEBUG    | run_phase1.py:268 | Tracking: 6 confirmed tracks
2025-08-25 09:46:13 | RSUFusion.Track | DEBUG    | sort_tracker.py:100 | Updated track 19 with car at (431.8, 138.8)
2025-08-25 09:46:13 | RSUFusion.Track | DEBUG    | sort_tracker.py:100 | Updated track 16 with car at (571.7, 121.4)
2025-08-25 09:46:13 | RSUFusion.Track | DEBUG    | sort_tracker.py:100 | Updated track 14 with car at (472.6, 99.0)
2025-08-25 09:46:13 | RSUFusion.Track | DEBUG    | sort_tracker.py:100 | Updated track 4 with car at (277.7, 104.6)
2025-08-25 09:46:13 | RSUFusion.Track | DEBUG    | sort_tracker.py:100 | Updated track 18 with car at (435.2, 96.9)
2025-08-25 09:46:13 | RSUFusion.Track | DEBUG    | sort_tracker.py:100 | Updated track 17 with truck at (409.2, 94.0)
2025-08-25 09:46:13 | RSUFusion.VisualizationProcess | DEBUG    | run_phase1.py:346 | Visualization: 50.3 FPS
2025-08-25 09:46:13 | RSUFusion.Track | DEBUG    | sort_tracker.py:100 | Updated track 19 with car at (430.9, 140.1)
2025-08-25 09:46:13 | RSUFusion.Track | DEBUG    | sort_tracker.py:100 | Updated track 16 with car at (571.6, 121.4)
2025-08-25 09:46:13 | RSUFusion.Track | DEBUG    | sort_tracker.py:100 | Updated track 14 with car at (472.6, 99.0)
2025-08-25 09:46:13 | RSUFusion.Track | DEBUG    | sort_tracker.py:100 | Updated track 4 with car at (277.7, 104.7)
2025-08-25 09:46:13 | RSUFusion.Track | DEBUG    | sort_tracker.py:100 | Updated track 18 with car at (435.1, 96.8)
2025-08-25 09:46:13 | RSUFusion.Track | DEBUG    | sort_tracker.py:100 | Updated track 19 with car at (430.5, 140.8)
2025-08-25 09:46:13 | RSUFusion.Track | DEBUG    | sort_tracker.py:100 | Updated track 16 with car at (571.7, 121.4)
2025-08-25 09:46:13 | RSUFusion.Track | DEBUG    | sort_tracker.py:100 | Updated track 14 with car at (472.6, 99.0)
2025-08-25 09:46:13 | RSUFusion.Track | DEBUG    | sort_tracker.py:100 | Updated track 4 with car at (277.7, 104.5)
2025-08-25 09:46:13 | RSUFusion.Track | DEBUG    | sort_tracker.py:100 | Updated track 18 with car at (435.1, 96.8)
2025-08-25 09:46:14 | RSUFusion.Track | DEBUG    | sort_tracker.py:100 | Updated track 19 with car at (430.0, 142.9)
2025-08-25 09:46:14 | RSUFusion.Track | DEBUG    | sort_tracker.py:100 | Updated track 16 with car at (571.6, 121.5)
2025-08-25 09:46:14 | RSUFusion.Track | DEBUG    | sort_tracker.py:100 | Updated track 14 with car at (472.9, 99.0)
2025-08-25 09:46:14 | RSUFusion.Track | DEBUG    | sort_tracker.py:100 | Updated track 4 with car at (277.8, 104.6)
2025-08-25 09:46:14 | RSUFusion.Track | DEBUG    | sort_tracker.py:100 | Updated track 18 with car at (435.1, 96.5)
2025-08-25 09:46:14 | RSUFusion.Track | DEBUG    | sort_tracker.py:100 | Updated track 17 with truck at (409.1, 93.9)
2025-08-25 09:46:14 | RSUFusion.Track | DEBUG    | sort_tracker.py:100 | Updated track 19 with car at (428.9, 144.0)
2025-08-25 09:46:14 | RSUFusion.Track | DEBUG    | sort_tracker.py:100 | Updated track 16 with car at (571.8, 121.5)
2025-08-25 09:46:14 | RSUFusion.Track | DEBUG    | sort_tracker.py:100 | Updated track 14 with car at (472.9, 99.0)
2025-08-25 09:46:14 | RSUFusion.Track | DEBUG    | sort_tracker.py:100 | Updated track 4 with car at (277.8, 104.6)
2025-08-25 09:46:14 | RSUFusion.Track | DEBUG    | sort_tracker.py:100 | Updated track 18 with car at (435.1, 96.6)
2025-08-25 09:46:14 | RSUFusion.Track | DEBUG    | sort_tracker.py:100 | Updated track 17 with truck at (409.3, 94.1)
2025-08-25 09:46:14 | RSUFusion.Track | DEBUG    | sort_tracker.py:100 | Updated track 19 with car at (428.3, 145.3)
2025-08-25 09:46:14 | RSUFusion.Track | DEBUG    | sort_tracker.py:100 | Updated track 16 with car at (571.8, 121.5)
2025-08-25 09:46:14 | RSUFusion.Track | DEBUG    | sort_tracker.py:100 | Updated track 14 with car at (472.9, 99.1)
2025-08-25 09:46:14 | RSUFusion.Track | DEBUG    | sort_tracker.py:100 | Updated track 4 with car at (277.7, 104.5)
2025-08-25 09:46:14 | RSUFusion.Track | DEBUG    | sort_tracker.py:100 | Updated track 18 with car at (435.1, 96.4)
2025-08-25 09:46:14 | RSUFusion.Track | DEBUG    | sort_tracker.py:100 | Updated track 17 with truck at (409.3, 94.2)
2025-08-25 09:46:14 | RSUFusion.Track | DEBUG    | sort_tracker.py:100 | Updated track 16 with car at (571.6, 121.4)
2025-08-25 09:46:14 | RSUFusion.Track | DEBUG    | sort_tracker.py:100 | Updated track 19 with car at (427.2, 146.2)
2025-08-25 09:46:14 | RSUFusion.Track | DEBUG    | sort_tracker.py:100 | Updated track 14 with car at (472.9, 99.1)
2025-08-25 09:46:14 | RSUFusion.Track | DEBUG    | sort_tracker.py:100 | Updated track 4 with car at (277.9, 104.5)
2025-08-25 09:46:14 | RSUFusion.Track | DEBUG    | sort_tracker.py:100 | Updated track 18 with car at (435.1, 96.5)
2025-08-25 09:46:14 | RSUFusion.Track | DEBUG    | sort_tracker.py:100 | Updated track 17 with truck at (409.3, 94.1)
2025-08-25 09:46:14 | RSUFusion.Track | DEBUG    | sort_tracker.py:100 | Updated track 19 with car at (426.0, 147.3)
2025-08-25 09:46:14 | RSUFusion.Track | DEBUG    | sort_tracker.py:100 | Updated track 16 with car at (571.7, 121.4)
2025-08-25 09:46:14 | RSUFusion.Track | DEBUG    | sort_tracker.py:100 | Updated track 14 with car at (472.8, 99.2)
2025-08-25 09:46:14 | RSUFusion.Track | DEBUG    | sort_tracker.py:100 | Updated track 4 with car at (277.7, 104.5)
2025-08-25 09:46:14 | RSUFusion.Track | DEBUG    | sort_tracker.py:100 | Updated track 18 with car at (435.0, 96.4)
2025-08-25 09:46:14 | RSUFusion.Track | DEBUG    | sort_tracker.py:100 | Updated track 17 with truck at (409.3, 94.1)
2025-08-25 09:46:14 | RSUFusion.VisualizationProcess | DEBUG    | run_phase1.py:346 | Visualization: 41.0 FPS
2025-08-25 09:46:14 | RSUFusion.Track | DEBUG    | sort_tracker.py:100 | Updated track 19 with car at (425.0, 148.2)
2025-08-25 09:46:14 | RSUFusion.Track | DEBUG    | sort_tracker.py:100 | Updated track 16 with car at (571.7, 121.4)
2025-08-25 09:46:14 | RSUFusion.Track | DEBUG    | sort_tracker.py:100 | Updated track 14 with car at (472.8, 99.2)
2025-08-25 09:46:14 | RSUFusion.Track | DEBUG    | sort_tracker.py:100 | Updated track 4 with car at (277.8, 104.6)
2025-08-25 09:46:14 | RSUFusion.Track | DEBUG    | sort_tracker.py:100 | Updated track 17 with truck at (409.2, 94.2)
2025-08-25 09:46:14 | RSUFusion.Track | DEBUG    | sort_tracker.py:100 | Updated track 18 with car at (435.0, 96.2)
2025-08-25 09:46:14 | RSUFusion.Track | DEBUG    | sort_tracker.py:100 | Updated track 19 with car at (424.8, 149.5)
2025-08-25 09:46:14 | RSUFusion.Track | DEBUG    | sort_tracker.py:100 | Updated track 16 with car at (571.7, 121.3)
2025-08-25 09:46:14 | RSUFusion.Track | DEBUG    | sort_tracker.py:100 | Updated track 14 with car at (472.8, 99.3)
2025-08-25 09:46:14 | RSUFusion.Track | DEBUG    | sort_tracker.py:100 | Updated track 4 with car at (277.9, 104.7)
2025-08-25 09:46:14 | RSUFusion.Track | DEBUG    | sort_tracker.py:100 | Updated track 18 with car at (435.1, 96.0)
2025-08-25 09:46:14 | RSUFusion.Track | DEBUG    | sort_tracker.py:100 | Updated track 17 with truck at (409.2, 94.2)
2025-08-25 09:46:14 | RSUFusion.Track | DEBUG    | sort_tracker.py:100 | Updated track 19 with car at (424.0, 151.4)
2025-08-25 09:46:14 | RSUFusion.Track | DEBUG    | sort_tracker.py:100 | Updated track 16 with car at (571.8, 121.4)
2025-08-25 09:46:14 | RSUFusion.Track | DEBUG    | sort_tracker.py:100 | Updated track 14 with car at (472.8, 99.3)
2025-08-25 09:46:14 | RSUFusion.Track | DEBUG    | sort_tracker.py:100 | Updated track 4 with car at (277.8, 104.6)
2025-08-25 09:46:14 | RSUFusion.Track | DEBUG    | sort_tracker.py:100 | Updated track 18 with car at (435.0, 96.1)
2025-08-25 09:46:14 | RSUFusion.Track | DEBUG    | sort_tracker.py:100 | Updated track 17 with truck at (409.2, 94.2)
2025-08-25 09:46:14 | RSUFusion.Track | DEBUG    | sort_tracker.py:100 | Updated track 19 with car at (423.3, 153.5)
2025-08-25 09:46:14 | RSUFusion.Track | DEBUG    | sort_tracker.py:100 | Updated track 16 with car at (571.6, 121.5)
2025-08-25 09:46:14 | RSUFusion.Track | DEBUG    | sort_tracker.py:100 | Updated track 14 with car at (472.9, 99.2)
2025-08-25 09:46:14 | RSUFusion.Track | DEBUG    | sort_tracker.py:100 | Updated track 4 with car at (278.0, 104.5)
2025-08-25 09:46:14 | RSUFusion.Track | DEBUG    | sort_tracker.py:100 | Updated track 17 with truck at (409.2, 94.2)
2025-08-25 09:46:14 | RSUFusion.Track | DEBUG    | sort_tracker.py:100 | Updated track 18 with car at (435.1, 95.9)
2025-08-25 09:46:14 | RSUFusion.Track | DEBUG    | sort_tracker.py:100 | Updated track 19 with car at (422.5, 154.7)
2025-08-25 09:46:14 | RSUFusion.Track | DEBUG    | sort_tracker.py:100 | Updated track 16 with car at (571.7, 121.6)
2025-08-25 09:46:14 | RSUFusion.Track | DEBUG    | sort_tracker.py:100 | Updated track 14 with car at (472.9, 99.2)
2025-08-25 09:46:14 | RSUFusion.Track | DEBUG    | sort_tracker.py:100 | Updated track 4 with car at (278.0, 104.6)
2025-08-25 09:46:14 | RSUFusion.Track | DEBUG    | sort_tracker.py:100 | Updated track 17 with truck at (409.3, 94.1)
2025-08-25 09:46:14 | RSUFusion.Track | DEBUG    | sort_tracker.py:100 | Updated track 18 with car at (435.1, 95.9)
2025-08-25 09:46:15 | RSUFusion.Track | DEBUG    | sort_tracker.py:100 | Updated track 19 with car at (422.2, 155.6)
2025-08-25 09:46:15 | RSUFusion.Track | DEBUG    | sort_tracker.py:100 | Updated track 16 with car at (571.7, 121.5)
2025-08-25 09:46:15 | RSUFusion.Track | DEBUG    | sort_tracker.py:100 | Updated track 14 with car at (472.9, 99.2)
2025-08-25 09:46:15 | RSUFusion.Track | DEBUG    | sort_tracker.py:100 | Updated track 4 with car at (277.9, 104.5)
2025-08-25 09:46:15 | RSUFusion.Track | DEBUG    | sort_tracker.py:100 | Updated track 17 with truck at (409.3, 94.2)
2025-08-25 09:46:15 | RSUFusion.Track | DEBUG    | sort_tracker.py:100 | Updated track 18 with car at (435.1, 95.8)
2025-08-25 09:46:15 | RSUFusion.CameraProcess | DEBUG    | run_phase1.py:146 | Ambulance speed: 0.0 km/h
2025-08-25 09:46:15 | RSUFusion.Track | DEBUG    | sort_tracker.py:100 | Updated track 19 with car at (421.0, 157.9)
2025-08-25 09:46:15 | RSUFusion.Track | DEBUG    | sort_tracker.py:100 | Updated track 16 with car at (571.7, 121.4)
2025-08-25 09:46:15 | RSUFusion.Track | DEBUG    | sort_tracker.py:100 | Updated track 14 with car at (472.9, 99.0)
2025-08-25 09:46:15 | RSUFusion.Track | DEBUG    | sort_tracker.py:100 | Updated track 4 with car at (278.0, 104.5)
2025-08-25 09:46:15 | RSUFusion.Track | DEBUG    | sort_tracker.py:100 | Updated track 17 with truck at (409.2, 94.1)
2025-08-25 09:46:15 | RSUFusion.Track | DEBUG    | sort_tracker.py:100 | Updated track 18 with car at (435.1, 95.8)
2025-08-25 09:46:15 | RSUFusion.VisualizationProcess | DEBUG    | run_phase1.py:346 | Visualization: 37.5 FPS
2025-08-25 09:46:15 | RSUFusion.Track | DEBUG    | sort_tracker.py:100 | Updated track 19 with car at (420.1, 158.9)
2025-08-25 09:46:15 | RSUFusion.Track | DEBUG    | sort_tracker.py:100 | Updated track 16 with car at (571.7, 121.4)
2025-08-25 09:46:15 | RSUFusion.Track | DEBUG    | sort_tracker.py:100 | Updated track 14 with car at (472.7, 99.1)
2025-08-25 09:46:15 | RSUFusion.Track | DEBUG    | sort_tracker.py:100 | Updated track 4 with car at (277.9, 104.5)
2025-08-25 09:46:15 | RSUFusion.Track | DEBUG    | sort_tracker.py:100 | Updated track 17 with truck at (409.2, 94.2)
2025-08-25 09:46:15 | RSUFusion.Track | DEBUG    | sort_tracker.py:100 | Updated track 18 with car at (435.1, 95.8)
2025-08-25 09:46:15 | RSUFusion.Track | DEBUG    | sort_tracker.py:100 | Updated track 19 with car at (419.6, 160.1)
2025-08-25 09:46:15 | RSUFusion.Track | DEBUG    | sort_tracker.py:100 | Updated track 16 with car at (571.7, 121.4)
2025-08-25 09:46:15 | RSUFusion.Track | DEBUG    | sort_tracker.py:100 | Updated track 14 with car at (472.8, 99.1)
2025-08-25 09:46:15 | RSUFusion.Track | DEBUG    | sort_tracker.py:100 | Updated track 4 with car at (277.9, 104.6)
2025-08-25 09:46:15 | RSUFusion.Track | DEBUG    | sort_tracker.py:100 | Updated track 17 with truck at (409.2, 94.2)
2025-08-25 09:46:15 | RSUFusion.Track | DEBUG    | sort_tracker.py:100 | Updated track 18 with car at (435.2, 95.6)
2025-08-25 09:46:15 | RSUFusion.Track | DEBUG    | sort_tracker.py:100 | Updated track 19 with car at (418.8, 161.9)
2025-08-25 09:46:15 | RSUFusion.Track | DEBUG    | sort_tracker.py:100 | Updated track 16 with car at (571.5, 121.4)
2025-08-25 09:46:15 | RSUFusion.Track | DEBUG    | sort_tracker.py:100 | Updated track 14 with car at (472.7, 99.2)
2025-08-25 09:46:15 | RSUFusion.Track | DEBUG    | sort_tracker.py:100 | Updated track 4 with car at (278.0, 104.7)
2025-08-25 09:46:15 | RSUFusion.Track | DEBUG    | sort_tracker.py:100 | Updated track 17 with truck at (409.2, 94.3)
2025-08-25 09:46:15 | RSUFusion.Track | DEBUG    | sort_tracker.py:100 | Updated track 18 with car at (435.2, 95.6)
2025-08-25 09:46:15 | RSUFusion.Track | DEBUG    | sort_tracker.py:100 | Updated track 19 with car at (418.2, 163.2)
2025-08-25 09:46:15 | RSUFusion.Track | DEBUG    | sort_tracker.py:100 | Updated track 16 with car at (571.7, 121.4)
2025-08-25 09:46:15 | RSUFusion.Track | DEBUG    | sort_tracker.py:100 | Updated track 14 with car at (472.6, 99.1)
2025-08-25 09:46:15 | RSUFusion.Track | DEBUG    | sort_tracker.py:100 | Updated track 4 with car at (277.9, 104.5)
2025-08-25 09:46:15 | RSUFusion.Track | DEBUG    | sort_tracker.py:100 | Updated track 17 with truck at (409.2, 94.2)
2025-08-25 09:46:15 | RSUFusion.Track | DEBUG    | sort_tracker.py:100 | Updated track 18 with car at (435.2, 95.5)
2025-08-25 09:46:15 | RSUFusion.Track | DEBUG    | sort_tracker.py:100 | Updated track 19 with car at (417.5, 165.3)
2025-08-25 09:46:15 | RSUFusion.Track | DEBUG    | sort_tracker.py:100 | Updated track 16 with car at (571.6, 121.5)
2025-08-25 09:46:15 | RSUFusion.Track | DEBUG    | sort_tracker.py:100 | Updated track 14 with car at (472.8, 99.1)
2025-08-25 09:46:15 | RSUFusion.Track | DEBUG    | sort_tracker.py:100 | Updated track 4 with car at (278.0, 104.6)
2025-08-25 09:46:15 | RSUFusion.Track | DEBUG    | sort_tracker.py:100 | Updated track 17 with truck at (409.2, 94.2)
2025-08-25 09:46:15 | RSUFusion.Track | DEBUG    | sort_tracker.py:100 | Updated track 18 with car at (435.2, 95.6)
2025-08-25 09:46:15 | RSUFusion.Track | DEBUG    | sort_tracker.py:100 | Updated track 19 with car at (416.5, 167.0)
2025-08-25 09:46:15 | RSUFusion.Track | DEBUG    | sort_tracker.py:100 | Updated track 16 with car at (571.8, 121.6)
2025-08-25 09:46:15 | RSUFusion.Track | DEBUG    | sort_tracker.py:100 | Updated track 14 with car at (472.8, 99.1)
2025-08-25 09:46:15 | RSUFusion.Track | DEBUG    | sort_tracker.py:100 | Updated track 4 with car at (278.0, 104.6)
2025-08-25 09:46:15 | RSUFusion.Track | DEBUG    | sort_tracker.py:100 | Updated track 17 with truck at (409.3, 94.1)
2025-08-25 09:46:15 | RSUFusion.Track | DEBUG    | sort_tracker.py:100 | Updated track 18 with car at (435.2, 95.7)
2025-08-25 09:46:15 | RSUFusion.Track | DEBUG    | sort_tracker.py:100 | Updated track 19 with car at (416.3, 168.1)
2025-08-25 09:46:15 | RSUFusion.Track | DEBUG    | sort_tracker.py:100 | Updated track 16 with car at (571.9, 121.5)
2025-08-25 09:46:15 | RSUFusion.Track | DEBUG    | sort_tracker.py:100 | Updated track 14 with car at (472.9, 99.2)
2025-08-25 09:46:15 | RSUFusion.Track | DEBUG    | sort_tracker.py:100 | Updated track 4 with car at (278.0, 104.5)
2025-08-25 09:46:15 | RSUFusion.Track | DEBUG    | sort_tracker.py:100 | Updated track 18 with car at (435.1, 95.7)
2025-08-25 09:46:15 | RSUFusion.Track | DEBUG    | sort_tracker.py:100 | Updated track 17 with truck at (409.3, 94.2)
2025-08-25 09:46:15 | RSUFusion.VisualizationProcess | DEBUG    | run_phase1.py:346 | Visualization: 40.2 FPS
2025-08-25 09:46:16 | RSUFusion.Track | DEBUG    | sort_tracker.py:100 | Updated track 19 with car at (415.3, 170.2)
2025-08-25 09:46:16 | RSUFusion.Track | DEBUG    | sort_tracker.py:100 | Updated track 16 with car at (571.7, 121.5)
2025-08-25 09:46:16 | RSUFusion.Track | DEBUG    | sort_tracker.py:100 | Updated track 14 with car at (472.9, 99.1)
2025-08-25 09:46:16 | RSUFusion.Track | DEBUG    | sort_tracker.py:100 | Updated track 4 with car at (278.1, 104.6)
2025-08-25 09:46:16 | RSUFusion.Track | DEBUG    | sort_tracker.py:100 | Updated track 17 with truck at (409.2, 94.2)
2025-08-25 09:46:16 | RSUFusion.Track | DEBUG    | sort_tracker.py:100 | Updated track 18 with car at (435.1, 95.8)
2025-08-25 09:46:16 | RSUFusion.Track | DEBUG    | sort_tracker.py:100 | Updated track 19 with car at (415.0, 171.5)
2025-08-25 09:46:16 | RSUFusion.Track | DEBUG    | sort_tracker.py:100 | Updated track 16 with car at (571.7, 121.4)
2025-08-25 09:46:16 | RSUFusion.Track | DEBUG    | sort_tracker.py:100 | Updated track 14 with car at (472.8, 99.3)
2025-08-25 09:46:16 | RSUFusion.Track | DEBUG    | sort_tracker.py:100 | Updated track 4 with car at (278.0, 104.5)
2025-08-25 09:46:16 | RSUFusion.Track | DEBUG    | sort_tracker.py:100 | Updated track 18 with car at (435.2, 95.6)
2025-08-25 09:46:16 | RSUFusion.Track | DEBUG    | sort_tracker.py:100 | Updated track 17 with truck at (409.2, 94.2)
2025-08-25 09:46:16 | RSUFusion.Track | DEBUG    | sort_tracker.py:100 | Updated track 19 with car at (414.3, 173.4)
2025-08-25 09:46:16 | RSUFusion.Track | DEBUG    | sort_tracker.py:100 | Updated track 16 with car at (571.7, 121.4)
2025-08-25 09:46:16 | RSUFusion.Track | DEBUG    | sort_tracker.py:100 | Updated track 14 with car at (472.8, 99.1)
2025-08-25 09:46:16 | RSUFusion.Track | DEBUG    | sort_tracker.py:100 | Updated track 4 with car at (278.1, 104.7)
2025-08-25 09:46:16 | RSUFusion.Track | DEBUG    | sort_tracker.py:100 | Updated track 17 with truck at (409.2, 94.2)
2025-08-25 09:46:16 | RSUFusion.Track | DEBUG    | sort_tracker.py:100 | Updated track 18 with car at (435.2, 95.6)
2025-08-25 09:46:16 | RSUFusion.Track | DEBUG    | sort_tracker.py:100 | Updated track 19 with car at (413.9, 175.3)
2025-08-25 09:46:16 | RSUFusion.Track | DEBUG    | sort_tracker.py:100 | Updated track 16 with car at (571.5, 121.4)
2025-08-25 09:46:16 | RSUFusion.Track | DEBUG    | sort_tracker.py:100 | Updated track 14 with car at (472.8, 99.2)
2025-08-25 09:46:16 | RSUFusion.Track | DEBUG    | sort_tracker.py:100 | Updated track 4 with car at (278.1, 104.7)
2025-08-25 09:46:16 | RSUFusion.Track | DEBUG    | sort_tracker.py:100 | Updated track 17 with truck at (409.1, 94.3)
2025-08-25 09:46:16 | RSUFusion.Track | DEBUG    | sort_tracker.py:100 | Updated track 18 with car at (435.2, 95.5)
2025-08-25 09:46:16 | RSUFusion.Track | DEBUG    | sort_tracker.py:100 | Updated track 19 with car at (413.2, 176.1)
2025-08-25 09:46:16 | RSUFusion.Track | DEBUG    | sort_tracker.py:100 | Updated track 16 with car at (571.6, 121.4)
2025-08-25 09:46:16 | RSUFusion.Track | DEBUG    | sort_tracker.py:100 | Updated track 14 with car at (472.7, 99.2)
2025-08-25 09:46:16 | RSUFusion.Track | DEBUG    | sort_tracker.py:100 | Updated track 4 with car at (278.1, 104.7)
2025-08-25 09:46:16 | RSUFusion.Track | DEBUG    | sort_tracker.py:100 | Updated track 17 with truck at (409.2, 94.2)
2025-08-25 09:46:16 | RSUFusion.Track | DEBUG    | sort_tracker.py:100 | Updated track 18 with car at (435.2, 95.5)
2025-08-25 09:46:16 | RSUFusion.Track | DEBUG    | sort_tracker.py:100 | Updated track 19 with car at (412.7, 177.4)
2025-08-25 09:46:16 | RSUFusion.Track | DEBUG    | sort_tracker.py:100 | Updated track 16 with car at (571.6, 121.5)
2025-08-25 09:46:16 | RSUFusion.Track | DEBUG    | sort_tracker.py:100 | Updated track 14 with car at (472.9, 99.1)
2025-08-25 09:46:16 | RSUFusion.Track | DEBUG    | sort_tracker.py:100 | Updated track 4 with car at (278.2, 104.6)
2025-08-25 09:46:16 | RSUFusion.Track | DEBUG    | sort_tracker.py:100 | Updated track 17 with truck at (409.2, 94.2)
2025-08-25 09:46:16 | RSUFusion.Track | DEBUG    | sort_tracker.py:100 | Updated track 18 with car at (435.2, 95.4)
2025-08-25 09:46:16 | RSUFusion.Track | DEBUG    | sort_tracker.py:100 | Updated track 19 with car at (412.6, 177.4)
2025-08-25 09:46:16 | RSUFusion.Track | DEBUG    | sort_tracker.py:100 | Updated track 16 with car at (571.8, 121.6)
2025-08-25 09:46:16 | RSUFusion.Track | DEBUG    | sort_tracker.py:100 | Updated track 14 with car at (472.8, 99.1)
2025-08-25 09:46:16 | RSUFusion.Track | DEBUG    | sort_tracker.py:100 | Updated track 4 with car at (278.3, 104.5)
2025-08-25 09:46:16 | RSUFusion.Track | DEBUG    | sort_tracker.py:100 | Updated track 17 with truck at (409.2, 94.2)
2025-08-25 09:46:16 | RSUFusion.Track | DEBUG    | sort_tracker.py:100 | Updated track 18 with car at (435.2, 95.5)
2025-08-25 09:46:16 | RSUFusion.VisualizationProcess | DEBUG    | run_phase1.py:346 | Visualization: 40.4 FPS
2025-08-25 09:46:16 | RSUFusion.YOLODetector | DEBUG    | yolo_detector.py:155 | Detection performance: 54.1 FPS, 6 objects detected
2025-08-25 09:46:16 | RSUFusion.DetectionProcess | DEBUG    | run_phase1.py:198 | Detection: 54.9 FPS, 3072 detections processed
2025-08-25 09:46:16 | RSUFusion.Track | DEBUG    | sort_tracker.py:100 | Updated track 19 with car at (412.5, 177.5)
2025-08-25 09:46:16 | RSUFusion.Track | DEBUG    | sort_tracker.py:100 | Updated track 16 with car at (571.9, 121.6)
2025-08-25 09:46:16 | RSUFusion.Track | DEBUG    | sort_tracker.py:100 | Updated track 14 with car at (472.8, 99.1)
2025-08-25 09:46:16 | RSUFusion.Track | DEBUG    | sort_tracker.py:100 | Updated track 4 with car at (278.2, 104.5)
2025-08-25 09:46:16 | RSUFusion.Track | DEBUG    | sort_tracker.py:100 | Updated track 17 with truck at (409.2, 94.2)
2025-08-25 09:46:16 | RSUFusion.Track | DEBUG    | sort_tracker.py:100 | Updated track 18 with car at (435.1, 95.6)
2025-08-25 09:46:16 | RSUFusion.SORTTracker | DEBUG    | sort_tracker.py:208 | SORT performance: 1.5ms/frame, 6 confirmed tracks
2025-08-25 09:46:16 | RSUFusion.TrackingProcess | DEBUG    | run_phase1.py:268 | Tracking: 6 confirmed tracks
2025-08-25 09:46:16 | RSUFusion.Track | DEBUG    | sort_tracker.py:100 | Updated track 19 with car at (412.4, 177.7)
2025-08-25 09:46:16 | RSUFusion.Track | DEBUG    | sort_tracker.py:100 | Updated track 16 with car at (571.7, 121.4)
2025-08-25 09:46:16 | RSUFusion.Track | DEBUG    | sort_tracker.py:100 | Updated track 14 with car at (472.9, 99.1)
2025-08-25 09:46:16 | RSUFusion.Track | DEBUG    | sort_tracker.py:100 | Updated track 4 with car at (278.3, 104.6)
2025-08-25 09:46:16 | RSUFusion.Track | DEBUG    | sort_tracker.py:100 | Updated track 17 with truck at (409.2, 94.2)
2025-08-25 09:46:16 | RSUFusion.Track | DEBUG    | sort_tracker.py:100 | Updated track 18 with car at (435.2, 95.5)
2025-08-25 09:46:16 | RSUFusion.Track | DEBUG    | sort_tracker.py:100 | Updated track 19 with car at (412.5, 177.7)
2025-08-25 09:46:16 | RSUFusion.Track | DEBUG    | sort_tracker.py:100 | Updated track 16 with car at (571.6, 121.4)
2025-08-25 09:46:16 | RSUFusion.Track | DEBUG    | sort_tracker.py:100 | Updated track 14 with car at (472.8, 99.2)
2025-08-25 09:46:16 | RSUFusion.Track | DEBUG    | sort_tracker.py:100 | Updated track 4 with car at (278.2, 104.5)
2025-08-25 09:46:16 | RSUFusion.Track | DEBUG    | sort_tracker.py:100 | Updated track 17 with truck at (409.2, 94.2)
2025-08-25 09:46:16 | RSUFusion.Track | DEBUG    | sort_tracker.py:100 | Updated track 18 with car at (435.2, 95.6)
2025-08-25 09:46:17 | RSUFusion.Track | DEBUG    | sort_tracker.py:100 | Updated track 19 with car at (412.4, 177.9)
2025-08-25 09:46:17 | RSUFusion.Track | DEBUG    | sort_tracker.py:100 | Updated track 16 with car at (571.8, 121.5)
2025-08-25 09:46:17 | RSUFusion.Track | DEBUG    | sort_tracker.py:100 | Updated track 14 with car at (472.7, 99.1)
2025-08-25 09:46:17 | RSUFusion.Track | DEBUG    | sort_tracker.py:100 | Updated track 4 with car at (278.2, 104.6)
2025-08-25 09:46:17 | RSUFusion.Track | DEBUG    | sort_tracker.py:100 | Updated track 17 with truck at (409.2, 94.2)
2025-08-25 09:46:17 | RSUFusion.Track | DEBUG    | sort_tracker.py:100 | Updated track 18 with car at (435.2, 95.4)
2025-08-25 09:46:17 | RSUFusion.Track | DEBUG    | sort_tracker.py:100 | Updated track 19 with car at (411.9, 177.9)
2025-08-25 09:46:17 | RSUFusion.Track | DEBUG    | sort_tracker.py:100 | Updated track 16 with car at (571.6, 121.4)
2025-08-25 09:46:17 | RSUFusion.Track | DEBUG    | sort_tracker.py:100 | Updated track 14 with car at (472.8, 99.1)
2025-08-25 09:46:17 | RSUFusion.Track | DEBUG    | sort_tracker.py:100 | Updated track 4 with car at (278.3, 104.7)
2025-08-25 09:46:17 | RSUFusion.Track | DEBUG    | sort_tracker.py:100 | Updated track 17 with truck at (409.2, 94.3)
2025-08-25 09:46:17 | RSUFusion.Track | DEBUG    | sort_tracker.py:100 | Updated track 18 with car at (435.2, 95.5)
2025-08-25 09:46:17 | RSUFusion.Track | DEBUG    | sort_tracker.py:100 | Updated track 19 with car at (411.8, 177.9)
2025-08-25 09:46:17 | RSUFusion.Track | DEBUG    | sort_tracker.py:100 | Updated track 16 with car at (571.6, 121.4)
2025-08-25 09:46:17 | RSUFusion.Track | DEBUG    | sort_tracker.py:100 | Updated track 14 with car at (472.7, 99.1)
2025-08-25 09:46:17 | RSUFusion.Track | DEBUG    | sort_tracker.py:100 | Updated track 4 with car at (278.2, 104.7)
2025-08-25 09:46:17 | RSUFusion.Track | DEBUG    | sort_tracker.py:100 | Updated track 17 with truck at (409.2, 94.2)
2025-08-25 09:46:17 | RSUFusion.Track | DEBUG    | sort_tracker.py:100 | Updated track 18 with car at (435.2, 95.5)
2025-08-25 09:46:17 | RSUFusion.Track | DEBUG    | sort_tracker.py:100 | Updated track 19 with car at (411.8, 177.9)
2025-08-25 09:46:17 | RSUFusion.Track | DEBUG    | sort_tracker.py:100 | Updated track 16 with car at (571.6, 121.5)
2025-08-25 09:46:17 | RSUFusion.Track | DEBUG    | sort_tracker.py:100 | Updated track 14 with car at (472.9, 99.1)
2025-08-25 09:46:17 | RSUFusion.Track | DEBUG    | sort_tracker.py:100 | Updated track 17 with truck at (409.2, 94.2)
2025-08-25 09:46:17 | RSUFusion.Track | DEBUG    | sort_tracker.py:100 | Updated track 18 with car at (435.2, 95.4)
2025-08-25 09:46:17 | RSUFusion.VisualizationProcess | DEBUG    | run_phase1.py:346 | Visualization: 43.0 FPS
2025-08-25 09:46:17 | RSUFusion.Track | DEBUG    | sort_tracker.py:100 | Updated track 19 with car at (411.8, 177.9)
2025-08-25 09:46:17 | RSUFusion.Track | DEBUG    | sort_tracker.py:100 | Updated track 16 with car at (571.7, 121.6)
2025-08-25 09:46:17 | RSUFusion.Track | DEBUG    | sort_tracker.py:100 | Updated track 14 with car at (472.8, 99.1)
2025-08-25 09:46:17 | RSUFusion.Track | DEBUG    | sort_tracker.py:100 | Updated track 17 with truck at (409.3, 94.2)
2025-08-25 09:46:17 | RSUFusion.Track | DEBUG    | sort_tracker.py:100 | Updated track 18 with car at (435.2, 95.6)
2025-08-25 09:46:17 | RSUFusion.Track | DEBUG    | sort_tracker.py:100 | Updated track 19 with car at (411.8, 178.0)
2025-08-25 09:46:17 | RSUFusion.Track | DEBUG    | sort_tracker.py:100 | Updated track 16 with car at (571.8, 121.5)
2025-08-25 09:46:17 | RSUFusion.Track | DEBUG    | sort_tracker.py:100 | Updated track 14 with car at (472.9, 99.2)
2025-08-25 09:46:17 | RSUFusion.Track | DEBUG    | sort_tracker.py:100 | Updated track 17 with truck at (409.3, 94.2)
2025-08-25 09:46:17 | RSUFusion.Track | DEBUG    | sort_tracker.py:100 | Updated track 18 with car at (435.2, 95.4)
2025-08-25 09:46:17 | RSUFusion.Track | DEBUG    | sort_tracker.py:100 | Updated track 19 with car at (411.8, 178.0)
2025-08-25 09:46:17 | RSUFusion.Track | DEBUG    | sort_tracker.py:100 | Updated track 16 with car at (571.7, 121.5)
2025-08-25 09:46:17 | RSUFusion.Track | DEBUG    | sort_tracker.py:100 | Updated track 14 with car at (472.9, 99.1)
2025-08-25 09:46:17 | RSUFusion.Track | DEBUG    | sort_tracker.py:100 | Updated track 17 with truck at (409.2, 94.2)
2025-08-25 09:46:17 | RSUFusion.Track | DEBUG    | sort_tracker.py:100 | Updated track 18 with car at (435.1, 95.6)
2025-08-25 09:46:17 | RSUFusion.Track | DEBUG    | sort_tracker.py:100 | Updated track 19 with car at (411.8, 178.0)
2025-08-25 09:46:17 | RSUFusion.Track | DEBUG    | sort_tracker.py:100 | Updated track 16 with car at (571.7, 121.4)
2025-08-25 09:46:17 | RSUFusion.Track | DEBUG    | sort_tracker.py:100 | Updated track 14 with car at (472.8, 99.1)
2025-08-25 09:46:17 | RSUFusion.Track | DEBUG    | sort_tracker.py:100 | Updated track 17 with truck at (409.2, 94.2)
2025-08-25 09:46:17 | RSUFusion.Track | DEBUG    | sort_tracker.py:100 | Updated track 18 with car at (435.2, 95.5)
2025-08-25 09:46:17 | RSUFusion.Track | DEBUG    | sort_tracker.py:100 | Updated track 19 with car at (411.8, 178.0)
2025-08-25 09:46:17 | RSUFusion.Track | DEBUG    | sort_tracker.py:100 | Updated track 16 with car at (571.7, 121.5)
2025-08-25 09:46:17 | RSUFusion.Track | DEBUG    | sort_tracker.py:100 | Updated track 14 with car at (472.8, 99.1)
2025-08-25 09:46:17 | RSUFusion.Track | DEBUG    | sort_tracker.py:100 | Updated track 17 with truck at (409.2, 94.2)
2025-08-25 09:46:17 | RSUFusion.Track | DEBUG    | sort_tracker.py:100 | Updated track 18 with car at (435.2, 95.5)
2025-08-25 09:46:18 | RSUFusion.Track | DEBUG    | sort_tracker.py:100 | Updated track 19 with car at (411.7, 178.1)
2025-08-25 09:46:18 | RSUFusion.Track | DEBUG    | sort_tracker.py:100 | Updated track 16 with car at (571.5, 121.4)
2025-08-25 09:46:18 | RSUFusion.Track | DEBUG    | sort_tracker.py:100 | Updated track 14 with car at (472.7, 99.1)
2025-08-25 09:46:18 | RSUFusion.Track | DEBUG    | sort_tracker.py:100 | Updated track 17 with truck at (409.2, 94.3)
2025-08-25 09:46:18 | RSUFusion.Track | DEBUG    | sort_tracker.py:100 | Updated track 18 with car at (435.2, 95.5)
2025-08-25 09:46:18 | RSUFusion.VisualizationProcess | DEBUG    | run_phase1.py:346 | Visualization: 46.4 FPS
2025-08-25 09:46:18 | RSUFusion.Track | DEBUG    | sort_tracker.py:100 | Updated track 19 with car at (411.7, 178.1)
2025-08-25 09:46:18 | RSUFusion.Track | DEBUG    | sort_tracker.py:100 | Updated track 16 with car at (571.7, 121.4)
2025-08-25 09:46:18 | RSUFusion.Track | DEBUG    | sort_tracker.py:100 | Updated track 14 with car at (472.7, 99.1)
2025-08-25 09:46:18 | RSUFusion.Track | DEBUG    | sort_tracker.py:100 | Updated track 17 with truck at (409.2, 94.2)
2025-08-25 09:46:18 | RSUFusion.Track | DEBUG    | sort_tracker.py:100 | Updated track 18 with car at (435.2, 95.6)
2025-08-25 09:46:18 | RSUFusion.Track | DEBUG    | sort_tracker.py:100 | Updated track 19 with car at (411.7, 178.1)
2025-08-25 09:46:18 | RSUFusion.Track | DEBUG    | sort_tracker.py:100 | Updated track 16 with car at (571.6, 121.5)
2025-08-25 09:46:18 | RSUFusion.Track | DEBUG    | sort_tracker.py:100 | Updated track 14 with car at (472.9, 99.1)
2025-08-25 09:46:18 | RSUFusion.Track | DEBUG    | sort_tracker.py:100 | Updated track 18 with car at (435.2, 95.6)
2025-08-25 09:46:18 | RSUFusion.Track | DEBUG    | sort_tracker.py:100 | Updated track 17 with truck at (409.2, 94.2)
2025-08-25 09:46:18 | RSUFusion.CameraProcess | DEBUG    | run_phase1.py:146 | Ambulance speed: 0.0 km/h
2025-08-25 09:46:18 | RSUFusion.Track | DEBUG    | sort_tracker.py:100 | Updated track 19 with car at (411.7, 178.1)
2025-08-25 09:46:18 | RSUFusion.Track | DEBUG    | sort_tracker.py:100 | Updated track 16 with car at (571.9, 121.6)
2025-08-25 09:46:18 | RSUFusion.Track | DEBUG    | sort_tracker.py:100 | Updated track 14 with car at (472.8, 99.1)
2025-08-25 09:46:18 | RSUFusion.Track | DEBUG    | sort_tracker.py:100 | Updated track 17 with truck at (409.3, 94.2)
2025-08-25 09:46:18 | RSUFusion.Track | DEBUG    | sort_tracker.py:100 | Updated track 18 with car at (435.3, 95.6)
2025-08-25 09:46:18 | RSUFusion.Track | DEBUG    | sort_tracker.py:100 | Updated track 19 with car at (411.7, 178.1)
2025-08-25 09:46:18 | RSUFusion.Track | DEBUG    | sort_tracker.py:100 | Updated track 16 with car at (571.8, 121.5)
2025-08-25 09:46:18 | RSUFusion.Track | DEBUG    | sort_tracker.py:100 | Updated track 14 with car at (472.9, 99.2)
2025-08-25 09:46:18 | RSUFusion.Track | DEBUG    | sort_tracker.py:100 | Updated track 17 with truck at (409.2, 94.2)
2025-08-25 09:46:18 | RSUFusion.Track | DEBUG    | sort_tracker.py:100 | Updated track 18 with car at (435.1, 95.7)
2025-08-25 09:46:18 | RSUFusion.Track | DEBUG    | sort_tracker.py:100 | Updated track 19 with car at (411.8, 178.1)
2025-08-25 09:46:18 | RSUFusion.Track | DEBUG    | sort_tracker.py:100 | Updated track 16 with car at (571.7, 121.5)
2025-08-25 09:46:18 | RSUFusion.Track | DEBUG    | sort_tracker.py:100 | Updated track 14 with car at (472.9, 99.1)
2025-08-25 09:46:18 | RSUFusion.Track | DEBUG    | sort_tracker.py:100 | Updated track 17 with truck at (409.2, 94.1)
2025-08-25 09:46:18 | RSUFusion.Track | DEBUG    | sort_tracker.py:100 | Updated track 18 with car at (435.1, 95.6)
2025-08-25 09:46:18 | RSUFusion.Track | DEBUG    | sort_tracker.py:100 | Updated track 19 with car at (411.8, 178.1)
2025-08-25 09:46:18 | RSUFusion.Track | DEBUG    | sort_tracker.py:100 | Updated track 16 with car at (571.7, 121.5)
2025-08-25 09:46:18 | RSUFusion.Track | DEBUG    | sort_tracker.py:100 | Updated track 14 with car at (472.7, 99.1)
2025-08-25 09:46:18 | RSUFusion.Track | DEBUG    | sort_tracker.py:100 | Updated track 18 with car at (435.2, 95.6)
2025-08-25 09:46:18 | RSUFusion.Track | DEBUG    | sort_tracker.py:100 | Updated track 17 with truck at (409.2, 94.2)
2025-08-25 09:46:18 | RSUFusion.VisualizationProcess | DEBUG    | run_phase1.py:346 | Visualization: 49.2 FPS
2025-08-25 09:46:18 | RSUFusion.Track | DEBUG    | sort_tracker.py:100 | Updated track 19 with car at (411.8, 178.1)
2025-08-25 09:46:18 | RSUFusion.Track | DEBUG    | sort_tracker.py:100 | Updated track 16 with car at (571.7, 121.5)
2025-08-25 09:46:18 | RSUFusion.Track | DEBUG    | sort_tracker.py:100 | Updated track 14 with car at (472.8, 99.1)
2025-08-25 09:46:18 | RSUFusion.Track | DEBUG    | sort_tracker.py:100 | Updated track 17 with truck at (409.2, 94.2)
2025-08-25 09:46:18 | RSUFusion.Track | DEBUG    | sort_tracker.py:100 | Updated track 18 with car at (435.2, 95.5)
2025-08-25 09:46:18 | RSUFusion.Track | DEBUG    | sort_tracker.py:100 | Updated track 19 with car at (411.7, 178.1)
2025-08-25 09:46:18 | RSUFusion.Track | DEBUG    | sort_tracker.py:100 | Updated track 16 with car at (571.6, 121.5)
2025-08-25 09:46:18 | RSUFusion.Track | DEBUG    | sort_tracker.py:100 | Updated track 14 with car at (472.8, 99.1)
2025-08-25 09:46:18 | RSUFusion.Track | DEBUG    | sort_tracker.py:100 | Updated track 17 with truck at (409.2, 94.3)
2025-08-25 09:46:18 | RSUFusion.Track | DEBUG    | sort_tracker.py:100 | Updated track 18 with car at (435.2, 95.5)
2025-08-25 09:46:18 | RSUFusion.Track | DEBUG    | sort_tracker.py:100 | Updated track 19 with car at (411.7, 178.1)
2025-08-25 09:46:18 | RSUFusion.Track | DEBUG    | sort_tracker.py:100 | Updated track 16 with car at (571.8, 121.4)
2025-08-25 09:46:18 | RSUFusion.Track | DEBUG    | sort_tracker.py:100 | Updated track 14 with car at (472.7, 99.1)
2025-08-25 09:46:18 | RSUFusion.Track | DEBUG    | sort_tracker.py:100 | Updated track 18 with car at (435.1, 95.6)
2025-08-25 09:46:18 | RSUFusion.Track | DEBUG    | sort_tracker.py:100 | Updated track 17 with truck at (409.2, 94.2)
2025-08-25 09:46:19 | RSUFusion.Track | DEBUG    | sort_tracker.py:100 | Updated track 19 with car at (411.7, 178.1)
2025-08-25 09:46:19 | RSUFusion.Track | DEBUG    | sort_tracker.py:100 | Updated track 16 with car at (571.7, 121.6)
2025-08-25 09:46:19 | RSUFusion.Track | DEBUG    | sort_tracker.py:100 | Updated track 14 with car at (472.9, 99.1)
2025-08-25 09:46:19 | RSUFusion.Track | DEBUG    | sort_tracker.py:100 | Updated track 18 with car at (435.2, 95.6)
2025-08-25 09:46:19 | RSUFusion.Track | DEBUG    | sort_tracker.py:100 | Updated track 17 with truck at (409.2, 94.2)
2025-08-25 09:46:19 | RSUFusion.Track | DEBUG    | sort_tracker.py:100 | Updated track 19 with car at (411.7, 178.1)
2025-08-25 09:46:19 | RSUFusion.Track | DEBUG    | sort_tracker.py:100 | Updated track 16 with car at (571.7, 121.6)
2025-08-25 09:46:19 | RSUFusion.Track | DEBUG    | sort_tracker.py:100 | Updated track 14 with car at (472.9, 99.1)
2025-08-25 09:46:19 | RSUFusion.Track | DEBUG    | sort_tracker.py:100 | Updated track 17 with truck at (409.2, 94.2)
2025-08-25 09:46:19 | RSUFusion.Track | DEBUG    | sort_tracker.py:100 | Updated track 18 with car at (435.2, 95.6)
2025-08-25 09:46:19 | RSUFusion.Track | DEBUG    | sort_tracker.py:100 | Updated track 19 with car at (411.7, 178.1)
2025-08-25 09:46:19 | RSUFusion.Track | DEBUG    | sort_tracker.py:100 | Updated track 16 with car at (571.8, 121.5)
2025-08-25 09:46:19 | RSUFusion.Track | DEBUG    | sort_tracker.py:100 | Updated track 14 with car at (472.9, 99.2)
2025-08-25 09:46:19 | RSUFusion.Track | DEBUG    | sort_tracker.py:100 | Updated track 17 with truck at (409.2, 94.2)
2025-08-25 09:46:19 | RSUFusion.Track | DEBUG    | sort_tracker.py:100 | Updated track 18 with car at (435.1, 95.6)
2025-08-25 09:46:19 | RSUFusion.VisualizationProcess | DEBUG    | run_phase1.py:346 | Visualization: 46.8 FPS
2025-08-25 09:46:19 | RSUFusion.Track | DEBUG    | sort_tracker.py:100 | Updated track 19 with car at (411.7, 178.2)
2025-08-25 09:46:19 | RSUFusion.Track | DEBUG    | sort_tracker.py:100 | Updated track 16 with car at (571.7, 121.5)
2025-08-25 09:46:19 | RSUFusion.Track | DEBUG    | sort_tracker.py:100 | Updated track 14 with car at (473.0, 99.2)
2025-08-25 09:46:19 | RSUFusion.Track | DEBUG    | sort_tracker.py:100 | Updated track 17 with truck at (409.2, 94.2)
2025-08-25 09:46:19 | RSUFusion.Track | DEBUG    | sort_tracker.py:100 | Updated track 18 with car at (435.1, 95.6)
2025-08-25 09:46:19 | RSUFusion.Track | DEBUG    | sort_tracker.py:100 | Updated track 19 with car at (411.7, 178.1)
2025-08-25 09:46:19 | RSUFusion.Track | DEBUG    | sort_tracker.py:100 | Updated track 16 with car at (571.7, 121.4)
2025-08-25 09:46:19 | RSUFusion.Track | DEBUG    | sort_tracker.py:100 | Updated track 14 with car at (472.8, 99.1)
2025-08-25 09:46:19 | RSUFusion.Track | DEBUG    | sort_tracker.py:100 | Updated track 17 with truck at (409.2, 94.2)
2025-08-25 09:46:19 | RSUFusion.Track | DEBUG    | sort_tracker.py:100 | Updated track 18 with car at (435.2, 95.6)
2025-08-25 09:46:19 | RSUFusion.Track | DEBUG    | sort_tracker.py:100 | Updated track 19 with car at (411.7, 178.2)
2025-08-25 09:46:19 | RSUFusion.Track | DEBUG    | sort_tracker.py:100 | Updated track 16 with car at (571.8, 121.5)
2025-08-25 09:46:19 | RSUFusion.Track | DEBUG    | sort_tracker.py:100 | Updated track 14 with car at (472.8, 99.1)
2025-08-25 09:46:19 | RSUFusion.Track | DEBUG    | sort_tracker.py:100 | Updated track 17 with truck at (409.2, 94.2)
2025-08-25 09:46:19 | RSUFusion.Track | DEBUG    | sort_tracker.py:100 | Updated track 18 with car at (435.2, 95.6)
2025-08-25 09:46:19 | RSUFusion.Track | DEBUG    | sort_tracker.py:100 | Updated track 19 with car at (411.7, 178.2)
2025-08-25 09:46:19 | RSUFusion.Track | DEBUG    | sort_tracker.py:100 | Updated track 16 with car at (571.5, 121.4)
2025-08-25 09:46:19 | RSUFusion.Track | DEBUG    | sort_tracker.py:100 | Updated track 14 with car at (472.8, 99.2)
2025-08-25 09:46:19 | RSUFusion.Track | DEBUG    | sort_tracker.py:100 | Updated track 17 with truck at (409.1, 94.3)
2025-08-25 09:46:19 | RSUFusion.Track | DEBUG    | sort_tracker.py:100 | Updated track 18 with car at (435.1, 95.5)
2025-08-25 09:46:19 | RSUFusion.Track | DEBUG    | sort_tracker.py:100 | Updated track 19 with car at (411.7, 178.2)
2025-08-25 09:46:19 | RSUFusion.Track | DEBUG    | sort_tracker.py:100 | Updated track 16 with car at (571.7, 121.4)
2025-08-25 09:46:19 | RSUFusion.Track | DEBUG    | sort_tracker.py:100 | Updated track 14 with car at (472.8, 99.1)
2025-08-25 09:46:19 | RSUFusion.Track | DEBUG    | sort_tracker.py:100 | Updated track 17 with truck at (409.2, 94.2)
2025-08-25 09:46:19 | RSUFusion.Track | DEBUG    | sort_tracker.py:100 | Updated track 18 with car at (435.2, 95.4)
2025-08-25 09:46:19 | RSUFusion.VisualizationProcess | DEBUG    | run_phase1.py:346 | Visualization: 48.9 FPS
2025-08-25 09:46:19 | RSUFusion.YOLODetector | DEBUG    | yolo_detector.py:155 | Detection performance: 57.3 FPS, 5 objects detected
2025-08-25 09:46:19 | RSUFusion.DetectionProcess | DEBUG    | run_phase1.py:198 | Detection: 54.8 FPS, 3227 detections processed
2025-08-25 09:46:19 | RSUFusion.Track | DEBUG    | sort_tracker.py:100 | Updated track 19 with car at (411.7, 178.2)
2025-08-25 09:46:19 | RSUFusion.Track | DEBUG    | sort_tracker.py:100 | Updated track 16 with car at (571.6, 121.5)
2025-08-25 09:46:19 | RSUFusion.Track | DEBUG    | sort_tracker.py:100 | Updated track 14 with car at (472.9, 99.0)
2025-08-25 09:46:19 | RSUFusion.Track | DEBUG    | sort_tracker.py:100 | Updated track 17 with truck at (409.2, 94.2)
2025-08-25 09:46:19 | RSUFusion.Track | DEBUG    | sort_tracker.py:100 | Updated track 18 with car at (435.2, 95.5)
2025-08-25 09:46:19 | RSUFusion.SORTTracker | DEBUG    | sort_tracker.py:208 | SORT performance: 1.3ms/frame, 6 confirmed tracks
2025-08-25 09:46:19 | RSUFusion.TrackingProcess | DEBUG    | run_phase1.py:268 | Tracking: 6 confirmed tracks
2025-08-25 09:46:20 | RSUFusion.Track | DEBUG    | sort_tracker.py:100 | Updated track 19 with car at (411.7, 178.2)
2025-08-25 09:46:20 | RSUFusion.Track | DEBUG    | sort_tracker.py:100 | Updated track 16 with car at (571.7, 121.6)
2025-08-25 09:46:20 | RSUFusion.Track | DEBUG    | sort_tracker.py:100 | Updated track 14 with car at (472.9, 99.1)
2025-08-25 09:46:20 | RSUFusion.Track | DEBUG    | sort_tracker.py:100 | Updated track 17 with truck at (409.2, 94.2)
2025-08-25 09:46:20 | RSUFusion.Track | DEBUG    | sort_tracker.py:100 | Updated track 18 with car at (435.2, 95.5)
2025-08-25 09:46:20 | RSUFusion.Track | DEBUG    | sort_tracker.py:100 | Updated track 19 with car at (411.7, 178.2)
2025-08-25 09:46:20 | RSUFusion.Track | DEBUG    | sort_tracker.py:100 | Updated track 16 with car at (571.9, 121.6)
2025-08-25 09:46:20 | RSUFusion.Track | DEBUG    | sort_tracker.py:100 | Updated track 14 with car at (472.9, 99.2)
2025-08-25 09:46:20 | RSUFusion.Track | DEBUG    | sort_tracker.py:100 | Updated track 17 with truck at (409.3, 94.2)
2025-08-25 09:46:20 | RSUFusion.Track | DEBUG    | sort_tracker.py:100 | Updated track 18 with car at (435.1, 95.6)
2025-08-25 09:46:20 | RSUFusion.Track | DEBUG    | sort_tracker.py:100 | Updated track 19 with car at (411.7, 178.2)
2025-08-25 09:46:20 | RSUFusion.Track | DEBUG    | sort_tracker.py:100 | Updated track 16 with car at (571.6, 121.5)
2025-08-25 09:46:20 | RSUFusion.Track | DEBUG    | sort_tracker.py:100 | Updated track 14 with car at (472.9, 99.1)
2025-08-25 09:46:20 | RSUFusion.Track | DEBUG    | sort_tracker.py:100 | Updated track 17 with truck at (409.2, 94.1)
2025-08-25 09:46:20 | RSUFusion.Track | DEBUG    | sort_tracker.py:100 | Updated track 18 with car at (435.2, 95.6)
2025-08-25 09:46:20 | RSUFusion.Track | DEBUG    | sort_tracker.py:100 | Updated track 19 with car at (411.7, 178.2)
2025-08-25 09:46:20 | RSUFusion.Track | DEBUG    | sort_tracker.py:100 | Updated track 16 with car at (571.6, 121.4)
2025-08-25 09:46:20 | RSUFusion.Track | DEBUG    | sort_tracker.py:100 | Updated track 14 with car at (472.9, 99.2)
2025-08-25 09:46:20 | RSUFusion.Track | DEBUG    | sort_tracker.py:100 | Updated track 17 with truck at (409.2, 94.2)
2025-08-25 09:46:20 | RSUFusion.Track | DEBUG    | sort_tracker.py:100 | Updated track 18 with car at (435.2, 95.6)
2025-08-25 09:46:20 | RSUFusion.Track | DEBUG    | sort_tracker.py:100 | Updated track 19 with car at (411.7, 178.2)
2025-08-25 09:46:20 | RSUFusion.Track | DEBUG    | sort_tracker.py:100 | Updated track 16 with car at (571.7, 121.5)
2025-08-25 09:46:20 | RSUFusion.Track | DEBUG    | sort_tracker.py:100 | Updated track 14 with car at (472.8, 99.1)
2025-08-25 09:46:20 | RSUFusion.Track | DEBUG    | sort_tracker.py:100 | Updated track 17 with truck at (409.2, 94.2)
2025-08-25 09:46:20 | RSUFusion.Track | DEBUG    | sort_tracker.py:100 | Updated track 18 with car at (435.2, 95.6)
2025-08-25 09:46:20 | RSUFusion.VisualizationProcess | DEBUG    | run_phase1.py:346 | Visualization: 48.6 FPS
2025-08-25 09:46:20 | RSUFusion.Track | DEBUG    | sort_tracker.py:100 | Updated track 19 with car at (411.7, 178.2)
2025-08-25 09:46:20 | RSUFusion.Track | DEBUG    | sort_tracker.py:100 | Updated track 16 with car at (571.6, 121.4)
2025-08-25 09:46:20 | RSUFusion.Track | DEBUG    | sort_tracker.py:100 | Updated track 14 with car at (472.8, 99.1)
2025-08-25 09:46:20 | RSUFusion.Track | DEBUG    | sort_tracker.py:100 | Updated track 17 with truck at (409.2, 94.3)
2025-08-25 09:46:20 | RSUFusion.Track | DEBUG    | sort_tracker.py:100 | Updated track 18 with car at (435.2, 95.5)
2025-08-25 09:46:20 | RSUFusion.SORTTracker | DEBUG    | sort_tracker.py:303 | Deleting track 4 (too old: 31 frames)
2025-08-25 09:46:20 | RSUFusion.Track | DEBUG    | sort_tracker.py:100 | Updated track 19 with car at (411.7, 178.2)
2025-08-25 09:46:20 | RSUFusion.Track | DEBUG    | sort_tracker.py:100 | Updated track 16 with car at (571.8, 121.5)
2025-08-25 09:46:20 | RSUFusion.Track | DEBUG    | sort_tracker.py:100 | Updated track 14 with car at (472.7, 99.1)
2025-08-25 09:46:20 | RSUFusion.Track | DEBUG    | sort_tracker.py:100 | Updated track 18 with car at (435.1, 95.6)
2025-08-25 09:46:20 | RSUFusion.Track | DEBUG    | sort_tracker.py:100 | Updated track 17 with truck at (409.2, 94.2)
2025-08-25 09:46:20 | RSUFusion.Track | DEBUG    | sort_tracker.py:100 | Updated track 19 with car at (411.7, 178.2)
2025-08-25 09:46:20 | RSUFusion.Track | DEBUG    | sort_tracker.py:100 | Updated track 16 with car at (571.6, 121.6)
2025-08-25 09:46:20 | RSUFusion.Track | DEBUG    | sort_tracker.py:100 | Updated track 14 with car at (472.9, 99.0)
2025-08-25 09:46:20 | RSUFusion.Track | DEBUG    | sort_tracker.py:100 | Updated track 17 with truck at (409.2, 94.2)
2025-08-25 09:46:20 | RSUFusion.Track | DEBUG    | sort_tracker.py:100 | Updated track 18 with car at (435.2, 95.5)
2025-08-25 09:46:20 | RSUFusion.Track | DEBUG    | sort_tracker.py:100 | Updated track 19 with car at (411.7, 178.2)
2025-08-25 09:46:20 | RSUFusion.Track | DEBUG    | sort_tracker.py:100 | Updated track 16 with car at (571.8, 121.6)
2025-08-25 09:46:20 | RSUFusion.Track | DEBUG    | sort_tracker.py:100 | Updated track 14 with car at (472.9, 99.1)
2025-08-25 09:46:20 | RSUFusion.Track | DEBUG    | sort_tracker.py:100 | Updated track 17 with truck at (409.3, 94.2)
2025-08-25 09:46:20 | RSUFusion.Track | DEBUG    | sort_tracker.py:100 | Updated track 18 with car at (435.2, 95.5)
2025-08-25 09:46:20 | RSUFusion.Track | DEBUG    | sort_tracker.py:100 | Updated track 19 with car at (411.6, 178.2)
2025-08-25 09:46:20 | RSUFusion.Track | DEBUG    | sort_tracker.py:100 | Updated track 16 with car at (571.8, 121.6)
2025-08-25 09:46:20 | RSUFusion.Track | DEBUG    | sort_tracker.py:100 | Updated track 14 with car at (472.8, 99.1)
2025-08-25 09:46:20 | RSUFusion.Track | DEBUG    | sort_tracker.py:100 | Updated track 17 with truck at (409.3, 94.2)
2025-08-25 09:46:20 | RSUFusion.Track | DEBUG    | sort_tracker.py:100 | Updated track 18 with car at (435.2, 95.6)
2025-08-25 09:46:21 | RSUFusion.Track | DEBUG    | sort_tracker.py:100 | Updated track 19 with car at (411.7, 178.2)
2025-08-25 09:46:21 | RSUFusion.Track | DEBUG    | sort_tracker.py:100 | Updated track 16 with car at (571.6, 121.5)
2025-08-25 09:46:21 | RSUFusion.Track | DEBUG    | sort_tracker.py:100 | Updated track 14 with car at (473.0, 99.2)
2025-08-25 09:46:21 | RSUFusion.Track | DEBUG    | sort_tracker.py:100 | Updated track 17 with truck at (409.2, 94.2)
2025-08-25 09:46:21 | RSUFusion.Track | DEBUG    | sort_tracker.py:100 | Updated track 18 with car at (435.2, 95.6)
2025-08-25 09:46:21 | RSUFusion.VisualizationProcess | DEBUG    | run_phase1.py:346 | Visualization: 51.5 FPS
2025-08-25 09:46:21 | RSUFusion.Track | DEBUG    | sort_tracker.py:100 | Updated track 19 with car at (411.7, 178.2)
2025-08-25 09:46:21 | RSUFusion.Track | DEBUG    | sort_tracker.py:100 | Updated track 16 with car at (571.7, 121.5)
2025-08-25 09:46:21 | RSUFusion.Track | DEBUG    | sort_tracker.py:100 | Updated track 14 with car at (472.7, 99.1)
2025-08-25 09:46:21 | RSUFusion.Track | DEBUG    | sort_tracker.py:100 | Updated track 17 with truck at (409.2, 94.2)
2025-08-25 09:46:21 | RSUFusion.Track | DEBUG    | sort_tracker.py:100 | Updated track 18 with car at (435.2, 95.7)
2025-08-25 09:46:21 | RSUFusion.Track | DEBUG    | sort_tracker.py:100 | Updated track 19 with car at (411.7, 178.2)
2025-08-25 09:46:21 | RSUFusion.Track | DEBUG    | sort_tracker.py:100 | Updated track 16 with car at (571.7, 121.5)
2025-08-25 09:46:21 | RSUFusion.Track | DEBUG    | sort_tracker.py:100 | Updated track 14 with car at (472.7, 99.1)
2025-08-25 09:46:21 | RSUFusion.Track | DEBUG    | sort_tracker.py:100 | Updated track 17 with truck at (409.2, 94.2)
2025-08-25 09:46:21 | RSUFusion.Track | DEBUG    | sort_tracker.py:100 | Updated track 18 with car at (435.2, 95.4)
2025-08-25 09:46:21 | RSUFusion.Track | DEBUG    | sort_tracker.py:100 | Updated track 19 with car at (411.7, 178.2)
2025-08-25 09:46:21 | RSUFusion.Track | DEBUG    | sort_tracker.py:100 | Updated track 16 with car at (571.6, 121.4)
2025-08-25 09:46:21 | RSUFusion.Track | DEBUG    | sort_tracker.py:100 | Updated track 14 with car at (472.8, 99.1)
2025-08-25 09:46:21 | RSUFusion.Track | DEBUG    | sort_tracker.py:100 | Updated track 17 with truck at (409.1, 94.3)
2025-08-25 09:46:21 | RSUFusion.Track | DEBUG    | sort_tracker.py:100 | Updated track 18 with car at (435.2, 95.6)
2025-08-25 09:46:21 | RSUFusion.CameraProcess | DEBUG    | run_phase1.py:146 | Ambulance speed: 0.0 km/h
2025-08-25 09:46:21 | RSUFusion.Track | DEBUG    | sort_tracker.py:100 | Updated track 19 with car at (411.6, 178.2)
2025-08-25 09:46:21 | RSUFusion.Track | DEBUG    | sort_tracker.py:100 | Updated track 16 with car at (571.7, 121.5)
2025-08-25 09:46:21 | RSUFusion.Track | DEBUG    | sort_tracker.py:100 | Updated track 14 with car at (472.7, 99.1)
2025-08-25 09:46:21 | RSUFusion.Track | DEBUG    | sort_tracker.py:100 | Updated track 18 with car at (435.2, 95.5)
2025-08-25 09:46:21 | RSUFusion.Track | DEBUG    | sort_tracker.py:100 | Updated track 17 with truck at (409.2, 94.2)
2025-08-25 09:46:21 | RSUFusion.Track | DEBUG    | sort_tracker.py:100 | Updated track 19 with car at (411.7, 178.2)
2025-08-25 09:46:21 | RSUFusion.Track | DEBUG    | sort_tracker.py:100 | Updated track 16 with car at (571.6, 121.6)
2025-08-25 09:46:21 | RSUFusion.Track | DEBUG    | sort_tracker.py:100 | Updated track 14 with car at (472.9, 99.1)
2025-08-25 09:46:21 | RSUFusion.Track | DEBUG    | sort_tracker.py:100 | Updated track 18 with car at (435.2, 95.4)
2025-08-25 09:46:21 | RSUFusion.Track | DEBUG    | sort_tracker.py:100 | Updated track 17 with truck at (409.2, 94.2)
2025-08-25 09:46:21 | RSUFusion.Track | DEBUG    | sort_tracker.py:100 | Updated track 19 with car at (411.7, 178.2)
2025-08-25 09:46:21 | RSUFusion.Track | DEBUG    | sort_tracker.py:100 | Updated track 16 with car at (571.7, 121.6)
2025-08-25 09:46:21 | RSUFusion.Track | DEBUG    | sort_tracker.py:100 | Updated track 14 with car at (472.9, 99.1)
2025-08-25 09:46:21 | RSUFusion.Track | DEBUG    | sort_tracker.py:100 | Updated track 17 with truck at (409.3, 94.1)
2025-08-25 09:46:21 | RSUFusion.Track | DEBUG    | sort_tracker.py:100 | Updated track 18 with car at (435.3, 95.5)
2025-08-25 09:46:21 | RSUFusion.VisualizationProcess | DEBUG    | run_phase1.py:346 | Visualization: 47.6 FPS
2025-08-25 09:46:21 | RSUFusion.Track | DEBUG    | sort_tracker.py:100 | Updated track 19 with car at (411.6, 178.2)
2025-08-25 09:46:21 | RSUFusion.Track | DEBUG    | sort_tracker.py:100 | Updated track 16 with car at (571.8, 121.6)
2025-08-25 09:46:21 | RSUFusion.Track | DEBUG    | sort_tracker.py:100 | Updated track 14 with car at (472.8, 99.1)
2025-08-25 09:46:21 | RSUFusion.Track | DEBUG    | sort_tracker.py:100 | Updated track 17 with truck at (409.3, 94.2)
2025-08-25 09:46:21 | RSUFusion.Track | DEBUG    | sort_tracker.py:100 | Updated track 18 with car at (435.2, 95.5)
2025-08-25 09:46:21 | RSUFusion.Track | DEBUG    | sort_tracker.py:100 | Updated track 19 with car at (411.6, 178.2)
2025-08-25 09:46:21 | RSUFusion.Track | DEBUG    | sort_tracker.py:100 | Updated track 16 with car at (571.7, 121.5)
2025-08-25 09:46:21 | RSUFusion.Track | DEBUG    | sort_tracker.py:100 | Updated track 14 with car at (473.0, 99.2)
2025-08-25 09:46:21 | RSUFusion.Track | DEBUG    | sort_tracker.py:100 | Updated track 17 with truck at (409.2, 94.2)
2025-08-25 09:46:21 | RSUFusion.Track | DEBUG    | sort_tracker.py:100 | Updated track 18 with car at (435.2, 95.6)
2025-08-25 09:46:22 | RSUFusion.Track | DEBUG    | sort_tracker.py:100 | Updated track 19 with car at (411.7, 178.2)
2025-08-25 09:46:22 | RSUFusion.Track | DEBUG    | sort_tracker.py:100 | Updated track 16 with car at (571.8, 121.4)
2025-08-25 09:46:22 | RSUFusion.Track | DEBUG    | sort_tracker.py:100 | Updated track 14 with car at (472.8, 99.2)
2025-08-25 09:46:22 | RSUFusion.Track | DEBUG    | sort_tracker.py:100 | Updated track 18 with car at (435.2, 95.5)
2025-08-25 09:46:22 | RSUFusion.Track | DEBUG    | sort_tracker.py:100 | Updated track 17 with truck at (409.2, 94.2)
2025-08-25 09:46:22 | RSUFusion.Track | DEBUG    | sort_tracker.py:100 | Updated track 19 with car at (411.6, 178.2)
2025-08-25 09:46:22 | RSUFusion.Track | DEBUG    | sort_tracker.py:100 | Updated track 16 with car at (571.7, 121.5)
2025-08-25 09:46:22 | RSUFusion.Track | DEBUG    | sort_tracker.py:100 | Updated track 14 with car at (472.8, 99.1)
2025-08-25 09:46:22 | RSUFusion.Track | DEBUG    | sort_tracker.py:100 | Updated track 17 with truck at (409.2, 94.2)
2025-08-25 09:46:22 | RSUFusion.Track | DEBUG    | sort_tracker.py:100 | Updated track 18 with car at (435.2, 95.6)
2025-08-25 09:46:22 | RSUFusion.Track | DEBUG    | sort_tracker.py:100 | Updated track 19 with car at (411.7, 178.2)
2025-08-25 09:46:22 | RSUFusion.Track | DEBUG    | sort_tracker.py:100 | Updated track 16 with car at (571.6, 121.5)
2025-08-25 09:46:22 | RSUFusion.Track | DEBUG    | sort_tracker.py:100 | Updated track 14 with car at (472.8, 99.1)
2025-08-25 09:46:22 | RSUFusion.Track | DEBUG    | sort_tracker.py:100 | Updated track 17 with truck at (409.1, 94.3)
2025-08-25 09:46:22 | RSUFusion.Track | DEBUG    | sort_tracker.py:100 | Updated track 18 with car at (435.2, 95.4)
2025-08-25 09:46:22 | RSUFusion.Track | DEBUG    | sort_tracker.py:100 | Updated track 19 with car at (411.6, 178.2)
2025-08-25 09:46:22 | RSUFusion.Track | DEBUG    | sort_tracker.py:100 | Updated track 16 with car at (571.7, 121.5)
2025-08-25 09:46:22 | RSUFusion.Track | DEBUG    | sort_tracker.py:100 | Updated track 14 with car at (472.7, 99.1)
2025-08-25 09:46:22 | RSUFusion.Track | DEBUG    | sort_tracker.py:100 | Updated track 18 with car at (435.2, 95.5)
2025-08-25 09:46:22 | RSUFusion.Track | DEBUG    | sort_tracker.py:100 | Updated track 17 with truck at (409.2, 94.2)
2025-08-25 09:46:22 | RSUFusion.VisualizationProcess | DEBUG    | run_phase1.py:346 | Visualization: 48.3 FPS
2025-08-25 09:46:22 | RSUFusion.Track | DEBUG    | sort_tracker.py:100 | Updated track 19 with car at (411.6, 178.2)
2025-08-25 09:46:22 | RSUFusion.Track | DEBUG    | sort_tracker.py:100 | Updated track 16 with car at (571.6, 121.5)
2025-08-25 09:46:22 | RSUFusion.Track | DEBUG    | sort_tracker.py:100 | Updated track 14 with car at (472.8, 99.0)
2025-08-25 09:46:22 | RSUFusion.Track | DEBUG    | sort_tracker.py:100 | Updated track 17 with truck at (409.2, 94.2)
2025-08-25 09:46:22 | RSUFusion.Track | DEBUG    | sort_tracker.py:100 | Updated track 18 with car at (435.2, 95.5)
2025-08-25 09:46:22 | RSUFusion.Track | DEBUG    | sort_tracker.py:100 | Updated track 19 with car at (411.6, 178.2)
2025-08-25 09:46:22 | RSUFusion.Track | DEBUG    | sort_tracker.py:100 | Updated track 16 with car at (571.6, 121.6)
2025-08-25 09:46:22 | RSUFusion.Track | DEBUG    | sort_tracker.py:100 | Updated track 14 with car at (472.9, 99.1)
2025-08-25 09:46:22 | RSUFusion.Track | DEBUG    | sort_tracker.py:100 | Updated track 17 with truck at (409.3, 94.2)
2025-08-25 09:46:22 | RSUFusion.Track | DEBUG    | sort_tracker.py:100 | Updated track 18 with car at (435.3, 95.6)
2025-08-25 09:46:22 | RSUFusion.Track | DEBUG    | sort_tracker.py:100 | Updated track 19 with car at (411.6, 178.2)
2025-08-25 09:46:22 | RSUFusion.Track | DEBUG    | sort_tracker.py:100 | Updated track 16 with car at (571.7, 121.6)
2025-08-25 09:46:22 | RSUFusion.Track | DEBUG    | sort_tracker.py:100 | Updated track 14 with car at (472.8, 99.1)
2025-08-25 09:46:22 | RSUFusion.Track | DEBUG    | sort_tracker.py:100 | Updated track 17 with truck at (409.2, 94.2)
2025-08-25 09:46:22 | RSUFusion.Track | DEBUG    | sort_tracker.py:100 | Updated track 18 with car at (435.1, 95.7)
2025-08-25 09:46:22 | RSUFusion.Track | DEBUG    | sort_tracker.py:100 | Updated track 19 with car at (411.6, 178.2)
2025-08-25 09:46:22 | RSUFusion.Track | DEBUG    | sort_tracker.py:100 | Updated track 16 with car at (571.5, 121.5)
2025-08-25 09:46:22 | RSUFusion.Track | DEBUG    | sort_tracker.py:100 | Updated track 14 with car at (472.9, 99.1)
2025-08-25 09:46:22 | RSUFusion.Track | DEBUG    | sort_tracker.py:100 | Updated track 17 with truck at (409.3, 94.2)
2025-08-25 09:46:22 | RSUFusion.Track | DEBUG    | sort_tracker.py:100 | Updated track 19 with car at (411.6, 178.2)
2025-08-25 09:46:22 | RSUFusion.Track | DEBUG    | sort_tracker.py:100 | Updated track 16 with car at (571.6, 121.3)
2025-08-25 09:46:22 | RSUFusion.Track | DEBUG    | sort_tracker.py:100 | Updated track 14 with car at (472.8, 99.2)
2025-08-25 09:46:22 | RSUFusion.Track | DEBUG    | sort_tracker.py:100 | Updated track 17 with truck at (409.2, 94.2)
2025-08-25 09:46:22 | RSUFusion.Track | DEBUG    | sort_tracker.py:100 | Updated track 18 with car at (435.2, 95.5)
2025-08-25 09:46:22 | RSUFusion.VisualizationProcess | DEBUG    | run_phase1.py:346 | Visualization: 51.8 FPS
2025-08-25 09:46:23 | RSUFusion.Track | DEBUG    | sort_tracker.py:100 | Updated track 19 with car at (411.7, 178.3)
2025-08-25 09:46:23 | RSUFusion.Track | DEBUG    | sort_tracker.py:100 | Updated track 16 with car at (571.8, 121.3)
2025-08-25 09:46:23 | RSUFusion.Track | DEBUG    | sort_tracker.py:100 | Updated track 14 with car at (472.7, 99.1)
2025-08-25 09:46:23 | RSUFusion.Track | DEBUG    | sort_tracker.py:100 | Updated track 17 with truck at (409.2, 94.2)
2025-08-25 09:46:23 | RSUFusion.Track | DEBUG    | sort_tracker.py:100 | Updated track 18 with car at (435.2, 95.4)
2025-08-25 09:46:23 | RSUFusion.YOLODetector | DEBUG    | yolo_detector.py:155 | Detection performance: 55.9 FPS, 5 objects detected
2025-08-25 09:46:23 | RSUFusion.DetectionProcess | DEBUG    | run_phase1.py:198 | Detection: 55.6 FPS, 3376 detections processed
2025-08-25 09:46:23 | RSUFusion.Track | DEBUG    | sort_tracker.py:100 | Updated track 19 with car at (411.7, 178.2)
2025-08-25 09:46:23 | RSUFusion.Track | DEBUG    | sort_tracker.py:100 | Updated track 16 with car at (571.6, 121.1)
2025-08-25 09:46:23 | RSUFusion.Track | DEBUG    | sort_tracker.py:100 | Updated track 14 with car at (472.8, 99.1)
2025-08-25 09:46:23 | RSUFusion.Track | DEBUG    | sort_tracker.py:100 | Updated track 17 with truck at (409.2, 94.3)
2025-08-25 09:46:23 | RSUFusion.Track | DEBUG    | sort_tracker.py:100 | Updated track 18 with car at (435.2, 95.4)
2025-08-25 09:46:23 | RSUFusion.SORTTracker | DEBUG    | sort_tracker.py:208 | SORT performance: 1.2ms/frame, 5 confirmed tracks
2025-08-25 09:46:23 | RSUFusion.TrackingProcess | DEBUG    | run_phase1.py:268 | Tracking: 5 confirmed tracks
2025-08-25 09:46:23 | RSUFusion.Track | DEBUG    | sort_tracker.py:100 | Updated track 19 with car at (411.7, 178.2)
2025-08-25 09:46:23 | RSUFusion.Track | DEBUG    | sort_tracker.py:100 | Updated track 16 with car at (571.7, 121.1)
2025-08-25 09:46:23 | RSUFusion.Track | DEBUG    | sort_tracker.py:100 | Updated track 14 with car at (472.7, 99.1)
2025-08-25 09:46:23 | RSUFusion.Track | DEBUG    | sort_tracker.py:100 | Updated track 18 with car at (435.2, 95.5)
2025-08-25 09:46:23 | RSUFusion.Track | DEBUG    | sort_tracker.py:100 | Updated track 17 with truck at (409.2, 94.2)
2025-08-25 09:46:23 | RSUFusion.Track | DEBUG    | sort_tracker.py:100 | Updated track 19 with car at (411.8, 178.1)
2025-08-25 09:46:23 | RSUFusion.Track | DEBUG    | sort_tracker.py:100 | Updated track 16 with car at (571.6, 121.0)
2025-08-25 09:46:23 | RSUFusion.Track | DEBUG    | sort_tracker.py:100 | Updated track 14 with car at (472.9, 99.1)
2025-08-25 09:46:23 | RSUFusion.Track | DEBUG    | sort_tracker.py:100 | Updated track 17 with truck at (409.2, 94.2)
2025-08-25 09:46:23 | RSUFusion.Track | DEBUG    | sort_tracker.py:100 | Updated track 18 with car at (435.2, 95.5)
2025-08-25 09:46:23 | RSUFusion.Track | DEBUG    | sort_tracker.py:100 | Updated track 19 with car at (411.6, 178.3)
2025-08-25 09:46:23 | RSUFusion.Track | DEBUG    | sort_tracker.py:100 | Updated track 16 with car at (571.3, 121.0)
2025-08-25 09:46:23 | RSUFusion.Track | DEBUG    | sort_tracker.py:100 | Updated track 14 with car at (472.9, 99.1)
2025-08-25 09:46:23 | RSUFusion.Track | DEBUG    | sort_tracker.py:100 | Updated track 17 with truck at (409.2, 94.2)
2025-08-25 09:46:23 | RSUFusion.Track | DEBUG    | sort_tracker.py:100 | Updated track 18 with car at (435.2, 95.7)
2025-08-25 09:46:23 | RSUFusion.Track | DEBUG    | sort_tracker.py:100 | Updated track 19 with car at (411.6, 178.3)
2025-08-25 09:46:23 | RSUFusion.Track | DEBUG    | sort_tracker.py:100 | Updated track 16 with car at (571.2, 120.9)
2025-08-25 09:46:23 | RSUFusion.Track | DEBUG    | sort_tracker.py:100 | Updated track 14 with car at (472.8, 99.1)
2025-08-25 09:46:23 | RSUFusion.Track | DEBUG    | sort_tracker.py:100 | Updated track 17 with truck at (409.3, 94.2)
2025-08-25 09:46:23 | RSUFusion.Track | DEBUG    | sort_tracker.py:100 | Updated track 18 with car at (435.2, 95.6)
2025-08-25 09:46:23 | RSUFusion.VisualizationProcess | DEBUG    | run_phase1.py:346 | Visualization: 49.7 FPS
2025-08-25 09:46:23 | RSUFusion.Track | DEBUG    | sort_tracker.py:100 | Updated track 19 with car at (411.6, 178.3)
2025-08-25 09:46:23 | RSUFusion.Track | DEBUG    | sort_tracker.py:100 | Updated track 16 with car at (571.1, 120.6)
2025-08-25 09:46:23 | RSUFusion.Track | DEBUG    | sort_tracker.py:100 | Updated track 14 with car at (473.0, 99.2)
2025-08-25 09:46:23 | RSUFusion.Track | DEBUG    | sort_tracker.py:100 | Updated track 17 with truck at (409.2, 94.2)
2025-08-25 09:46:23 | RSUFusion.Track | DEBUG    | sort_tracker.py:100 | Updated track 18 with car at (435.1, 95.7)
2025-08-25 09:46:23 | RSUFusion.Track | DEBUG    | sort_tracker.py:100 | Updated track 19 with car at (411.7, 178.3)
2025-08-25 09:46:23 | RSUFusion.Track | DEBUG    | sort_tracker.py:100 | Updated track 16 with car at (570.8, 120.1)
2025-08-25 09:46:23 | RSUFusion.Track | DEBUG    | sort_tracker.py:100 | Updated track 14 with car at (472.8, 99.0)
2025-08-25 09:46:23 | RSUFusion.Track | DEBUG    | sort_tracker.py:100 | Updated track 17 with truck at (409.2, 94.2)
2025-08-25 09:46:23 | RSUFusion.Track | DEBUG    | sort_tracker.py:100 | Updated track 18 with car at (435.2, 95.6)
2025-08-25 09:46:23 | RSUFusion.Track | DEBUG    | sort_tracker.py:100 | Updated track 19 with car at (411.6, 178.3)
2025-08-25 09:46:23 | RSUFusion.Track | DEBUG    | sort_tracker.py:100 | Updated track 16 with car at (571.1, 119.8)
2025-08-25 09:46:23 | RSUFusion.Track | DEBUG    | sort_tracker.py:100 | Updated track 14 with car at (472.8, 99.1)
2025-08-25 09:46:23 | RSUFusion.Track | DEBUG    | sort_tracker.py:100 | Updated track 17 with truck at (409.2, 94.2)
2025-08-25 09:46:23 | RSUFusion.Track | DEBUG    | sort_tracker.py:100 | Updated track 18 with car at (435.2, 95.5)
2025-08-25 09:46:23 | RSUFusion.Track | DEBUG    | sort_tracker.py:100 | Updated track 19 with car at (411.6, 178.3)
2025-08-25 09:46:23 | RSUFusion.Track | DEBUG    | sort_tracker.py:100 | Updated track 16 with car at (570.8, 119.1)
2025-08-25 09:46:23 | RSUFusion.Track | DEBUG    | sort_tracker.py:100 | Updated track 14 with car at (472.8, 99.1)
2025-08-25 09:46:23 | RSUFusion.Track | DEBUG    | sort_tracker.py:100 | Updated track 17 with truck at (409.2, 94.3)
2025-08-25 09:46:23 | RSUFusion.Track | DEBUG    | sort_tracker.py:100 | Updated track 18 with car at (435.2, 95.5)
2025-08-25 09:46:24 | RSUFusion.Track | DEBUG    | sort_tracker.py:100 | Updated track 19 with car at (411.8, 178.1)
2025-08-25 09:46:24 | RSUFusion.Track | DEBUG    | sort_tracker.py:100 | Updated track 16 with car at (570.7, 119.1)
2025-08-25 09:46:24 | RSUFusion.Track | DEBUG    | sort_tracker.py:100 | Updated track 14 with car at (472.7, 99.1)
2025-08-25 09:46:24 | RSUFusion.Track | DEBUG    | sort_tracker.py:100 | Updated track 18 with car at (435.2, 95.6)
2025-08-25 09:46:24 | RSUFusion.Track | DEBUG    | sort_tracker.py:100 | Updated track 17 with truck at (409.2, 94.2)
2025-08-25 09:46:24 | RSUFusion.VisualizationProcess | DEBUG    | run_phase1.py:346 | Visualization: 50.5 FPS
2025-08-25 09:46:24 | RSUFusion.Track | DEBUG    | sort_tracker.py:100 | Updated track 19 with car at (411.8, 178.1)
2025-08-25 09:46:24 | RSUFusion.Track | DEBUG    | sort_tracker.py:100 | Updated track 16 with car at (570.9, 119.0)
2025-08-25 09:46:24 | RSUFusion.Track | DEBUG    | sort_tracker.py:100 | Updated track 14 with car at (472.9, 99.1)
2025-08-25 09:46:24 | RSUFusion.Track | DEBUG    | sort_tracker.py:100 | Updated track 18 with car at (435.2, 95.6)
2025-08-25 09:46:24 | RSUFusion.Track | DEBUG    | sort_tracker.py:100 | Updated track 17 with truck at (409.3, 94.2)
2025-08-25 09:46:24 | RSUFusion.Track | DEBUG    | sort_tracker.py:100 | Updated track 19 with car at (411.6, 178.3)
2025-08-25 09:46:24 | RSUFusion.Track | DEBUG    | sort_tracker.py:100 | Updated track 16 with car at (570.7, 118.3)
2025-08-25 09:46:24 | RSUFusion.Track | DEBUG    | sort_tracker.py:100 | Updated track 14 with car at (472.9, 99.1)
2025-08-25 09:46:24 | RSUFusion.Track | DEBUG    | sort_tracker.py:100 | Updated track 17 with truck at (409.3, 94.2)
2025-08-25 09:46:24 | RSUFusion.Track | DEBUG    | sort_tracker.py:100 | Updated track 18 with car at (435.3, 95.7)
2025-08-25 09:46:24 | RSUFusion.Track | DEBUG    | sort_tracker.py:100 | Updated track 19 with car at (411.6, 178.3)
2025-08-25 09:46:24 | RSUFusion.Track | DEBUG    | sort_tracker.py:100 | Updated track 14 with car at (473.0, 99.2)
2025-08-25 09:46:24 | RSUFusion.Track | DEBUG    | sort_tracker.py:100 | Updated track 16 with car at (570.6, 118.2)
2025-08-25 09:46:24 | RSUFusion.Track | DEBUG    | sort_tracker.py:100 | Updated track 17 with truck at (409.3, 94.2)
2025-08-25 09:46:24 | RSUFusion.Track | DEBUG    | sort_tracker.py:100 | Updated track 18 with car at (435.1, 95.8)
2025-08-25 09:46:24 | RSUFusion.Track | DEBUG    | sort_tracker.py:100 | Updated track 19 with car at (411.6, 178.3)
2025-08-25 09:46:24 | RSUFusion.Track | DEBUG    | sort_tracker.py:100 | Updated track 14 with car at (473.0, 99.2)
2025-08-25 09:46:24 | RSUFusion.Track | DEBUG    | sort_tracker.py:100 | Updated track 16 with car at (570.8, 117.8)
2025-08-25 09:46:24 | RSUFusion.Track | DEBUG    | sort_tracker.py:100 | Updated track 17 with truck at (409.2, 94.1)
2025-08-25 09:46:24 | RSUFusion.Track | DEBUG    | sort_tracker.py:100 | Updated track 18 with car at (435.2, 95.6)
2025-08-25 09:46:24 | RSUFusion.Track | DEBUG    | sort_tracker.py:100 | Updated track 19 with car at (411.6, 178.3)
2025-08-25 09:46:24 | RSUFusion.Track | DEBUG    | sort_tracker.py:100 | Updated track 16 with car at (570.6, 117.2)
2025-08-25 09:46:24 | RSUFusion.Track | DEBUG    | sort_tracker.py:100 | Updated track 14 with car at (472.8, 99.1)
2025-08-25 09:46:24 | RSUFusion.Track | DEBUG    | sort_tracker.py:100 | Updated track 18 with car at (435.2, 95.6)
2025-08-25 09:46:24 | RSUFusion.Track | DEBUG    | sort_tracker.py:100 | Updated track 17 with truck at (409.3, 94.2)
2025-08-25 09:46:24 | RSUFusion.CameraProcess | DEBUG    | run_phase1.py:146 | Ambulance speed: 0.0 km/h
2025-08-25 09:46:24 | RSUFusion.Track | DEBUG    | sort_tracker.py:100 | Updated track 19 with car at (411.6, 178.3)
2025-08-25 09:46:24 | RSUFusion.Track | DEBUG    | sort_tracker.py:100 | Updated track 14 with car at (472.8, 99.1)
2025-08-25 09:46:24 | RSUFusion.Track | DEBUG    | sort_tracker.py:100 | Updated track 16 with car at (570.7, 117.0)
2025-08-25 09:46:24 | RSUFusion.Track | DEBUG    | sort_tracker.py:100 | Updated track 17 with truck at (409.2, 94.2)
2025-08-25 09:46:24 | RSUFusion.Track | DEBUG    | sort_tracker.py:100 | Updated track 18 with car at (435.2, 95.5)
2025-08-25 09:46:24 | RSUFusion.VisualizationProcess | DEBUG    | run_phase1.py:346 | Visualization: 51.8 FPS
2025-08-25 09:46:24 | RSUFusion.Track | DEBUG    | sort_tracker.py:100 | Updated track 19 with car at (411.6, 178.3)
2025-08-25 09:46:24 | RSUFusion.Track | DEBUG    | sort_tracker.py:100 | Updated track 16 with car at (570.1, 116.6)
2025-08-25 09:46:24 | RSUFusion.Track | DEBUG    | sort_tracker.py:100 | Updated track 14 with car at (472.8, 99.1)
2025-08-25 09:46:24 | RSUFusion.Track | DEBUG    | sort_tracker.py:100 | Updated track 17 with truck at (409.1, 94.3)
2025-08-25 09:46:24 | RSUFusion.Track | DEBUG    | sort_tracker.py:100 | Updated track 18 with car at (435.2, 95.5)
2025-08-25 09:46:24 | RSUFusion.Track | DEBUG    | sort_tracker.py:100 | Updated track 19 with car at (411.6, 178.2)
2025-08-25 09:46:24 | RSUFusion.Track | DEBUG    | sort_tracker.py:100 | Updated track 14 with car at (472.7, 99.1)
2025-08-25 09:46:24 | RSUFusion.Track | DEBUG    | sort_tracker.py:100 | Updated track 16 with car at (570.1, 116.2)
2025-08-25 09:46:24 | RSUFusion.Track | DEBUG    | sort_tracker.py:100 | Updated track 18 with car at (435.1, 95.5)
2025-08-25 09:46:24 | RSUFusion.Track | DEBUG    | sort_tracker.py:100 | Updated track 17 with truck at (409.2, 94.2)
2025-08-25 09:46:25 | RSUFusion.Track | DEBUG    | sort_tracker.py:100 | Updated track 19 with car at (411.6, 178.3)
2025-08-25 09:46:25 | RSUFusion.Track | DEBUG    | sort_tracker.py:100 | Updated track 16 with car at (570.1, 116.0)
2025-08-25 09:46:25 | RSUFusion.Track | DEBUG    | sort_tracker.py:100 | Updated track 14 with car at (472.9, 99.0)
2025-08-25 09:46:25 | RSUFusion.Track | DEBUG    | sort_tracker.py:100 | Updated track 18 with car at (435.2, 95.4)
2025-08-25 09:46:25 | RSUFusion.Track | DEBUG    | sort_tracker.py:100 | Updated track 17 with truck at (409.2, 94.2)
2025-08-25 09:46:25 | RSUFusion.Track | DEBUG    | sort_tracker.py:100 | Updated track 19 with car at (411.6, 178.3)
2025-08-25 09:46:25 | RSUFusion.Track | DEBUG    | sort_tracker.py:100 | Updated track 14 with car at (472.9, 99.1)
2025-08-25 09:46:25 | RSUFusion.Track | DEBUG    | sort_tracker.py:100 | Updated track 16 with car at (570.0, 115.6)
2025-08-25 09:46:25 | RSUFusion.Track | DEBUG    | sort_tracker.py:100 | Updated track 17 with truck at (409.2, 94.1)
2025-08-25 09:46:25 | RSUFusion.Track | DEBUG    | sort_tracker.py:100 | Updated track 18 with car at (435.2, 95.6)
2025-08-25 09:46:25 | RSUFusion.Track | DEBUG    | sort_tracker.py:100 | Updated track 19 with car at (411.6, 178.3)
2025-08-25 09:46:25 | RSUFusion.Track | DEBUG    | sort_tracker.py:100 | Updated track 14 with car at (472.9, 99.2)
2025-08-25 09:46:25 | RSUFusion.Track | DEBUG    | sort_tracker.py:100 | Updated track 16 with car at (570.7, 114.6)
2025-08-25 09:46:25 | RSUFusion.Track | DEBUG    | sort_tracker.py:100 | Updated track 18 with car at (435.2, 95.6)
2025-08-25 09:46:25 | RSUFusion.Track | DEBUG    | sort_tracker.py:100 | Updated track 17 with truck at (409.3, 94.2)
2025-08-25 09:46:25 | RSUFusion.VisualizationProcess | DEBUG    | run_phase1.py:346 | Visualization: 50.8 FPS
2025-08-25 09:46:25 | RSUFusion.Track | DEBUG    | sort_tracker.py:100 | Updated track 19 with car at (411.6, 178.3)
2025-08-25 09:46:25 | RSUFusion.Track | DEBUG    | sort_tracker.py:100 | Updated track 14 with car at (473.0, 99.1)
2025-08-25 09:46:25 | RSUFusion.Track | DEBUG    | sort_tracker.py:100 | Updated track 16 with car at (570.9, 114.2)
2025-08-25 09:46:25 | RSUFusion.Track | DEBUG    | sort_tracker.py:100 | Updated track 17 with truck at (409.3, 94.2)
2025-08-25 09:46:25 | RSUFusion.Track | DEBUG    | sort_tracker.py:100 | Updated track 18 with car at (435.2, 95.6)
2025-08-25 09:46:25 | RSUFusion.Track | DEBUG    | sort_tracker.py:100 | Updated track 19 with car at (411.6, 178.3)
2025-08-25 09:46:25 | RSUFusion.Track | DEBUG    | sort_tracker.py:100 | Updated track 14 with car at (472.8, 99.2)
2025-08-25 09:46:25 | RSUFusion.Track | DEBUG    | sort_tracker.py:100 | Updated track 16 with car at (572.0, 113.0)
2025-08-25 09:46:25 | RSUFusion.Track | DEBUG    | sort_tracker.py:100 | Updated track 18 with car at (435.2, 95.5)
2025-08-25 09:46:25 | RSUFusion.Track | DEBUG    | sort_tracker.py:100 | Updated track 17 with truck at (409.3, 94.2)
2025-08-25 09:46:25 | RSUFusion.VisualizationProcess | DEBUG    | run_phase1.py:323 | Updated image (consumed 1 frames)
2025-08-25 09:46:25 | RSUFusion.Track | DEBUG    | sort_tracker.py:100 | Updated track 19 with car at (411.6, 178.3)
2025-08-25 09:46:25 | RSUFusion.Track | DEBUG    | sort_tracker.py:100 | Updated track 14 with car at (472.8, 99.1)
2025-08-25 09:46:25 | RSUFusion.Track | DEBUG    | sort_tracker.py:100 | Updated track 16 with car at (573.2, 112.8)
2025-08-25 09:46:25 | RSUFusion.Track | DEBUG    | sort_tracker.py:100 | Updated track 17 with truck at (409.2, 94.2)
2025-08-25 09:46:25 | RSUFusion.Track | DEBUG    | sort_tracker.py:100 | Updated track 18 with car at (435.2, 95.5)
2025-08-25 09:46:25 | RSUFusion.Track | DEBUG    | sort_tracker.py:100 | Updated track 19 with car at (411.6, 178.3)
2025-08-25 09:46:25 | RSUFusion.Track | DEBUG    | sort_tracker.py:100 | Updated track 14 with car at (472.8, 99.1)
2025-08-25 09:46:25 | RSUFusion.Track | DEBUG    | sort_tracker.py:100 | Updated track 16 with car at (574.5, 112.4)
2025-08-25 09:46:25 | RSUFusion.Track | DEBUG    | sort_tracker.py:100 | Updated track 18 with car at (435.2, 95.6)
2025-08-25 09:46:25 | RSUFusion.Track | DEBUG    | sort_tracker.py:100 | Updated track 17 with truck at (409.2, 94.3)
2025-08-25 09:46:25 | RSUFusion.Track | DEBUG    | sort_tracker.py:100 | Updated track 19 with car at (411.6, 178.2)
2025-08-25 09:46:25 | RSUFusion.Track | DEBUG    | sort_tracker.py:100 | Updated track 14 with car at (472.7, 99.1)
2025-08-25 09:46:25 | RSUFusion.Track | DEBUG    | sort_tracker.py:100 | Updated track 16 with car at (576.1, 112.4)
2025-08-25 09:46:25 | RSUFusion.Track | DEBUG    | sort_tracker.py:100 | Updated track 18 with car at (435.2, 95.5)
2025-08-25 09:46:25 | RSUFusion.Track | DEBUG    | sort_tracker.py:100 | Updated track 17 with truck at (409.2, 94.2)
2025-08-25 09:46:25 | RSUFusion.Track | DEBUG    | sort_tracker.py:100 | Updated track 19 with car at (411.6, 178.2)
2025-08-25 09:46:25 | RSUFusion.Track | DEBUG    | sort_tracker.py:100 | Updated track 14 with car at (472.9, 99.0)
2025-08-25 09:46:25 | RSUFusion.Track | DEBUG    | sort_tracker.py:100 | Updated track 16 with car at (579.6, 111.1)
2025-08-25 09:46:25 | RSUFusion.Track | DEBUG    | sort_tracker.py:100 | Updated track 18 with car at (435.2, 95.5)
2025-08-25 09:46:25 | RSUFusion.Track | DEBUG    | sort_tracker.py:100 | Updated track 17 with truck at (409.3, 94.1)
2025-08-25 09:46:25 | RSUFusion.VisualizationProcess | DEBUG    | run_phase1.py:346 | Visualization: 51.0 FPS
2025-08-25 09:46:25 | RSUFusion.Track | DEBUG    | sort_tracker.py:100 | Updated track 19 with car at (411.6, 178.3)
2025-08-25 09:46:25 | RSUFusion.Track | DEBUG    | sort_tracker.py:100 | Updated track 14 with car at (472.8, 99.1)
2025-08-25 09:46:25 | RSUFusion.Track | DEBUG    | sort_tracker.py:100 | Updated track 18 with car at (435.3, 95.5)
2025-08-25 09:46:25 | RSUFusion.Track | DEBUG    | sort_tracker.py:100 | Updated track 17 with truck at (409.3, 94.1)
2025-08-25 09:46:26 | RSUFusion.Track | DEBUG    | sort_tracker.py:100 | Updated track 19 with car at (411.6, 178.3)
2025-08-25 09:46:26 | RSUFusion.Track | DEBUG    | sort_tracker.py:100 | Updated track 14 with car at (472.8, 99.1)
2025-08-25 09:46:26 | RSUFusion.Track | DEBUG    | sort_tracker.py:100 | Updated track 16 with car at (585.8, 109.7)
2025-08-25 09:46:26 | RSUFusion.Track | DEBUG    | sort_tracker.py:100 | Updated track 18 with car at (435.2, 95.5)
2025-08-25 09:46:26 | RSUFusion.Track | DEBUG    | sort_tracker.py:100 | Updated track 17 with truck at (409.3, 94.2)
2025-08-25 09:46:26 | RSUFusion.Track | DEBUG    | sort_tracker.py:100 | Updated track 19 with car at (411.6, 178.3)
2025-08-25 09:46:26 | RSUFusion.Track | DEBUG    | sort_tracker.py:100 | Updated track 14 with car at (472.9, 99.1)
2025-08-25 09:46:26 | RSUFusion.Track | DEBUG    | sort_tracker.py:100 | Updated track 17 with truck at (409.2, 94.1)
2025-08-25 09:46:26 | RSUFusion.Track | DEBUG    | sort_tracker.py:100 | Updated track 18 with car at (435.2, 95.5)
2025-08-25 09:46:26 | RSUFusion.YOLODetector | DEBUG    | yolo_detector.py:155 | Detection performance: 55.1 FPS, 5 objects detected
2025-08-25 09:46:26 | RSUFusion.DetectionProcess | DEBUG    | run_phase1.py:198 | Detection: 56.0 FPS, 3524 detections processed
2025-08-25 09:46:26 | RSUFusion.Track | DEBUG    | sort_tracker.py:100 | Updated track 19 with car at (411.6, 178.3)
2025-08-25 09:46:26 | RSUFusion.Track | DEBUG    | sort_tracker.py:100 | Updated track 14 with car at (472.8, 99.2)
2025-08-25 09:46:26 | RSUFusion.Track | DEBUG    | sort_tracker.py:100 | Updated track 16 with car at (593.9, 107.4)
2025-08-25 09:46:26 | RSUFusion.Track | DEBUG    | sort_tracker.py:100 | Updated track 18 with car at (435.2, 95.5)
2025-08-25 09:46:26 | RSUFusion.Track | DEBUG    | sort_tracker.py:100 | Updated track 17 with truck at (409.2, 94.2)
2025-08-25 09:46:26 | RSUFusion.SORTTracker | DEBUG    | sort_tracker.py:208 | SORT performance: 1.2ms/frame, 5 confirmed tracks
2025-08-25 09:46:26 | RSUFusion.TrackingProcess | DEBUG    | run_phase1.py:268 | Tracking: 5 confirmed tracks
2025-08-25 09:46:26 | RSUFusion.Track | DEBUG    | sort_tracker.py:100 | Updated track 19 with car at (411.6, 178.3)
2025-08-25 09:46:26 | RSUFusion.Track | DEBUG    | sort_tracker.py:100 | Updated track 14 with car at (472.8, 99.1)
2025-08-25 09:46:26 | RSUFusion.Track | DEBUG    | sort_tracker.py:100 | Updated track 18 with car at (435.2, 95.5)
2025-08-25 09:46:26 | RSUFusion.Track | DEBUG    | sort_tracker.py:100 | Updated track 17 with truck at (409.2, 94.2)
2025-08-25 09:46:26 | RSUFusion.Track | DEBUG    | sort_tracker.py:100 | Updated track 16 with car at (598.6, 107.6)
2025-08-25 09:46:26 | RSUFusion.Track | DEBUG    | sort_tracker.py:100 | Updated track 19 with car at (411.6, 178.3)
2025-08-25 09:46:26 | RSUFusion.Track | DEBUG    | sort_tracker.py:100 | Updated track 14 with car at (472.8, 99.1)
2025-08-25 09:46:26 | RSUFusion.Track | DEBUG    | sort_tracker.py:100 | Updated track 16 with car at (604.5, 108.0)
2025-08-25 09:46:26 | RSUFusion.Track | DEBUG    | sort_tracker.py:100 | Updated track 18 with car at (435.2, 95.4)
2025-08-25 09:46:26 | RSUFusion.Track | DEBUG    | sort_tracker.py:100 | Updated track 17 with truck at (409.2, 94.2)
2025-08-25 09:46:26 | RSUFusion.VisualizationProcess | DEBUG    | run_phase1.py:346 | Visualization: 47.0 FPS
2025-08-25 09:46:26 | RSUFusion.Track | DEBUG    | sort_tracker.py:100 | Updated track 19 with car at (411.6, 178.3)
2025-08-25 09:46:26 | RSUFusion.Track | DEBUG    | sort_tracker.py:100 | Updated track 14 with car at (472.8, 99.1)
2025-08-25 09:46:26 | RSUFusion.Track | DEBUG    | sort_tracker.py:100 | Updated track 16 with car at (610.1, 107.3)
2025-08-25 09:46:26 | RSUFusion.Track | DEBUG    | sort_tracker.py:100 | Updated track 18 with car at (435.2, 95.5)
2025-08-25 09:46:26 | RSUFusion.Track | DEBUG    | sort_tracker.py:100 | Updated track 17 with truck at (409.2, 94.2)
2025-08-25 09:46:26 | RSUFusion.Track | DEBUG    | sort_tracker.py:100 | Updated track 19 with car at (411.6, 178.3)
2025-08-25 09:46:26 | RSUFusion.Track | DEBUG    | sort_tracker.py:100 | Updated track 14 with car at (472.9, 99.1)
2025-08-25 09:46:26 | RSUFusion.Track | DEBUG    | sort_tracker.py:100 | Updated track 16 with car at (614.4, 106.8)
2025-08-25 09:46:26 | RSUFusion.Track | DEBUG    | sort_tracker.py:100 | Updated track 18 with car at (435.2, 95.4)
2025-08-25 09:46:26 | RSUFusion.Track | DEBUG    | sort_tracker.py:100 | Updated track 17 with truck at (409.2, 94.2)
2025-08-25 09:46:26 | RSUFusion.Track | DEBUG    | sort_tracker.py:100 | Updated track 19 with car at (411.6, 178.3)
2025-08-25 09:46:26 | RSUFusion.Track | DEBUG    | sort_tracker.py:100 | Updated track 14 with car at (472.9, 99.1)
2025-08-25 09:46:26 | RSUFusion.Track | DEBUG    | sort_tracker.py:100 | Updated track 18 with car at (435.2, 95.5)
2025-08-25 09:46:26 | RSUFusion.Track | DEBUG    | sort_tracker.py:100 | Updated track 17 with truck at (409.3, 94.2)
2025-08-25 09:46:26 | RSUFusion.Track | DEBUG    | sort_tracker.py:100 | Updated track 19 with car at (411.6, 178.3)
2025-08-25 09:46:26 | RSUFusion.Track | DEBUG    | sort_tracker.py:100 | Updated track 14 with car at (472.9, 99.2)
2025-08-25 09:46:26 | RSUFusion.Track | DEBUG    | sort_tracker.py:100 | Updated track 16 with car at (634.1, 104.8)
2025-08-25 09:46:26 | RSUFusion.Track | DEBUG    | sort_tracker.py:100 | Updated track 18 with car at (435.2, 95.5)
2025-08-25 09:46:26 | RSUFusion.Track | DEBUG    | sort_tracker.py:100 | Updated track 17 with truck at (409.3, 94.2)
2025-08-25 09:46:27 | RSUFusion.Track | DEBUG    | sort_tracker.py:100 | Updated track 19 with car at (411.6, 178.3)
2025-08-25 09:46:27 | RSUFusion.Track | DEBUG    | sort_tracker.py:100 | Updated track 14 with car at (473.0, 99.2)
2025-08-25 09:46:27 | RSUFusion.Track | DEBUG    | sort_tracker.py:100 | Updated track 17 with truck at (409.2, 94.2)
2025-08-25 09:46:27 | RSUFusion.Track | DEBUG    | sort_tracker.py:100 | Updated track 18 with car at (435.1, 95.6)
2025-08-25 09:46:27 | RSUFusion.Track | DEBUG    | sort_tracker.py:100 | Updated track 16 with car at (639.0, 105.1)
2025-08-25 09:46:27 | RSUFusion.Track | DEBUG    | sort_tracker.py:100 | Updated track 19 with car at (411.6, 178.3)
2025-08-25 09:46:27 | RSUFusion.Track | DEBUG    | sort_tracker.py:100 | Updated track 14 with car at (472.8, 99.2)
2025-08-25 09:46:27 | RSUFusion.Track | DEBUG    | sort_tracker.py:100 | Updated track 18 with car at (435.2, 95.6)
2025-08-25 09:46:27 | RSUFusion.Track | DEBUG    | sort_tracker.py:100 | Updated track 17 with truck at (409.2, 94.2)
2025-08-25 09:46:27 | RSUFusion.VisualizationProcess | DEBUG    | run_phase1.py:346 | Visualization: 47.4 FPS
2025-08-25 09:46:27 | RSUFusion.Track | DEBUG    | sort_tracker.py:100 | Updated track 19 with car at (411.6, 178.3)
2025-08-25 09:46:27 | RSUFusion.Track | DEBUG    | sort_tracker.py:100 | Updated track 14 with car at (472.8, 99.1)
2025-08-25 09:46:27 | RSUFusion.Track | DEBUG    | sort_tracker.py:100 | Updated track 17 with truck at (409.2, 94.2)
2025-08-25 09:46:27 | RSUFusion.Track | DEBUG    | sort_tracker.py:100 | Updated track 18 with car at (435.2, 95.4)
2025-08-25 09:46:27 | RSUFusion.Track | DEBUG    | sort_tracker.py:100 | Updated track 19 with car at (411.6, 178.3)
2025-08-25 09:46:27 | RSUFusion.Track | DEBUG    | sort_tracker.py:100 | Updated track 14 with car at (472.8, 99.1)
2025-08-25 09:46:27 | RSUFusion.Track | DEBUG    | sort_tracker.py:100 | Updated track 17 with truck at (409.2, 94.3)
2025-08-25 09:46:27 | RSUFusion.Track | DEBUG    | sort_tracker.py:100 | Updated track 18 with car at (435.1, 95.4)
2025-08-25 09:46:27 | RSUFusion.Track | DEBUG    | sort_tracker.py:100 | Updated track 19 with car at (411.6, 178.3)
2025-08-25 09:46:27 | RSUFusion.Track | DEBUG    | sort_tracker.py:100 | Updated track 14 with car at (472.7, 99.1)
2025-08-25 09:46:27 | RSUFusion.Track | DEBUG    | sort_tracker.py:100 | Updated track 18 with car at (435.2, 95.3)
2025-08-25 09:46:27 | RSUFusion.Track | DEBUG    | sort_tracker.py:100 | Updated track 17 with truck at (409.2, 94.2)
2025-08-25 09:46:27 | RSUFusion.Track | DEBUG    | sort_tracker.py:100 | Updated track 19 with car at (411.6, 178.3)
2025-08-25 09:46:27 | RSUFusion.Track | DEBUG    | sort_tracker.py:100 | Updated track 14 with car at (472.9, 99.0)
2025-08-25 09:46:27 | RSUFusion.Track | DEBUG    | sort_tracker.py:100 | Updated track 18 with car at (435.2, 95.3)
2025-08-25 09:46:27 | RSUFusion.Track | DEBUG    | sort_tracker.py:100 | Updated track 17 with truck at (409.3, 94.2)
2025-08-25 09:46:27 | RSUFusion.VisualizationProcess | DEBUG    | run_phase1.py:323 | Updated image (consumed 1 frames)
2025-08-25 09:46:27 | RSUFusion.Track | DEBUG    | sort_tracker.py:100 | Updated track 19 with car at (411.6, 178.3)
2025-08-25 09:46:27 | RSUFusion.Track | DEBUG    | sort_tracker.py:100 | Updated track 14 with car at (472.9, 99.1)
2025-08-25 09:46:27 | RSUFusion.Track | DEBUG    | sort_tracker.py:100 | Updated track 18 with car at (435.3, 95.5)
2025-08-25 09:46:27 | RSUFusion.Track | DEBUG    | sort_tracker.py:100 | Updated track 17 with truck at (409.3, 94.1)
2025-08-25 09:46:27 | RSUFusion.Track | DEBUG    | sort_tracker.py:100 | Updated track 19 with car at (411.6, 178.3)
2025-08-25 09:46:27 | RSUFusion.Track | DEBUG    | sort_tracker.py:100 | Updated track 14 with car at (472.9, 99.2)
2025-08-25 09:46:27 | RSUFusion.Track | DEBUG    | sort_tracker.py:100 | Updated track 17 with truck at (409.3, 94.2)
2025-08-25 09:46:27 | RSUFusion.Track | DEBUG    | sort_tracker.py:100 | Updated track 18 with car at (435.2, 95.5)
2025-08-25 09:46:27 | RSUFusion.CameraProcess | DEBUG    | run_phase1.py:146 | Ambulance speed: 0.0 km/h
2025-08-25 09:46:27 | RSUFusion.Track | DEBUG    | sort_tracker.py:100 | Updated track 19 with car at (411.6, 178.3)
2025-08-25 09:46:27 | RSUFusion.Track | DEBUG    | sort_tracker.py:100 | Updated track 14 with car at (473.0, 99.1)
2025-08-25 09:46:27 | RSUFusion.Track | DEBUG    | sort_tracker.py:100 | Updated track 17 with truck at (409.2, 94.2)
2025-08-25 09:46:27 | RSUFusion.Track | DEBUG    | sort_tracker.py:100 | Updated track 18 with car at (435.1, 95.5)
2025-08-25 09:46:27 | RSUFusion.VisualizationProcess | DEBUG    | run_phase1.py:346 | Visualization: 41.6 FPS
2025-08-25 09:46:28 | RSUFusion.Track | DEBUG    | sort_tracker.py:100 | Updated track 19 with car at (411.6, 178.3)
2025-08-25 09:46:28 | RSUFusion.Track | DEBUG    | sort_tracker.py:100 | Updated track 14 with car at (472.8, 99.2)
2025-08-25 09:46:28 | RSUFusion.Track | DEBUG    | sort_tracker.py:100 | Updated track 18 with car at (435.1, 95.5)
2025-08-25 09:46:28 | RSUFusion.Track | DEBUG    | sort_tracker.py:100 | Updated track 17 with truck at (409.2, 94.2)
2025-08-25 09:46:28 | RSUFusion.Track | DEBUG    | sort_tracker.py:100 | Updated track 19 with car at (411.6, 178.3)
2025-08-25 09:46:28 | RSUFusion.Track | DEBUG    | sort_tracker.py:100 | Updated track 14 with car at (472.8, 99.2)
2025-08-25 09:46:28 | RSUFusion.Track | DEBUG    | sort_tracker.py:100 | Updated track 17 with truck at (409.2, 94.2)
2025-08-25 09:46:28 | RSUFusion.Track | DEBUG    | sort_tracker.py:100 | Updated track 18 with car at (435.2, 95.5)
2025-08-25 09:46:28 | RSUFusion.Track | DEBUG    | sort_tracker.py:100 | Updated track 19 with car at (411.6, 178.3)
2025-08-25 09:46:28 | RSUFusion.Track | DEBUG    | sort_tracker.py:100 | Updated track 14 with car at (472.8, 99.0)
2025-08-25 09:46:28 | RSUFusion.Track | DEBUG    | sort_tracker.py:100 | Updated track 18 with car at (435.2, 95.4)
2025-08-25 09:46:28 | RSUFusion.Track | DEBUG    | sort_tracker.py:100 | Updated track 17 with truck at (409.1, 94.3)
2025-08-25 09:46:28 | RSUFusion.Track | DEBUG    | sort_tracker.py:100 | Updated track 19 with car at (411.6, 178.3)
2025-08-25 09:46:28 | RSUFusion.Track | DEBUG    | sort_tracker.py:100 | Updated track 14 with car at (472.7, 99.1)
2025-08-25 09:46:28 | RSUFusion.Track | DEBUG    | sort_tracker.py:100 | Updated track 18 with car at (435.2, 95.5)
2025-08-25 09:46:28 | RSUFusion.Track | DEBUG    | sort_tracker.py:100 | Updated track 17 with truck at (409.2, 94.2)
2025-08-25 09:46:28 | RSUFusion.Track | DEBUG    | sort_tracker.py:100 | Updated track 19 with car at (411.6, 178.3)
2025-08-25 09:46:28 | RSUFusion.Track | DEBUG    | sort_tracker.py:100 | Updated track 14 with car at (472.9, 99.2)
2025-08-25 09:46:28 | RSUFusion.Track | DEBUG    | sort_tracker.py:100 | Updated track 18 with car at (435.2, 95.5)
2025-08-25 09:46:28 | RSUFusion.Track | DEBUG    | sort_tracker.py:100 | Updated track 17 with truck at (409.2, 94.2)
2025-08-25 09:46:28 | RSUFusion.Track | DEBUG    | sort_tracker.py:100 | Updated track 19 with car at (411.6, 178.3)
2025-08-25 09:46:28 | RSUFusion.Track | DEBUG    | sort_tracker.py:100 | Updated track 14 with car at (472.9, 99.1)
2025-08-25 09:46:28 | RSUFusion.Track | DEBUG    | sort_tracker.py:100 | Updated track 18 with car at (435.3, 95.6)
2025-08-25 09:46:28 | RSUFusion.Track | DEBUG    | sort_tracker.py:100 | Updated track 17 with truck at (409.3, 94.2)
2025-08-25 09:46:28 | RSUFusion.Track | DEBUG    | sort_tracker.py:100 | Updated track 19 with car at (411.6, 178.3)
2025-08-25 09:46:28 | RSUFusion.Track | DEBUG    | sort_tracker.py:100 | Updated track 14 with car at (472.9, 99.2)
2025-08-25 09:46:28 | RSUFusion.Track | DEBUG    | sort_tracker.py:100 | Updated track 18 with car at (435.2, 95.7)
2025-08-25 09:46:28 | RSUFusion.Track | DEBUG    | sort_tracker.py:100 | Updated track 17 with truck at (409.3, 94.2)
2025-08-25 09:46:28 | RSUFusion.VisualizationProcess | DEBUG    | run_phase1.py:346 | Visualization: 38.8 FPS
2025-08-25 09:46:28 | RSUFusion.Track | DEBUG    | sort_tracker.py:100 | Updated track 19 with car at (411.6, 178.3)
2025-08-25 09:46:28 | RSUFusion.Track | DEBUG    | sort_tracker.py:100 | Updated track 14 with car at (473.0, 99.2)
2025-08-25 09:46:28 | RSUFusion.Track | DEBUG    | sort_tracker.py:100 | Updated track 17 with truck at (409.2, 94.2)
2025-08-25 09:46:28 | RSUFusion.Track | DEBUG    | sort_tracker.py:100 | Updated track 18 with car at (435.2, 95.5)
2025-08-25 09:46:28 | RSUFusion.Track | DEBUG    | sort_tracker.py:100 | Updated track 19 with car at (411.6, 178.3)
2025-08-25 09:46:28 | RSUFusion.Track | DEBUG    | sort_tracker.py:100 | Updated track 14 with car at (472.9, 99.2)
2025-08-25 09:46:28 | RSUFusion.Track | DEBUG    | sort_tracker.py:100 | Updated track 18 with car at (435.2, 95.5)
2025-08-25 09:46:28 | RSUFusion.Track | DEBUG    | sort_tracker.py:100 | Updated track 17 with truck at (409.3, 94.2)
2025-08-25 09:46:28 | RSUFusion.Track | DEBUG    | sort_tracker.py:100 | Updated track 19 with car at (411.6, 178.3)
2025-08-25 09:46:28 | RSUFusion.Track | DEBUG    | sort_tracker.py:100 | Updated track 14 with car at (472.8, 99.1)
2025-08-25 09:46:28 | RSUFusion.Track | DEBUG    | sort_tracker.py:100 | Updated track 18 with car at (435.2, 95.4)
2025-08-25 09:46:28 | RSUFusion.Track | DEBUG    | sort_tracker.py:100 | Updated track 17 with truck at (409.2, 94.2)
2025-08-25 09:46:29 | RSUFusion.Track | DEBUG    | sort_tracker.py:100 | Updated track 19 with car at (411.6, 178.3)
2025-08-25 09:46:29 | RSUFusion.Track | DEBUG    | sort_tracker.py:100 | Updated track 14 with car at (472.8, 99.1)
2025-08-25 09:46:29 | RSUFusion.Track | DEBUG    | sort_tracker.py:100 | Updated track 18 with car at (435.2, 95.4)
2025-08-25 09:46:29 | RSUFusion.Track | DEBUG    | sort_tracker.py:100 | Updated track 17 with truck at (409.2, 94.3)
2025-08-25 09:46:29 | RSUFusion.Track | DEBUG    | sort_tracker.py:100 | Updated track 19 with car at (411.6, 178.3)
2025-08-25 09:46:29 | RSUFusion.Track | DEBUG    | sort_tracker.py:100 | Updated track 14 with car at (472.7, 99.2)
2025-08-25 09:46:29 | RSUFusion.Track | DEBUG    | sort_tracker.py:100 | Updated track 18 with car at (435.2, 95.4)
2025-08-25 09:46:29 | RSUFusion.Track | DEBUG    | sort_tracker.py:100 | Updated track 17 with truck at (409.2, 94.2)
2025-08-25 09:46:29 | RSUFusion.Track | DEBUG    | sort_tracker.py:100 | Updated track 19 with car at (411.6, 178.3)
2025-08-25 09:46:29 | RSUFusion.Track | DEBUG    | sort_tracker.py:100 | Updated track 14 with car at (472.9, 99.1)
2025-08-25 09:46:29 | RSUFusion.Track | DEBUG    | sort_tracker.py:100 | Updated track 18 with car at (435.2, 95.3)
2025-08-25 09:46:29 | RSUFusion.Track | DEBUG    | sort_tracker.py:100 | Updated track 17 with truck at (409.2, 94.2)
2025-08-25 09:46:29 | RSUFusion.Track | DEBUG    | sort_tracker.py:100 | Updated track 19 with car at (411.6, 178.3)
2025-08-25 09:46:29 | RSUFusion.Track | DEBUG    | sort_tracker.py:100 | Updated track 14 with car at (472.9, 99.1)
2025-08-25 09:46:29 | RSUFusion.Track | DEBUG    | sort_tracker.py:100 | Updated track 18 with car at (435.2, 95.5)
2025-08-25 09:46:29 | RSUFusion.Track | DEBUG    | sort_tracker.py:100 | Updated track 17 with truck at (409.3, 94.2)
2025-08-25 09:46:29 | RSUFusion.VisualizationProcess | DEBUG    | run_phase1.py:346 | Visualization: 40.1 FPS
2025-08-25 09:46:29 | RSUFusion.YOLODetector | DEBUG    | yolo_detector.py:155 | Detection performance: 56.4 FPS, 4 objects detected
2025-08-25 09:46:29 | RSUFusion.DetectionProcess | DEBUG    | run_phase1.py:198 | Detection: 55.8 FPS, 3650 detections processed
2025-08-25 09:46:29 | RSUFusion.Track | DEBUG    | sort_tracker.py:100 | Updated track 19 with car at (411.6, 178.3)
2025-08-25 09:46:29 | RSUFusion.Track | DEBUG    | sort_tracker.py:100 | Updated track 14 with car at (472.9, 99.2)
2025-08-25 09:46:29 | RSUFusion.Track | DEBUG    | sort_tracker.py:100 | Updated track 18 with car at (435.2, 95.4)
2025-08-25 09:46:29 | RSUFusion.Track | DEBUG    | sort_tracker.py:100 | Updated track 17 with truck at (409.3, 94.2)
2025-08-25 09:46:29 | RSUFusion.SORTTracker | DEBUG    | sort_tracker.py:208 | SORT performance: 1.2ms/frame, 5 confirmed tracks
2025-08-25 09:46:29 | RSUFusion.TrackingProcess | DEBUG    | run_phase1.py:268 | Tracking: 5 confirmed tracks
2025-08-25 09:46:29 | RSUFusion.Track | DEBUG    | sort_tracker.py:100 | Updated track 19 with car at (411.6, 178.3)
2025-08-25 09:46:29 | RSUFusion.Track | DEBUG    | sort_tracker.py:100 | Updated track 14 with car at (473.0, 99.2)
2025-08-25 09:46:29 | RSUFusion.Track | DEBUG    | sort_tracker.py:100 | Updated track 17 with truck at (409.2, 94.2)
2025-08-25 09:46:29 | RSUFusion.Track | DEBUG    | sort_tracker.py:100 | Updated track 18 with car at (435.1, 95.5)
2025-08-25 09:46:29 | RSUFusion.Track | DEBUG    | sort_tracker.py:100 | Updated track 19 with car at (411.6, 178.3)
2025-08-25 09:46:29 | RSUFusion.Track | DEBUG    | sort_tracker.py:100 | Updated track 14 with car at (472.9, 99.2)
2025-08-25 09:46:29 | RSUFusion.Track | DEBUG    | sort_tracker.py:100 | Updated track 18 with car at (435.2, 95.5)
2025-08-25 09:46:29 | RSUFusion.Track | DEBUG    | sort_tracker.py:100 | Updated track 17 with truck at (409.2, 94.2)
2025-08-25 09:46:29 | RSUFusion.Track | DEBUG    | sort_tracker.py:100 | Updated track 19 with car at (411.6, 178.3)
2025-08-25 09:46:29 | RSUFusion.Track | DEBUG    | sort_tracker.py:100 | Updated track 14 with car at (472.8, 99.2)
2025-08-25 09:46:29 | RSUFusion.Track | DEBUG    | sort_tracker.py:100 | Updated track 18 with car at (435.2, 95.4)
2025-08-25 09:46:29 | RSUFusion.Track | DEBUG    | sort_tracker.py:100 | Updated track 17 with truck at (409.2, 94.2)
2025-08-25 09:46:29 | RSUFusion.Track | DEBUG    | sort_tracker.py:100 | Updated track 19 with car at (411.6, 178.3)
2025-08-25 09:46:29 | RSUFusion.Track | DEBUG    | sort_tracker.py:100 | Updated track 14 with car at (472.9, 99.1)
2025-08-25 09:46:29 | RSUFusion.Track | DEBUG    | sort_tracker.py:100 | Updated track 18 with car at (435.2, 95.4)
2025-08-25 09:46:29 | RSUFusion.Track | DEBUG    | sort_tracker.py:100 | Updated track 17 with truck at (409.2, 94.3)
2025-08-25 09:46:30 | RSUFusion.Track | DEBUG    | sort_tracker.py:100 | Updated track 19 with car at (411.6, 178.3)
2025-08-25 09:46:30 | RSUFusion.Track | DEBUG    | sort_tracker.py:100 | Updated track 14 with car at (472.8, 99.1)
2025-08-25 09:46:30 | RSUFusion.Track | DEBUG    | sort_tracker.py:100 | Updated track 18 with car at (435.2, 95.5)
2025-08-25 09:46:30 | RSUFusion.Track | DEBUG    | sort_tracker.py:100 | Updated track 17 with truck at (409.2, 94.2)
2025-08-25 09:46:30 | RSUFusion.VisualizationProcess | DEBUG    | run_phase1.py:346 | Visualization: 47.9 FPS
2025-08-25 09:46:30 | RSUFusion.Track | DEBUG    | sort_tracker.py:100 | Updated track 19 with car at (411.6, 178.3)
2025-08-25 09:46:30 | RSUFusion.Track | DEBUG    | sort_tracker.py:100 | Updated track 14 with car at (472.9, 99.1)
2025-08-25 09:46:30 | RSUFusion.Track | DEBUG    | sort_tracker.py:100 | Updated track 18 with car at (435.2, 95.4)
2025-08-25 09:46:30 | RSUFusion.Track | DEBUG    | sort_tracker.py:100 | Updated track 19 with car at (411.6, 178.3)
2025-08-25 09:46:30 | RSUFusion.Track | DEBUG    | sort_tracker.py:100 | Updated track 14 with car at (472.9, 99.2)
2025-08-25 09:46:30 | RSUFusion.Track | DEBUG    | sort_tracker.py:100 | Updated track 18 with car at (435.3, 95.4)
2025-08-25 09:46:30 | RSUFusion.Track | DEBUG    | sort_tracker.py:100 | Updated track 17 with truck at (409.3, 94.2)
2025-08-25 09:46:30 | RSUFusion.Track | DEBUG    | sort_tracker.py:100 | Updated track 19 with car at (411.6, 178.3)
2025-08-25 09:46:30 | RSUFusion.Track | DEBUG    | sort_tracker.py:100 | Updated track 14 with car at (473.0, 99.2)
2025-08-25 09:46:30 | RSUFusion.Track | DEBUG    | sort_tracker.py:100 | Updated track 18 with car at (435.1, 95.5)
2025-08-25 09:46:30 | RSUFusion.Track | DEBUG    | sort_tracker.py:100 | Updated track 17 with truck at (409.3, 94.2)
2025-08-25 09:46:30 | RSUFusion.SORTTracker | DEBUG    | sort_tracker.py:303 | Deleting track 16 (too old: 31 frames)
2025-08-25 09:46:30 | RSUFusion.Track | DEBUG    | sort_tracker.py:100 | Updated track 19 with car at (411.6, 178.3)
2025-08-25 09:46:30 | RSUFusion.Track | DEBUG    | sort_tracker.py:100 | Updated track 14 with car at (473.0, 99.2)
2025-08-25 09:46:30 | RSUFusion.Track | DEBUG    | sort_tracker.py:100 | Updated track 17 with truck at (409.2, 94.2)
2025-08-25 09:46:30 | RSUFusion.Track | DEBUG    | sort_tracker.py:100 | Updated track 18 with car at (435.1, 95.4)
2025-08-25 09:46:30 | RSUFusion.Track | DEBUG    | sort_tracker.py:100 | Updated track 19 with car at (411.6, 178.3)
2025-08-25 09:46:30 | RSUFusion.Track | DEBUG    | sort_tracker.py:100 | Updated track 14 with car at (472.8, 99.1)
2025-08-25 09:46:30 | RSUFusion.Track | DEBUG    | sort_tracker.py:100 | Updated track 18 with car at (435.2, 95.4)
2025-08-25 09:46:30 | RSUFusion.Track | DEBUG    | sort_tracker.py:100 | Updated track 17 with truck at (409.2, 94.2)
2025-08-25 09:46:30 | RSUFusion.Track | DEBUG    | sort_tracker.py:100 | Updated track 19 with car at (411.6, 178.3)
2025-08-25 09:46:30 | RSUFusion.Track | DEBUG    | sort_tracker.py:100 | Updated track 14 with car at (472.8, 99.1)
2025-08-25 09:46:30 | RSUFusion.Track | DEBUG    | sort_tracker.py:100 | Updated track 18 with car at (435.3, 95.3)
2025-08-25 09:46:30 | RSUFusion.Track | DEBUG    | sort_tracker.py:100 | Updated track 17 with truck at (409.2, 94.2)
2025-08-25 09:46:30 | RSUFusion.VisualizationProcess | DEBUG    | run_phase1.py:346 | Visualization: 47.9 FPS
2025-08-25 09:46:30 | RSUFusion.Track | DEBUG    | sort_tracker.py:100 | Updated track 19 with car at (411.6, 178.3)
2025-08-25 09:46:30 | RSUFusion.Track | DEBUG    | sort_tracker.py:100 | Updated track 14 with car at (472.8, 99.1)
2025-08-25 09:46:30 | RSUFusion.Track | DEBUG    | sort_tracker.py:100 | Updated track 18 with car at (435.2, 95.3)
2025-08-25 09:46:30 | RSUFusion.Track | DEBUG    | sort_tracker.py:100 | Updated track 17 with truck at (409.1, 94.3)
2025-08-25 09:46:30 | RSUFusion.Track | DEBUG    | sort_tracker.py:100 | Updated track 19 with car at (411.6, 178.3)
2025-08-25 09:46:30 | RSUFusion.Track | DEBUG    | sort_tracker.py:100 | Updated track 14 with car at (472.7, 99.1)
2025-08-25 09:46:30 | RSUFusion.Track | DEBUG    | sort_tracker.py:100 | Updated track 18 with car at (435.2, 95.4)
2025-08-25 09:46:30 | RSUFusion.Track | DEBUG    | sort_tracker.py:100 | Updated track 17 with truck at (409.2, 94.2)
2025-08-25 09:46:30 | RSUFusion.Track | DEBUG    | sort_tracker.py:100 | Updated track 19 with car at (411.6, 178.3)
2025-08-25 09:46:30 | RSUFusion.Track | DEBUG    | sort_tracker.py:100 | Updated track 14 with car at (472.9, 99.1)
2025-08-25 09:46:30 | RSUFusion.Track | DEBUG    | sort_tracker.py:100 | Updated track 18 with car at (435.3, 95.3)
2025-08-25 09:46:30 | RSUFusion.Track | DEBUG    | sort_tracker.py:100 | Updated track 17 with truck at (409.3, 94.2)
2025-08-25 09:46:30 | RSUFusion.CameraProcess | DEBUG    | run_phase1.py:146 | Ambulance speed: 0.0 km/h
2025-08-25 09:46:31 | RSUFusion.Track | DEBUG    | sort_tracker.py:100 | Updated track 19 with car at (411.6, 178.3)
2025-08-25 09:46:31 | RSUFusion.Track | DEBUG    | sort_tracker.py:100 | Updated track 14 with car at (472.9, 99.1)
2025-08-25 09:46:31 | RSUFusion.Track | DEBUG    | sort_tracker.py:100 | Updated track 18 with car at (435.2, 95.5)
2025-08-25 09:46:31 | RSUFusion.Track | DEBUG    | sort_tracker.py:100 | Updated track 17 with truck at (409.3, 94.2)
2025-08-25 09:46:31 | RSUFusion.Track | DEBUG    | sort_tracker.py:100 | Updated track 19 with car at (411.6, 178.3)
2025-08-25 09:46:31 | RSUFusion.Track | DEBUG    | sort_tracker.py:100 | Updated track 14 with car at (473.0, 99.2)
2025-08-25 09:46:31 | RSUFusion.Track | DEBUG    | sort_tracker.py:100 | Updated track 18 with car at (435.1, 95.5)
2025-08-25 09:46:31 | RSUFusion.Track | DEBUG    | sort_tracker.py:100 | Updated track 17 with truck at (409.3, 94.2)
2025-08-25 09:46:31 | RSUFusion.Track | DEBUG    | sort_tracker.py:100 | Updated track 19 with car at (411.6, 178.3)
2025-08-25 09:46:31 | RSUFusion.Track | DEBUG    | sort_tracker.py:100 | Updated track 14 with car at (473.0, 99.1)
2025-08-25 09:46:31 | RSUFusion.Track | DEBUG    | sort_tracker.py:100 | Updated track 18 with car at (435.2, 95.5)
2025-08-25 09:46:31 | RSUFusion.Track | DEBUG    | sort_tracker.py:100 | Updated track 17 with truck at (409.2, 94.2)
2025-08-25 09:46:31 | RSUFusion.VisualizationProcess | DEBUG    | run_phase1.py:346 | Visualization: 49.8 FPS
2025-08-25 09:46:31 | RSUFusion.Track | DEBUG    | sort_tracker.py:100 | Updated track 19 with car at (411.6, 178.3)
2025-08-25 09:46:31 | RSUFusion.Track | DEBUG    | sort_tracker.py:100 | Updated track 14 with car at (472.8, 99.1)
2025-08-25 09:46:31 | RSUFusion.Track | DEBUG    | sort_tracker.py:100 | Updated track 18 with car at (435.2, 95.4)
2025-08-25 09:46:31 | RSUFusion.Track | DEBUG    | sort_tracker.py:100 | Updated track 17 with truck at (409.2, 94.2)
2025-08-25 09:46:31 | RSUFusion.Track | DEBUG    | sort_tracker.py:100 | Updated track 19 with car at (411.6, 178.3)
2025-08-25 09:46:31 | RSUFusion.Track | DEBUG    | sort_tracker.py:100 | Updated track 14 with car at (472.8, 99.1)
2025-08-25 09:46:31 | RSUFusion.Track | DEBUG    | sort_tracker.py:100 | Updated track 18 with car at (435.2, 95.3)
2025-08-25 09:46:31 | RSUFusion.Track | DEBUG    | sort_tracker.py:100 | Updated track 17 with truck at (409.2, 94.2)
2025-08-25 09:46:31 | RSUFusion.Track | DEBUG    | sort_tracker.py:100 | Updated track 19 with car at (411.6, 178.3)
2025-08-25 09:46:31 | RSUFusion.Track | DEBUG    | sort_tracker.py:100 | Updated track 14 with car at (472.9, 99.2)
2025-08-25 09:46:31 | RSUFusion.Track | DEBUG    | sort_tracker.py:100 | Updated track 18 with car at (435.2, 95.3)
2025-08-25 09:46:31 | RSUFusion.Track | DEBUG    | sort_tracker.py:100 | Updated track 17 with truck at (409.2, 94.3)
2025-08-25 09:46:31 | RSUFusion.Track | DEBUG    | sort_tracker.py:100 | Updated track 19 with car at (411.6, 178.3)
2025-08-25 09:46:31 | RSUFusion.Track | DEBUG    | sort_tracker.py:100 | Updated track 14 with car at (472.8, 99.2)
2025-08-25 09:46:31 | RSUFusion.Track | DEBUG    | sort_tracker.py:100 | Updated track 18 with car at (435.2, 95.3)
2025-08-25 09:46:31 | RSUFusion.Track | DEBUG    | sort_tracker.py:100 | Updated track 17 with truck at (409.2, 94.2)
2025-08-25 09:46:31 | RSUFusion.Track | DEBUG    | sort_tracker.py:100 | Updated track 19 with car at (411.6, 178.3)
2025-08-25 09:46:31 | RSUFusion.Track | DEBUG    | sort_tracker.py:100 | Updated track 14 with car at (473.0, 99.2)
2025-08-25 09:46:31 | RSUFusion.Track | DEBUG    | sort_tracker.py:100 | Updated track 18 with car at (435.2, 95.4)
2025-08-25 09:46:31 | RSUFusion.Track | DEBUG    | sort_tracker.py:100 | Updated track 17 with truck at (409.3, 94.2)
2025-08-25 09:46:31 | RSUFusion.VisualizationProcess | DEBUG    | run_phase1.py:346 | Visualization: 49.0 FPS
2025-08-25 09:46:31 | RSUFusion.Track | DEBUG    | sort_tracker.py:100 | Updated track 19 with car at (411.6, 178.3)
2025-08-25 09:46:31 | RSUFusion.Track | DEBUG    | sort_tracker.py:100 | Updated track 14 with car at (473.0, 99.1)
2025-08-25 09:46:31 | RSUFusion.Track | DEBUG    | sort_tracker.py:100 | Updated track 18 with car at (435.3, 95.4)
2025-08-25 09:46:31 | RSUFusion.Track | DEBUG    | sort_tracker.py:100 | Updated track 17 with truck at (409.3, 94.2)
2025-08-25 09:46:32 | RSUFusion.Track | DEBUG    | sort_tracker.py:100 | Updated track 19 with car at (411.6, 178.3)
2025-08-25 09:46:32 | RSUFusion.Track | DEBUG    | sort_tracker.py:100 | Updated track 14 with car at (472.8, 99.1)
2025-08-25 09:46:32 | RSUFusion.Track | DEBUG    | sort_tracker.py:100 | Updated track 18 with car at (435.2, 95.4)
2025-08-25 09:46:32 | RSUFusion.Track | DEBUG    | sort_tracker.py:100 | Updated track 17 with truck at (409.3, 94.2)
2025-08-25 09:46:32 | RSUFusion.Track | DEBUG    | sort_tracker.py:100 | Updated track 19 with car at (411.6, 178.3)
2025-08-25 09:46:32 | RSUFusion.Track | DEBUG    | sort_tracker.py:100 | Updated track 14 with car at (472.9, 99.1)
2025-08-25 09:46:32 | RSUFusion.Track | DEBUG    | sort_tracker.py:100 | Updated track 17 with truck at (409.2, 94.2)
2025-08-25 09:46:32 | RSUFusion.Track | DEBUG    | sort_tracker.py:100 | Updated track 18 with car at (435.2, 95.3)
2025-08-25 09:46:32 | RSUFusion.Track | DEBUG    | sort_tracker.py:100 | Updated track 19 with car at (411.6, 178.3)
2025-08-25 09:46:32 | RSUFusion.Track | DEBUG    | sort_tracker.py:100 | Updated track 14 with car at (472.8, 99.1)
2025-08-25 09:46:32 | RSUFusion.Track | DEBUG    | sort_tracker.py:100 | Updated track 18 with car at (435.2, 95.4)
2025-08-25 09:46:32 | RSUFusion.Track | DEBUG    | sort_tracker.py:100 | Updated track 17 with truck at (409.2, 94.2)
2025-08-25 09:46:32 | RSUFusion.Track | DEBUG    | sort_tracker.py:100 | Updated track 19 with car at (411.6, 178.3)
2025-08-25 09:46:32 | RSUFusion.Track | DEBUG    | sort_tracker.py:100 | Updated track 14 with car at (472.8, 99.2)
2025-08-25 09:46:32 | RSUFusion.Track | DEBUG    | sort_tracker.py:100 | Updated track 18 with car at (435.3, 95.4)
2025-08-25 09:46:32 | RSUFusion.Track | DEBUG    | sort_tracker.py:100 | Updated track 17 with truck at (409.2, 94.2)
2025-08-25 09:46:32 | RSUFusion.Track | DEBUG    | sort_tracker.py:100 | Updated track 19 with car at (411.6, 178.3)
2025-08-25 09:46:32 | RSUFusion.Track | DEBUG    | sort_tracker.py:100 | Updated track 14 with car at (472.9, 99.2)
2025-08-25 09:46:32 | RSUFusion.Track | DEBUG    | sort_tracker.py:100 | Updated track 18 with car at (435.2, 95.5)
2025-08-25 09:46:32 | RSUFusion.Track | DEBUG    | sort_tracker.py:100 | Updated track 17 with truck at (409.2, 94.3)
2025-08-25 09:46:32 | RSUFusion.VisualizationProcess | DEBUG    | run_phase1.py:346 | Visualization: 47.8 FPS
2025-08-25 09:46:32 | RSUFusion.Track | DEBUG    | sort_tracker.py:100 | Updated track 19 with car at (411.6, 178.3)
2025-08-25 09:46:32 | RSUFusion.Track | DEBUG    | sort_tracker.py:100 | Updated track 14 with car at (472.7, 99.1)
2025-08-25 09:46:32 | RSUFusion.Track | DEBUG    | sort_tracker.py:100 | Updated track 18 with car at (435.2, 95.5)
2025-08-25 09:46:32 | RSUFusion.Track | DEBUG    | sort_tracker.py:100 | Updated track 17 with truck at (409.2, 94.2)
2025-08-25 09:46:32 | RSUFusion.YOLODetector | DEBUG    | yolo_detector.py:155 | Detection performance: 53.2 FPS, 4 objects detected
2025-08-25 09:46:32 | RSUFusion.DetectionProcess | DEBUG    | run_phase1.py:198 | Detection: 54.6 FPS, 3769 detections processed
2025-08-25 09:46:32 | RSUFusion.Track | DEBUG    | sort_tracker.py:100 | Updated track 19 with car at (411.6, 178.3)
2025-08-25 09:46:32 | RSUFusion.Track | DEBUG    | sort_tracker.py:100 | Updated track 14 with car at (472.9, 99.0)
2025-08-25 09:46:32 | RSUFusion.Track | DEBUG    | sort_tracker.py:100 | Updated track 18 with car at (435.2, 95.4)
2025-08-25 09:46:32 | RSUFusion.Track | DEBUG    | sort_tracker.py:100 | Updated track 17 with truck at (409.2, 94.2)
2025-08-25 09:46:32 | RSUFusion.SORTTracker | DEBUG    | sort_tracker.py:208 | SORT performance: 1.1ms/frame, 4 confirmed tracks
2025-08-25 09:46:32 | RSUFusion.TrackingProcess | DEBUG    | run_phase1.py:268 | Tracking: 4 confirmed tracks
2025-08-25 09:46:32 | RSUFusion.Track | DEBUG    | sort_tracker.py:100 | Updated track 19 with car at (411.6, 178.3)
2025-08-25 09:46:32 | RSUFusion.Track | DEBUG    | sort_tracker.py:100 | Updated track 14 with car at (472.9, 99.1)
2025-08-25 09:46:32 | RSUFusion.Track | DEBUG    | sort_tracker.py:100 | Updated track 18 with car at (435.3, 95.5)
2025-08-25 09:46:32 | RSUFusion.Track | DEBUG    | sort_tracker.py:100 | Updated track 17 with truck at (409.3, 94.2)
2025-08-25 09:46:32 | RSUFusion.Track | DEBUG    | sort_tracker.py:100 | Updated track 19 with car at (411.6, 178.4)
2025-08-25 09:46:32 | RSUFusion.Track | DEBUG    | sort_tracker.py:100 | Updated track 14 with car at (472.9, 99.1)
2025-08-25 09:46:32 | RSUFusion.Track | DEBUG    | sort_tracker.py:100 | Updated track 18 with car at (435.3, 95.5)
2025-08-25 09:46:32 | RSUFusion.Track | DEBUG    | sort_tracker.py:100 | Updated track 17 with truck at (409.3, 94.2)
2025-08-25 09:46:32 | RSUFusion.Track | DEBUG    | sort_tracker.py:100 | Updated track 19 with car at (411.6, 178.3)
2025-08-25 09:46:32 | RSUFusion.Track | DEBUG    | sort_tracker.py:100 | Updated track 14 with car at (473.0, 99.2)
2025-08-25 09:46:32 | RSUFusion.Track | DEBUG    | sort_tracker.py:100 | Updated track 17 with truck at (409.2, 94.2)
2025-08-25 09:46:32 | RSUFusion.Track | DEBUG    | sort_tracker.py:100 | Updated track 18 with car at (435.2, 95.5)
2025-08-25 09:46:33 | RSUFusion.Track | DEBUG    | sort_tracker.py:100 | Updated track 19 with car at (411.6, 178.3)
2025-08-25 09:46:33 | RSUFusion.Track | DEBUG    | sort_tracker.py:100 | Updated track 14 with car at (472.8, 99.2)
2025-08-25 09:46:33 | RSUFusion.Track | DEBUG    | sort_tracker.py:100 | Updated track 18 with car at (435.2, 95.6)
2025-08-25 09:46:33 | RSUFusion.Track | DEBUG    | sort_tracker.py:100 | Updated track 17 with truck at (409.2, 94.2)
2025-08-25 09:46:33 | RSUFusion.Track | DEBUG    | sort_tracker.py:100 | Updated track 19 with car at (411.6, 178.3)
2025-08-25 09:46:33 | RSUFusion.Track | DEBUG    | sort_tracker.py:100 | Updated track 14 with car at (472.8, 99.2)
2025-08-25 09:46:33 | RSUFusion.Track | DEBUG    | sort_tracker.py:100 | Updated track 18 with car at (435.3, 95.3)
2025-08-25 09:46:33 | RSUFusion.Track | DEBUG    | sort_tracker.py:100 | Updated track 17 with truck at (409.2, 94.2)
2025-08-25 09:46:33 | RSUFusion.VisualizationProcess | DEBUG    | run_phase1.py:346 | Visualization: 38.9 FPS
2025-08-25 09:46:33 | RSUFusion.Track | DEBUG    | sort_tracker.py:100 | Updated track 19 with car at (411.6, 178.3)
2025-08-25 09:46:33 | RSUFusion.Track | DEBUG    | sort_tracker.py:100 | Updated track 14 with car at (472.9, 99.1)
2025-08-25 09:46:33 | RSUFusion.Track | DEBUG    | sort_tracker.py:100 | Updated track 18 with car at (435.2, 95.5)
2025-08-25 09:46:33 | RSUFusion.Track | DEBUG    | sort_tracker.py:100 | Updated track 17 with truck at (409.1, 94.3)
2025-08-25 09:46:33 | RSUFusion.Track | DEBUG    | sort_tracker.py:100 | Updated track 19 with car at (411.6, 178.3)
2025-08-25 09:46:33 | RSUFusion.Track | DEBUG    | sort_tracker.py:100 | Updated track 14 with car at (472.7, 99.1)
2025-08-25 09:46:33 | RSUFusion.Track | DEBUG    | sort_tracker.py:100 | Updated track 18 with car at (435.2, 95.4)
2025-08-25 09:46:33 | RSUFusion.Track | DEBUG    | sort_tracker.py:100 | Updated track 17 with truck at (409.2, 94.2)
2025-08-25 09:46:33 | RSUFusion.Track | DEBUG    | sort_tracker.py:100 | Updated track 19 with car at (411.6, 178.3)
2025-08-25 09:46:33 | RSUFusion.Track | DEBUG    | sort_tracker.py:100 | Updated track 14 with car at (472.9, 99.1)
2025-08-25 09:46:33 | RSUFusion.Track | DEBUG    | sort_tracker.py:100 | Updated track 18 with car at (435.2, 95.3)
2025-08-25 09:46:33 | RSUFusion.Track | DEBUG    | sort_tracker.py:100 | Updated track 17 with truck at (409.3, 94.2)
2025-08-25 09:46:33 | RSUFusion.Track | DEBUG    | sort_tracker.py:100 | Updated track 19 with car at (411.6, 178.3)
2025-08-25 09:46:33 | RSUFusion.Track | DEBUG    | sort_tracker.py:100 | Updated track 14 with car at (472.9, 99.1)
2025-08-25 09:46:33 | RSUFusion.Track | DEBUG    | sort_tracker.py:100 | Updated track 18 with car at (435.3, 95.4)
2025-08-25 09:46:33 | RSUFusion.Track | DEBUG    | sort_tracker.py:100 | Updated track 17 with truck at (409.3, 94.1)
2025-08-25 09:46:33 | RSUFusion.Track | DEBUG    | sort_tracker.py:100 | Updated track 19 with car at (411.6, 178.3)
2025-08-25 09:46:33 | RSUFusion.Track | DEBUG    | sort_tracker.py:100 | Updated track 14 with car at (472.9, 99.2)
2025-08-25 09:46:33 | RSUFusion.Track | DEBUG    | sort_tracker.py:100 | Updated track 18 with car at (435.2, 95.5)
2025-08-25 09:46:33 | RSUFusion.Track | DEBUG    | sort_tracker.py:100 | Updated track 17 with truck at (409.3, 94.2)
2025-08-25 09:46:33 | RSUFusion.Track | DEBUG    | sort_tracker.py:100 | Updated track 19 with car at (411.6, 178.3)
2025-08-25 09:46:33 | RSUFusion.Track | DEBUG    | sort_tracker.py:100 | Updated track 14 with car at (473.0, 99.2)
2025-08-25 09:46:33 | RSUFusion.Track | DEBUG    | sort_tracker.py:100 | Updated track 17 with truck at (409.2, 94.2)
2025-08-25 09:46:33 | RSUFusion.Track | DEBUG    | sort_tracker.py:100 | Updated track 18 with car at (435.2, 95.5)
2025-08-25 09:46:33 | RSUFusion.VisualizationProcess | DEBUG    | run_phase1.py:346 | Visualization: 49.7 FPS
2025-08-25 09:46:33 | RSUFusion.Track | DEBUG    | sort_tracker.py:100 | Updated track 19 with car at (411.6, 178.3)
2025-08-25 09:46:33 | RSUFusion.Track | DEBUG    | sort_tracker.py:100 | Updated track 14 with car at (472.8, 99.2)
2025-08-25 09:46:33 | RSUFusion.Track | DEBUG    | sort_tracker.py:100 | Updated track 18 with car at (435.2, 95.5)
2025-08-25 09:46:33 | RSUFusion.Track | DEBUG    | sort_tracker.py:100 | Updated track 17 with truck at (409.2, 94.2)
2025-08-25 09:46:34 | RSUFusion.Track | DEBUG    | sort_tracker.py:100 | Updated track 19 with car at (411.6, 178.3)
2025-08-25 09:46:34 | RSUFusion.Track | DEBUG    | sort_tracker.py:100 | Updated track 14 with car at (472.8, 99.1)
2025-08-25 09:46:34 | RSUFusion.Track | DEBUG    | sort_tracker.py:100 | Updated track 18 with car at (435.2, 95.5)
2025-08-25 09:46:34 | RSUFusion.Track | DEBUG    | sort_tracker.py:100 | Updated track 17 with truck at (409.2, 94.2)
2025-08-25 09:46:34 | RSUFusion.Track | DEBUG    | sort_tracker.py:100 | Updated track 19 with car at (411.6, 178.3)
2025-08-25 09:46:34 | RSUFusion.Track | DEBUG    | sort_tracker.py:100 | Updated track 14 with car at (472.8, 99.1)
2025-08-25 09:46:34 | RSUFusion.Track | DEBUG    | sort_tracker.py:100 | Updated track 18 with car at (435.2, 95.4)
2025-08-25 09:46:34 | RSUFusion.Track | DEBUG    | sort_tracker.py:100 | Updated track 17 with truck at (409.1, 94.3)
2025-08-25 09:46:34 | RSUFusion.CameraProcess | DEBUG    | run_phase1.py:146 | Ambulance speed: 0.0 km/h
2025-08-25 09:46:34 | RSUFusion.Track | DEBUG    | sort_tracker.py:100 | Updated track 19 with car at (411.6, 178.3)
2025-08-25 09:46:34 | RSUFusion.Track | DEBUG    | sort_tracker.py:100 | Updated track 14 with car at (472.7, 99.1)
2025-08-25 09:46:34 | RSUFusion.Track | DEBUG    | sort_tracker.py:100 | Updated track 18 with car at (435.2, 95.5)
2025-08-25 09:46:34 | RSUFusion.Track | DEBUG    | sort_tracker.py:100 | Updated track 19 with car at (411.6, 178.3)
2025-08-25 09:46:34 | RSUFusion.Track | DEBUG    | sort_tracker.py:100 | Updated track 14 with car at (472.9, 99.2)
2025-08-25 09:46:34 | RSUFusion.Track | DEBUG    | sort_tracker.py:100 | Updated track 18 with car at (435.2, 95.4)
2025-08-25 09:46:34 | RSUFusion.Track | DEBUG    | sort_tracker.py:100 | Updated track 17 with truck at (409.2, 94.2)
2025-08-25 09:46:34 | RSUFusion.Track | DEBUG    | sort_tracker.py:100 | Updated track 19 with car at (411.6, 178.3)
2025-08-25 09:46:34 | RSUFusion.Track | DEBUG    | sort_tracker.py:100 | Updated track 14 with car at (472.9, 99.1)
2025-08-25 09:46:34 | RSUFusion.Track | DEBUG    | sort_tracker.py:100 | Updated track 18 with car at (435.3, 95.5)
2025-08-25 09:46:34 | RSUFusion.Track | DEBUG    | sort_tracker.py:100 | Updated track 17 with truck at (409.3, 94.2)
2025-08-25 09:46:34 | RSUFusion.VisualizationProcess | DEBUG    | run_phase1.py:346 | Visualization: 51.2 FPS
2025-08-25 09:46:34 | RSUFusion.Track | DEBUG    | sort_tracker.py:100 | Updated track 19 with car at (411.6, 178.3)
2025-08-25 09:46:34 | RSUFusion.Track | DEBUG    | sort_tracker.py:100 | Updated track 14 with car at (472.8, 99.1)
2025-08-25 09:46:34 | RSUFusion.Track | DEBUG    | sort_tracker.py:100 | Updated track 18 with car at (435.2, 95.6)
2025-08-25 09:46:34 | RSUFusion.Track | DEBUG    | sort_tracker.py:100 | Updated track 17 with truck at (409.3, 94.2)
2025-08-25 09:46:34 | RSUFusion.Track | DEBUG    | sort_tracker.py:100 | Updated track 19 with car at (411.6, 178.3)
2025-08-25 09:46:34 | RSUFusion.Track | DEBUG    | sort_tracker.py:100 | Updated track 14 with car at (473.0, 99.2)
2025-08-25 09:46:34 | RSUFusion.Track | DEBUG    | sort_tracker.py:100 | Updated track 17 with truck at (409.2, 94.2)
2025-08-25 09:46:34 | RSUFusion.Track | DEBUG    | sort_tracker.py:100 | Updated track 18 with car at (435.2, 95.4)
2025-08-25 09:46:34 | RSUFusion.Track | DEBUG    | sort_tracker.py:100 | Updated track 19 with car at (411.6, 178.3)
2025-08-25 09:46:34 | RSUFusion.Track | DEBUG    | sort_tracker.py:100 | Updated track 14 with car at (472.8, 99.2)
2025-08-25 09:46:34 | RSUFusion.Track | DEBUG    | sort_tracker.py:100 | Updated track 18 with car at (435.2, 95.5)
2025-08-25 09:46:34 | RSUFusion.Track | DEBUG    | sort_tracker.py:100 | Updated track 17 with truck at (409.2, 94.2)
2025-08-25 09:46:34 | RSUFusion.Track | DEBUG    | sort_tracker.py:100 | Updated track 19 with car at (411.6, 178.3)
2025-08-25 09:46:34 | RSUFusion.Track | DEBUG    | sort_tracker.py:100 | Updated track 14 with car at (472.8, 99.1)
2025-08-25 09:46:34 | RSUFusion.Track | DEBUG    | sort_tracker.py:100 | Updated track 18 with car at (435.2, 95.4)
2025-08-25 09:46:34 | RSUFusion.Track | DEBUG    | sort_tracker.py:100 | Updated track 17 with truck at (409.2, 94.2)
2025-08-25 09:46:34 | RSUFusion.Track | DEBUG    | sort_tracker.py:100 | Updated track 19 with car at (411.6, 178.3)
2025-08-25 09:46:34 | RSUFusion.Track | DEBUG    | sort_tracker.py:100 | Updated track 14 with car at (472.8, 99.1)
2025-08-25 09:46:34 | RSUFusion.Track | DEBUG    | sort_tracker.py:100 | Updated track 18 with car at (435.2, 95.4)
2025-08-25 09:46:34 | RSUFusion.Track | DEBUG    | sort_tracker.py:100 | Updated track 17 with truck at (409.2, 94.3)
2025-08-25 09:46:35 | RSUFusion.VisualizationProcess | DEBUG    | run_phase1.py:346 | Visualization: 50.9 FPS
2025-08-25 09:46:35 | RSUFusion.Track | DEBUG    | sort_tracker.py:100 | Updated track 19 with car at (411.6, 178.3)
2025-08-25 09:46:35 | RSUFusion.Track | DEBUG    | sort_tracker.py:100 | Updated track 14 with car at (472.7, 99.2)
2025-08-25 09:46:35 | RSUFusion.Track | DEBUG    | sort_tracker.py:100 | Updated track 18 with car at (435.2, 95.5)
2025-08-25 09:46:35 | RSUFusion.Track | DEBUG    | sort_tracker.py:100 | Updated track 17 with truck at (409.2, 94.2)
2025-08-25 09:46:35 | RSUFusion.Track | DEBUG    | sort_tracker.py:100 | Updated track 19 with car at (411.6, 178.3)
2025-08-25 09:46:35 | RSUFusion.Track | DEBUG    | sort_tracker.py:100 | Updated track 14 with car at (472.8, 99.1)
2025-08-25 09:46:35 | RSUFusion.Track | DEBUG    | sort_tracker.py:100 | Updated track 18 with car at (435.2, 95.4)
2025-08-25 09:46:35 | RSUFusion.Track | DEBUG    | sort_tracker.py:100 | Updated track 17 with truck at (409.2, 94.2)
2025-08-25 09:46:35 | RSUFusion.Track | DEBUG    | sort_tracker.py:100 | Updated track 19 with car at (411.6, 178.3)
2025-08-25 09:46:35 | RSUFusion.Track | DEBUG    | sort_tracker.py:100 | Updated track 14 with car at (472.9, 99.1)
2025-08-25 09:46:35 | RSUFusion.Track | DEBUG    | sort_tracker.py:100 | Updated track 18 with car at (435.2, 95.7)
2025-08-25 09:46:35 | RSUFusion.Track | DEBUG    | sort_tracker.py:100 | Updated track 17 with truck at (409.3, 94.2)
2025-08-25 09:46:35 | RSUFusion.Track | DEBUG    | sort_tracker.py:100 | Updated track 19 with car at (411.6, 178.3)
2025-08-25 09:46:35 | RSUFusion.Track | DEBUG    | sort_tracker.py:100 | Updated track 14 with car at (472.8, 99.1)
2025-08-25 09:46:35 | RSUFusion.Track | DEBUG    | sort_tracker.py:100 | Updated track 18 with car at (435.2, 95.5)
2025-08-25 09:46:35 | RSUFusion.Track | DEBUG    | sort_tracker.py:100 | Updated track 17 with truck at (409.3, 94.2)
2025-08-25 09:46:35 | RSUFusion.Track | DEBUG    | sort_tracker.py:100 | Updated track 19 with car at (411.6, 178.3)
2025-08-25 09:46:35 | RSUFusion.Track | DEBUG    | sort_tracker.py:100 | Updated track 14 with car at (472.9, 99.2)
2025-08-25 09:46:35 | RSUFusion.Track | DEBUG    | sort_tracker.py:100 | Updated track 18 with car at (435.1, 95.6)
2025-08-25 09:46:35 | RSUFusion.Track | DEBUG    | sort_tracker.py:100 | Updated track 17 with truck at (409.2, 94.2)
2025-08-25 09:46:35 | RSUFusion.Track | DEBUG    | sort_tracker.py:100 | Updated track 19 with car at (411.6, 178.3)
2025-08-25 09:46:35 | RSUFusion.Track | DEBUG    | sort_tracker.py:100 | Updated track 14 with car at (472.8, 99.2)
2025-08-25 09:46:35 | RSUFusion.Track | DEBUG    | sort_tracker.py:100 | Updated track 18 with car at (435.2, 95.5)
2025-08-25 09:46:35 | RSUFusion.Track | DEBUG    | sort_tracker.py:100 | Updated track 17 with truck at (409.2, 94.2)
2025-08-25 09:46:35 | RSUFusion.VisualizationProcess | DEBUG    | run_phase1.py:346 | Visualization: 50.0 FPS
2025-08-25 09:46:35 | RSUFusion.Track | DEBUG    | sort_tracker.py:100 | Updated track 19 with car at (411.6, 178.3)
2025-08-25 09:46:35 | RSUFusion.Track | DEBUG    | sort_tracker.py:100 | Updated track 14 with car at (472.8, 99.1)
2025-08-25 09:46:35 | RSUFusion.Track | DEBUG    | sort_tracker.py:100 | Updated track 18 with car at (435.2, 95.4)
2025-08-25 09:46:35 | RSUFusion.Track | DEBUG    | sort_tracker.py:100 | Updated track 17 with truck at (409.2, 94.2)
2025-08-25 09:46:35 | RSUFusion.YOLODetector | DEBUG    | yolo_detector.py:155 | Detection performance: 57.2 FPS, 4 objects detected
2025-08-25 09:46:35 | RSUFusion.DetectionProcess | DEBUG    | run_phase1.py:198 | Detection: 55.5 FPS, 3888 detections processed
2025-08-25 09:46:35 | RSUFusion.Track | DEBUG    | sort_tracker.py:100 | Updated track 19 with car at (411.6, 178.3)
2025-08-25 09:46:35 | RSUFusion.Track | DEBUG    | sort_tracker.py:100 | Updated track 14 with car at (472.8, 99.1)
2025-08-25 09:46:35 | RSUFusion.Track | DEBUG    | sort_tracker.py:100 | Updated track 18 with car at (435.2, 95.4)
2025-08-25 09:46:35 | RSUFusion.Track | DEBUG    | sort_tracker.py:100 | Updated track 17 with truck at (409.2, 94.3)
2025-08-25 09:46:35 | RSUFusion.SORTTracker | DEBUG    | sort_tracker.py:208 | SORT performance: 1.1ms/frame, 4 confirmed tracks
2025-08-25 09:46:35 | RSUFusion.TrackingProcess | DEBUG    | run_phase1.py:268 | Tracking: 4 confirmed tracks
2025-08-25 09:46:35 | RSUFusion.Track | DEBUG    | sort_tracker.py:100 | Updated track 19 with car at (411.6, 178.3)
2025-08-25 09:46:35 | RSUFusion.Track | DEBUG    | sort_tracker.py:100 | Updated track 14 with car at (472.8, 99.1)
2025-08-25 09:46:35 | RSUFusion.Track | DEBUG    | sort_tracker.py:100 | Updated track 18 with car at (435.1, 95.5)
2025-08-25 09:46:35 | RSUFusion.Track | DEBUG    | sort_tracker.py:100 | Updated track 17 with truck at (409.2, 94.2)
2025-08-25 09:46:36 | RSUFusion.Track | DEBUG    | sort_tracker.py:100 | Updated track 19 with car at (411.6, 178.3)
2025-08-25 09:46:36 | RSUFusion.Track | DEBUG    | sort_tracker.py:100 | Updated track 14 with car at (472.9, 99.2)
2025-08-25 09:46:36 | RSUFusion.Track | DEBUG    | sort_tracker.py:100 | Updated track 18 with car at (435.2, 95.5)
2025-08-25 09:46:36 | RSUFusion.Track | DEBUG    | sort_tracker.py:100 | Updated track 19 with car at (411.6, 178.3)
2025-08-25 09:46:36 | RSUFusion.Track | DEBUG    | sort_tracker.py:100 | Updated track 14 with car at (472.9, 99.1)
2025-08-25 09:46:36 | RSUFusion.Track | DEBUG    | sort_tracker.py:100 | Updated track 18 with car at (435.3, 95.6)
2025-08-25 09:46:36 | RSUFusion.Track | DEBUG    | sort_tracker.py:100 | Updated track 17 with truck at (409.3, 94.2)
2025-08-25 09:46:36 | RSUFusion.VisualizationProcess | DEBUG    | run_phase1.py:346 | Visualization: 53.1 FPS
2025-08-25 09:46:36 | RSUFusion.VisualizationProcess | DEBUG    | run_phase1.py:323 | Updated image (consumed 1 frames)
2025-08-25 09:46:36 | RSUFusion.Track | DEBUG    | sort_tracker.py:100 | Updated track 19 with car at (411.6, 178.4)
2025-08-25 09:46:36 | RSUFusion.Track | DEBUG    | sort_tracker.py:100 | Updated track 14 with car at (473.0, 99.2)
2025-08-25 09:46:36 | RSUFusion.Track | DEBUG    | sort_tracker.py:100 | Updated track 18 with car at (435.1, 95.6)
2025-08-25 09:46:36 | RSUFusion.Track | DEBUG    | sort_tracker.py:100 | Updated track 17 with truck at (409.3, 94.2)
2025-08-25 09:46:36 | RSUFusion.Track | DEBUG    | sort_tracker.py:100 | Updated track 19 with car at (411.6, 178.3)
2025-08-25 09:46:36 | RSUFusion.Track | DEBUG    | sort_tracker.py:100 | Updated track 14 with car at (473.0, 99.2)
2025-08-25 09:46:36 | RSUFusion.Track | DEBUG    | sort_tracker.py:100 | Updated track 17 with truck at (409.2, 94.2)
2025-08-25 09:46:36 | RSUFusion.Track | DEBUG    | sort_tracker.py:100 | Updated track 18 with car at (435.1, 95.5)
2025-08-25 09:46:36 | RSUFusion.Track | DEBUG    | sort_tracker.py:100 | Updated track 19 with car at (411.6, 178.3)
2025-08-25 09:46:36 | RSUFusion.Track | DEBUG    | sort_tracker.py:100 | Updated track 14 with car at (472.8, 99.1)
2025-08-25 09:46:36 | RSUFusion.Track | DEBUG    | sort_tracker.py:100 | Updated track 18 with car at (435.1, 95.5)
2025-08-25 09:46:36 | RSUFusion.Track | DEBUG    | sort_tracker.py:100 | Updated track 17 with truck at (409.2, 94.2)
2025-08-25 09:46:36 | RSUFusion.Track | DEBUG    | sort_tracker.py:100 | Updated track 19 with car at (411.6, 178.3)
2025-08-25 09:46:36 | RSUFusion.Track | DEBUG    | sort_tracker.py:100 | Updated track 14 with car at (472.8, 99.1)
2025-08-25 09:46:36 | RSUFusion.Track | DEBUG    | sort_tracker.py:100 | Updated track 18 with car at (435.2, 95.4)
2025-08-25 09:46:36 | RSUFusion.Track | DEBUG    | sort_tracker.py:100 | Updated track 17 with truck at (409.2, 94.2)
2025-08-25 09:46:36 | RSUFusion.Track | DEBUG    | sort_tracker.py:100 | Updated track 19 with car at (411.6, 178.3)
2025-08-25 09:46:36 | RSUFusion.Track | DEBUG    | sort_tracker.py:100 | Updated track 14 with car at (472.8, 99.1)
2025-08-25 09:46:36 | RSUFusion.Track | DEBUG    | sort_tracker.py:100 | Updated track 18 with car at (435.2, 95.4)
2025-08-25 09:46:36 | RSUFusion.Track | DEBUG    | sort_tracker.py:100 | Updated track 17 with truck at (409.1, 94.3)
2025-08-25 09:46:36 | RSUFusion.Track | DEBUG    | sort_tracker.py:100 | Updated track 19 with car at (411.6, 178.3)
2025-08-25 09:46:36 | RSUFusion.Track | DEBUG    | sort_tracker.py:100 | Updated track 14 with car at (472.7, 99.1)
2025-08-25 09:46:36 | RSUFusion.Track | DEBUG    | sort_tracker.py:100 | Updated track 18 with car at (435.1, 95.4)
2025-08-25 09:46:36 | RSUFusion.Track | DEBUG    | sort_tracker.py:100 | Updated track 17 with truck at (409.2, 94.2)
2025-08-25 09:46:36 | RSUFusion.VisualizationProcess | DEBUG    | run_phase1.py:346 | Visualization: 51.2 FPS
2025-08-25 09:46:36 | RSUFusion.Track | DEBUG    | sort_tracker.py:100 | Updated track 19 with car at (411.6, 178.3)
2025-08-25 09:46:36 | RSUFusion.Track | DEBUG    | sort_tracker.py:100 | Updated track 14 with car at (472.9, 99.0)
2025-08-25 09:46:36 | RSUFusion.Track | DEBUG    | sort_tracker.py:100 | Updated track 18 with car at (435.2, 95.3)
2025-08-25 09:46:36 | RSUFusion.Track | DEBUG    | sort_tracker.py:100 | Updated track 17 with truck at (409.3, 94.2)
2025-08-25 09:46:37 | RSUFusion.Track | DEBUG    | sort_tracker.py:100 | Updated track 19 with car at (411.6, 178.4)
2025-08-25 09:46:37 | RSUFusion.Track | DEBUG    | sort_tracker.py:100 | Updated track 14 with car at (472.9, 99.1)
2025-08-25 09:46:37 | RSUFusion.Track | DEBUG    | sort_tracker.py:100 | Updated track 18 with car at (435.2, 95.5)
2025-08-25 09:46:37 | RSUFusion.Track | DEBUG    | sort_tracker.py:100 | Updated track 17 with truck at (409.2, 94.2)
2025-08-25 09:46:37 | RSUFusion.Track | DEBUG    | sort_tracker.py:100 | Updated track 19 with car at (411.6, 178.4)
2025-08-25 09:46:37 | RSUFusion.Track | DEBUG    | sort_tracker.py:100 | Updated track 14 with car at (472.9, 99.1)
2025-08-25 09:46:37 | RSUFusion.Track | DEBUG    | sort_tracker.py:100 | Updated track 18 with car at (435.2, 95.5)
2025-08-25 09:46:37 | RSUFusion.Track | DEBUG    | sort_tracker.py:100 | Updated track 17 with truck at (409.3, 94.2)
2025-08-25 09:46:37 | RSUFusion.Track | DEBUG    | sort_tracker.py:100 | Updated track 19 with car at (411.6, 178.4)
2025-08-25 09:46:37 | RSUFusion.Track | DEBUG    | sort_tracker.py:100 | Updated track 14 with car at (473.0, 99.2)
2025-08-25 09:46:37 | RSUFusion.Track | DEBUG    | sort_tracker.py:100 | Updated track 17 with truck at (409.2, 94.2)
2025-08-25 09:46:37 | RSUFusion.Track | DEBUG    | sort_tracker.py:100 | Updated track 18 with car at (435.2, 95.5)
2025-08-25 09:46:37 | RSUFusion.Track | DEBUG    | sort_tracker.py:100 | Updated track 19 with car at (411.6, 178.3)
2025-08-25 09:46:37 | RSUFusion.Track | DEBUG    | sort_tracker.py:100 | Updated track 14 with car at (472.8, 99.1)
2025-08-25 09:46:37 | RSUFusion.Track | DEBUG    | sort_tracker.py:100 | Updated track 18 with car at (435.2, 95.5)
2025-08-25 09:46:37 | RSUFusion.Track | DEBUG    | sort_tracker.py:100 | Updated track 17 with truck at (409.2, 94.2)
2025-08-25 09:46:37 | RSUFusion.CameraProcess | DEBUG    | run_phase1.py:146 | Ambulance speed: 0.0 km/h
2025-08-25 09:46:37 | RSUFusion.VisualizationProcess | DEBUG    | run_phase1.py:346 | Visualization: 52.0 FPS
2025-08-25 09:46:37 | RSUFusion.Track | DEBUG    | sort_tracker.py:100 | Updated track 19 with car at (411.6, 178.3)
2025-08-25 09:46:37 | RSUFusion.Track | DEBUG    | sort_tracker.py:100 | Updated track 14 with car at (472.8, 99.1)
2025-08-25 09:46:37 | RSUFusion.Track | DEBUG    | sort_tracker.py:100 | Updated track 18 with car at (435.2, 95.4)
2025-08-25 09:46:37 | RSUFusion.Track | DEBUG    | sort_tracker.py:100 | Updated track 17 with truck at (409.2, 94.2)
2025-08-25 09:46:37 | RSUFusion.Track | DEBUG    | sort_tracker.py:100 | Updated track 19 with car at (411.6, 178.3)
2025-08-25 09:46:37 | RSUFusion.Track | DEBUG    | sort_tracker.py:100 | Updated track 14 with car at (472.8, 99.2)
2025-08-25 09:46:37 | RSUFusion.Track | DEBUG    | sort_tracker.py:100 | Updated track 18 with car at (435.2, 95.5)
2025-08-25 09:46:37 | RSUFusion.Track | DEBUG    | sort_tracker.py:100 | Updated track 17 with truck at (409.2, 94.3)
2025-08-25 09:46:37 | RSUFusion.Track | DEBUG    | sort_tracker.py:100 | Updated track 19 with car at (411.6, 178.3)
2025-08-25 09:46:37 | RSUFusion.Track | DEBUG    | sort_tracker.py:100 | Updated track 14 with car at (472.8, 99.2)
2025-08-25 09:46:37 | RSUFusion.Track | DEBUG    | sort_tracker.py:100 | Updated track 18 with car at (435.2, 95.4)
2025-08-25 09:46:37 | RSUFusion.Track | DEBUG    | sort_tracker.py:100 | Updated track 17 with truck at (409.2, 94.2)
2025-08-25 09:46:37 | RSUFusion.Track | DEBUG    | sort_tracker.py:100 | Updated track 19 with car at (411.6, 178.3)
2025-08-25 09:46:37 | RSUFusion.Track | DEBUG    | sort_tracker.py:100 | Updated track 14 with car at (473.0, 99.2)
2025-08-25 09:46:37 | RSUFusion.Track | DEBUG    | sort_tracker.py:100 | Updated track 18 with car at (435.2, 95.3)
2025-08-25 09:46:37 | RSUFusion.Track | DEBUG    | sort_tracker.py:100 | Updated track 17 with truck at (409.3, 94.2)
2025-08-25 09:46:37 | RSUFusion.Track | DEBUG    | sort_tracker.py:100 | Updated track 19 with car at (411.6, 178.3)
2025-08-25 09:46:37 | RSUFusion.Track | DEBUG    | sort_tracker.py:100 | Updated track 14 with car at (472.9, 99.1)
2025-08-25 09:46:37 | RSUFusion.Track | DEBUG    | sort_tracker.py:100 | Updated track 18 with car at (435.2, 95.4)
2025-08-25 09:46:37 | RSUFusion.Track | DEBUG    | sort_tracker.py:100 | Updated track 17 with truck at (409.3, 94.2)
2025-08-25 09:46:37 | RSUFusion.Track | DEBUG    | sort_tracker.py:100 | Updated track 19 with car at (411.6, 178.4)
2025-08-25 09:46:37 | RSUFusion.Track | DEBUG    | sort_tracker.py:100 | Updated track 14 with car at (472.9, 99.2)
2025-08-25 09:46:37 | RSUFusion.Track | DEBUG    | sort_tracker.py:100 | Updated track 18 with car at (435.2, 95.4)
2025-08-25 09:46:37 | RSUFusion.Track | DEBUG    | sort_tracker.py:100 | Updated track 17 with truck at (409.3, 94.2)
2025-08-25 09:46:37 | RSUFusion.VisualizationProcess | DEBUG    | run_phase1.py:346 | Visualization: 51.1 FPS
2025-08-25 09:46:38 | RSUFusion.Track | DEBUG    | sort_tracker.py:100 | Updated track 19 with car at (411.6, 178.4)
2025-08-25 09:46:38 | RSUFusion.Track | DEBUG    | sort_tracker.py:100 | Updated track 14 with car at (473.0, 99.2)
2025-08-25 09:46:38 | RSUFusion.Track | DEBUG    | sort_tracker.py:100 | Updated track 17 with truck at (409.2, 94.2)
2025-08-25 09:46:38 | RSUFusion.Track | DEBUG    | sort_tracker.py:100 | Updated track 18 with car at (435.2, 95.4)
2025-08-25 09:46:38 | RSUFusion.Track | DEBUG    | sort_tracker.py:100 | Updated track 19 with car at (411.6, 178.3)
2025-08-25 09:46:38 | RSUFusion.Track | DEBUG    | sort_tracker.py:100 | Updated track 14 with car at (472.8, 99.2)
2025-08-25 09:46:38 | RSUFusion.Track | DEBUG    | sort_tracker.py:100 | Updated track 18 with car at (435.2, 95.4)
2025-08-25 09:46:38 | RSUFusion.Track | DEBUG    | sort_tracker.py:100 | Updated track 17 with truck at (409.2, 94.2)
2025-08-25 09:46:38 | RSUFusion.Phase1System | INFO     | run_phase1.py:398 | === System Performance Stats ===
2025-08-25 09:46:38 | RSUFusion.Phase1System | INFO     | run_phase1.py:408 | Visualization: 51.1 FPS
2025-08-25 09:46:38 | RSUFusion.Phase1System | INFO     | run_phase1.py:402 | Detection: 55.5 FPS
2025-08-25 09:46:38 | RSUFusion.Phase1System | INFO     | run_phase1.py:406 | Tracking: 4/4 tracks
2025-08-25 09:46:38 | RSUFusion.Phase1System | INFO     | run_phase1.py:411 | Queue sizes - Detection Images: 0, Visualization Images: 0, Detections: 0, Tracking: 0
2025-08-25 09:46:38 | RSUFusion.Track | DEBUG    | sort_tracker.py:100 | Updated track 19 with car at (411.6, 178.3)
2025-08-25 09:46:38 | RSUFusion.Track | DEBUG    | sort_tracker.py:100 | Updated track 14 with car at (472.8, 99.1)
2025-08-25 09:46:38 | RSUFusion.Track | DEBUG    | sort_tracker.py:100 | Updated track 18 with car at (435.2, 95.5)
2025-08-25 09:46:38 | RSUFusion.Track | DEBUG    | sort_tracker.py:100 | Updated track 17 with truck at (409.2, 94.2)
2025-08-25 09:46:38 | RSUFusion.Track | DEBUG    | sort_tracker.py:100 | Updated track 19 with car at (411.6, 178.3)
2025-08-25 09:46:38 | RSUFusion.Track | DEBUG    | sort_tracker.py:100 | Updated track 14 with car at (472.8, 99.1)
2025-08-25 09:46:38 | RSUFusion.Track | DEBUG    | sort_tracker.py:100 | Updated track 17 with truck at (409.2, 94.3)
2025-08-25 09:46:38 | RSUFusion.Track | DEBUG    | sort_tracker.py:100 | Updated track 18 with car at (435.2, 95.4)
2025-08-25 09:46:38 | RSUFusion.Track | DEBUG    | sort_tracker.py:100 | Updated track 19 with car at (411.6, 178.3)
2025-08-25 09:46:38 | RSUFusion.Track | DEBUG    | sort_tracker.py:100 | Updated track 14 with car at (472.8, 99.2)
2025-08-25 09:46:38 | RSUFusion.Track | DEBUG    | sort_tracker.py:100 | Updated track 18 with car at (435.1, 95.5)
2025-08-25 09:46:38 | RSUFusion.Track | DEBUG    | sort_tracker.py:100 | Updated track 17 with truck at (409.2, 94.2)
2025-08-25 09:46:38 | RSUFusion.VisualizationProcess | DEBUG    | run_phase1.py:346 | Visualization: 50.0 FPS
2025-08-25 09:46:38 | RSUFusion.Track | DEBUG    | sort_tracker.py:100 | Updated track 19 with car at (411.6, 178.4)
2025-08-25 09:46:38 | RSUFusion.Track | DEBUG    | sort_tracker.py:100 | Updated track 14 with car at (472.9, 99.1)
2025-08-25 09:46:38 | RSUFusion.Track | DEBUG    | sort_tracker.py:100 | Updated track 18 with car at (435.2, 95.3)
2025-08-25 09:46:38 | RSUFusion.Track | DEBUG    | sort_tracker.py:100 | Updated track 17 with truck at (409.2, 94.2)
2025-08-25 09:46:38 | RSUFusion.Track | DEBUG    | sort_tracker.py:100 | Updated track 19 with car at (411.6, 178.5)
2025-08-25 09:46:38 | RSUFusion.Track | DEBUG    | sort_tracker.py:100 | Updated track 14 with car at (472.9, 99.1)
2025-08-25 09:46:38 | RSUFusion.Track | DEBUG    | sort_tracker.py:100 | Updated track 18 with car at (435.2, 95.4)
2025-08-25 09:46:38 | RSUFusion.Track | DEBUG    | sort_tracker.py:100 | Updated track 17 with truck at (409.3, 94.2)
2025-08-25 09:46:38 | RSUFusion.Track | DEBUG    | sort_tracker.py:100 | Updated track 19 with car at (411.5, 178.6)
2025-08-25 09:46:38 | RSUFusion.Track | DEBUG    | sort_tracker.py:100 | Updated track 14 with car at (472.9, 99.2)
2025-08-25 09:46:38 | RSUFusion.Track | DEBUG    | sort_tracker.py:100 | Updated track 18 with car at (435.2, 95.4)
2025-08-25 09:46:38 | RSUFusion.Track | DEBUG    | sort_tracker.py:100 | Updated track 17 with truck at (409.3, 94.2)
2025-08-25 09:46:38 | RSUFusion.Track | DEBUG    | sort_tracker.py:100 | Updated track 19 with car at (411.4, 179.4)
2025-08-25 09:46:38 | RSUFusion.Track | DEBUG    | sort_tracker.py:100 | Updated track 14 with car at (473.0, 99.2)
2025-08-25 09:46:38 | RSUFusion.Track | DEBUG    | sort_tracker.py:100 | Updated track 17 with truck at (409.2, 94.2)
2025-08-25 09:46:38 | RSUFusion.Track | DEBUG    | sort_tracker.py:100 | Updated track 18 with car at (435.2, 95.4)
2025-08-25 09:46:39 | RSUFusion.YOLODetector | DEBUG    | yolo_detector.py:155 | Detection performance: 49.9 FPS, 4 objects detected
2025-08-25 09:46:39 | RSUFusion.DetectionProcess | DEBUG    | run_phase1.py:198 | Detection: 53.5 FPS, 4007 detections processed
2025-08-25 09:46:39 | RSUFusion.Track | DEBUG    | sort_tracker.py:100 | Updated track 19 with car at (411.2, 179.7)
2025-08-25 09:46:39 | RSUFusion.Track | DEBUG    | sort_tracker.py:100 | Updated track 14 with car at (472.8, 99.2)
2025-08-25 09:46:39 | RSUFusion.Track | DEBUG    | sort_tracker.py:100 | Updated track 18 with car at (435.2, 95.5)
2025-08-25 09:46:39 | RSUFusion.Track | DEBUG    | sort_tracker.py:100 | Updated track 17 with truck at (409.2, 94.2)
2025-08-25 09:46:39 | RSUFusion.SORTTracker | DEBUG    | sort_tracker.py:208 | SORT performance: 1.1ms/frame, 4 confirmed tracks
2025-08-25 09:46:39 | RSUFusion.TrackingProcess | DEBUG    | run_phase1.py:268 | Tracking: 4 confirmed tracks
2025-08-25 09:46:39 | RSUFusion.Track | DEBUG    | sort_tracker.py:100 | Updated track 19 with car at (410.9, 180.7)
2025-08-25 09:46:39 | RSUFusion.Track | DEBUG    | sort_tracker.py:100 | Updated track 14 with car at (472.8, 99.1)
2025-08-25 09:46:39 | RSUFusion.Track | DEBUG    | sort_tracker.py:100 | Updated track 18 with car at (435.2, 95.3)
2025-08-25 09:46:39 | RSUFusion.Track | DEBUG    | sort_tracker.py:100 | Updated track 17 with truck at (409.2, 94.2)
2025-08-25 09:46:39 | RSUFusion.VisualizationProcess | DEBUG    | run_phase1.py:346 | Visualization: 51.7 FPS
2025-08-25 09:46:39 | RSUFusion.Track | DEBUG    | sort_tracker.py:100 | Updated track 19 with car at (409.6, 181.9)
2025-08-25 09:46:39 | RSUFusion.Track | DEBUG    | sort_tracker.py:100 | Updated track 14 with car at (472.8, 99.1)
2025-08-25 09:46:39 | RSUFusion.Track | DEBUG    | sort_tracker.py:100 | Updated track 18 with car at (435.2, 95.4)
2025-08-25 09:46:39 | RSUFusion.Track | DEBUG    | sort_tracker.py:100 | Updated track 19 with car at (409.2, 182.9)
2025-08-25 09:46:39 | RSUFusion.Track | DEBUG    | sort_tracker.py:100 | Updated track 14 with car at (472.7, 99.1)
2025-08-25 09:46:39 | RSUFusion.Track | DEBUG    | sort_tracker.py:100 | Updated track 18 with car at (435.2, 95.3)
2025-08-25 09:46:39 | RSUFusion.Track | DEBUG    | sort_tracker.py:100 | Updated track 17 with truck at (409.2, 94.2)
2025-08-25 09:46:39 | RSUFusion.Track | DEBUG    | sort_tracker.py:100 | Updated track 19 with car at (409.0, 184.8)
2025-08-25 09:46:39 | RSUFusion.Track | DEBUG    | sort_tracker.py:100 | Updated track 14 with car at (472.9, 99.0)
2025-08-25 09:46:39 | RSUFusion.Track | DEBUG    | sort_tracker.py:100 | Updated track 18 with car at (435.3, 95.3)
2025-08-25 09:46:39 | RSUFusion.Track | DEBUG    | sort_tracker.py:100 | Updated track 19 with car at (408.1, 186.4)
2025-08-25 09:46:39 | RSUFusion.Track | DEBUG    | sort_tracker.py:100 | Updated track 14 with car at (472.8, 99.1)
2025-08-25 09:46:39 | RSUFusion.Track | DEBUG    | sort_tracker.py:100 | Updated track 18 with car at (435.3, 95.5)
2025-08-25 09:46:39 | RSUFusion.Track | DEBUG    | sort_tracker.py:100 | Updated track 19 with car at (406.5, 187.9)
2025-08-25 09:46:39 | RSUFusion.Track | DEBUG    | sort_tracker.py:100 | Updated track 14 with car at (472.8, 99.1)
2025-08-25 09:46:39 | RSUFusion.Track | DEBUG    | sort_tracker.py:100 | Updated track 18 with car at (435.1, 95.6)
2025-08-25 09:46:39 | RSUFusion.VisualizationProcess | DEBUG    | run_phase1.py:346 | Visualization: 52.0 FPS
2025-08-25 09:46:39 | RSUFusion.Track | DEBUG    | sort_tracker.py:100 | Updated track 19 with car at (404.8, 189.8)
2025-08-25 09:46:39 | RSUFusion.Track | DEBUG    | sort_tracker.py:100 | Updated track 14 with car at (472.9, 99.0)
2025-08-25 09:46:39 | RSUFusion.Track | DEBUG    | sort_tracker.py:100 | Updated track 18 with car at (435.1, 95.6)
2025-08-25 09:46:39 | RSUFusion.Track | DEBUG    | sort_tracker.py:100 | Updated track 17 with truck at (409.2, 94.2)
2025-08-25 09:46:39 | RSUFusion.Track | DEBUG    | sort_tracker.py:100 | Updated track 19 with car at (404.4, 190.1)
2025-08-25 09:46:39 | RSUFusion.Track | DEBUG    | sort_tracker.py:100 | Updated track 14 with car at (472.8, 99.1)
2025-08-25 09:46:39 | RSUFusion.Track | DEBUG    | sort_tracker.py:100 | Updated track 18 with car at (435.2, 95.5)
2025-08-25 09:46:39 | RSUFusion.Track | DEBUG    | sort_tracker.py:100 | Updated track 19 with car at (404.3, 191.7)
2025-08-25 09:46:39 | RSUFusion.Track | DEBUG    | sort_tracker.py:100 | Updated track 14 with car at (472.8, 99.1)
2025-08-25 09:46:39 | RSUFusion.Track | DEBUG    | sort_tracker.py:100 | Updated track 18 with car at (435.2, 95.5)
2025-08-25 09:46:40 | RSUFusion.Track | DEBUG    | sort_tracker.py:100 | Updated track 19 with car at (404.0, 193.0)
2025-08-25 09:46:40 | RSUFusion.Track | DEBUG    | sort_tracker.py:100 | Updated track 14 with car at (472.8, 99.0)
2025-08-25 09:46:40 | RSUFusion.Track | DEBUG    | sort_tracker.py:100 | Updated track 18 with car at (435.2, 95.3)
2025-08-25 09:46:40 | RSUFusion.Track | DEBUG    | sort_tracker.py:100 | Updated track 19 with car at (403.8, 193.7)
2025-08-25 09:46:40 | RSUFusion.Track | DEBUG    | sort_tracker.py:100 | Updated track 14 with car at (472.7, 99.1)
2025-08-25 09:46:40 | RSUFusion.Track | DEBUG    | sort_tracker.py:100 | Updated track 18 with car at (435.2, 95.5)
2025-08-25 09:46:40 | RSUFusion.Track | DEBUG    | sort_tracker.py:100 | Updated track 19 with car at (403.4, 195.8)
2025-08-25 09:46:40 | RSUFusion.Track | DEBUG    | sort_tracker.py:100 | Updated track 14 with car at (472.9, 99.0)
2025-08-25 09:46:40 | RSUFusion.Track | DEBUG    | sort_tracker.py:100 | Updated track 18 with car at (435.2, 95.4)
2025-08-25 09:46:40 | RSUFusion.VisualizationProcess | DEBUG    | run_phase1.py:346 | Visualization: 51.1 FPS
2025-08-25 09:46:40 | RSUFusion.Track | DEBUG    | sort_tracker.py:100 | Updated track 19 with car at (402.7, 198.5)
2025-08-25 09:46:40 | RSUFusion.Track | DEBUG    | sort_tracker.py:100 | Updated track 14 with car at (472.9, 99.1)
2025-08-25 09:46:40 | RSUFusion.Track | DEBUG    | sort_tracker.py:100 | Updated track 18 with car at (435.3, 95.5)
2025-08-25 09:46:40 | RSUFusion.Track | DEBUG    | sort_tracker.py:100 | Updated track 19 with car at (402.9, 199.6)
2025-08-25 09:46:40 | RSUFusion.Track | DEBUG    | sort_tracker.py:100 | Updated track 14 with car at (472.9, 99.1)
2025-08-25 09:46:40 | RSUFusion.Track | DEBUG    | sort_tracker.py:100 | Updated track 18 with car at (435.2, 95.6)
2025-08-25 09:46:40 | RSUFusion.CameraProcess | DEBUG    | run_phase1.py:146 | Ambulance speed: 0.0 km/h
2025-08-25 09:46:40 | RSUFusion.Track | DEBUG    | sort_tracker.py:100 | Updated track 19 with car at (402.8, 202.2)
2025-08-25 09:46:40 | RSUFusion.Track | DEBUG    | sort_tracker.py:100 | Updated track 14 with car at (472.9, 99.1)
2025-08-25 09:46:40 | RSUFusion.Track | DEBUG    | sort_tracker.py:100 | Updated track 18 with car at (435.2, 95.4)
2025-08-25 09:46:40 | RSUFusion.Track | DEBUG    | sort_tracker.py:100 | Updated track 17 with truck at (409.2, 94.2)
2025-08-25 09:46:40 | RSUFusion.Track | DEBUG    | sort_tracker.py:100 | Updated track 19 with car at (403.0, 204.0)
2025-08-25 09:46:40 | RSUFusion.Track | DEBUG    | sort_tracker.py:100 | Updated track 14 with car at (472.8, 99.1)
2025-08-25 09:46:40 | RSUFusion.Track | DEBUG    | sort_tracker.py:100 | Updated track 18 with car at (435.2, 95.5)
2025-08-25 09:46:40 | RSUFusion.Track | DEBUG    | sort_tracker.py:100 | Updated track 19 with car at (403.2, 205.5)
2025-08-25 09:46:40 | RSUFusion.Track | DEBUG    | sort_tracker.py:100 | Updated track 14 with car at (472.8, 99.0)
2025-08-25 09:46:40 | RSUFusion.Track | DEBUG    | sort_tracker.py:100 | Updated track 18 with car at (435.2, 95.3)
2025-08-25 09:46:40 | RSUFusion.Track | DEBUG    | sort_tracker.py:100 | Updated track 19 with car at (402.3, 208.6)
2025-08-25 09:46:40 | RSUFusion.Track | DEBUG    | sort_tracker.py:100 | Updated track 14 with car at (472.8, 99.0)
2025-08-25 09:46:40 | RSUFusion.Track | DEBUG    | sort_tracker.py:100 | Updated track 18 with car at (435.2, 95.3)
2025-08-25 09:46:40 | RSUFusion.Track | DEBUG    | sort_tracker.py:100 | Updated track 17 with truck at (409.2, 94.3)
2025-08-25 09:46:41 | RSUFusion.VisualizationProcess | DEBUG    | run_phase1.py:346 | Visualization: 45.3 FPS
2025-08-25 09:46:41 | RSUFusion.Track | DEBUG    | sort_tracker.py:100 | Updated track 19 with car at (403.4, 210.2)
2025-08-25 09:46:41 | RSUFusion.Track | DEBUG    | sort_tracker.py:100 | Updated track 14 with car at (472.7, 99.1)
2025-08-25 09:46:41 | RSUFusion.Track | DEBUG    | sort_tracker.py:100 | Updated track 18 with car at (435.2, 95.3)
2025-08-25 09:46:41 | RSUFusion.Track | DEBUG    | sort_tracker.py:100 | Updated track 14 with car at (472.9, 99.1)
2025-08-25 09:46:41 | RSUFusion.Track | DEBUG    | sort_tracker.py:100 | Updated track 19 with car at (405.1, 213.2)
2025-08-25 09:46:41 | RSUFusion.Track | DEBUG    | sort_tracker.py:100 | Updated track 18 with car at (435.3, 95.3)
2025-08-25 09:46:41 | RSUFusion.Track | DEBUG    | sort_tracker.py:100 | Updated track 14 with car at (472.8, 99.1)
2025-08-25 09:46:41 | RSUFusion.Track | DEBUG    | sort_tracker.py:100 | Updated track 19 with car at (405.2, 215.1)
2025-08-25 09:46:41 | RSUFusion.Track | DEBUG    | sort_tracker.py:100 | Updated track 18 with car at (435.3, 95.5)
2025-08-25 09:46:41 | RSUFusion.Track | DEBUG    | sort_tracker.py:100 | Updated track 14 with car at (472.8, 99.1)
2025-08-25 09:46:41 | RSUFusion.Track | DEBUG    | sort_tracker.py:100 | Updated track 19 with car at (406.1, 217.2)
2025-08-25 09:46:41 | RSUFusion.Track | DEBUG    | sort_tracker.py:100 | Updated track 18 with car at (435.3, 95.4)
2025-08-25 09:46:41 | RSUFusion.Track | DEBUG    | sort_tracker.py:100 | Updated track 17 with truck at (409.3, 94.2)
2025-08-25 09:46:41 | RSUFusion.Track | DEBUG    | sort_tracker.py:100 | Updated track 14 with car at (472.9, 99.2)
2025-08-25 09:46:41 | RSUFusion.Track | DEBUG    | sort_tracker.py:100 | Updated track 19 with car at (406.8, 220.5)
2025-08-25 09:46:41 | RSUFusion.Track | DEBUG    | sort_tracker.py:100 | Updated track 18 with car at (435.2, 95.5)
2025-08-25 09:46:41 | RSUFusion.Track | DEBUG    | sort_tracker.py:100 | Updated track 19 with car at (408.0, 223.4)
2025-08-25 09:46:41 | RSUFusion.Track | DEBUG    | sort_tracker.py:100 | Updated track 14 with car at (472.8, 99.2)
2025-08-25 09:46:41 | RSUFusion.Track | DEBUG    | sort_tracker.py:100 | Updated track 18 with car at (435.2, 95.4)
2025-08-25 09:46:41 | RSUFusion.VisualizationProcess | DEBUG    | run_phase1.py:346 | Visualization: 46.7 FPS
2025-08-25 09:46:41 | RSUFusion.Track | DEBUG    | sort_tracker.py:100 | Updated track 14 with car at (472.7, 99.1)
2025-08-25 09:46:41 | RSUFusion.Track | DEBUG    | sort_tracker.py:100 | Updated track 19 with car at (410.7, 228.4)
2025-08-25 09:46:41 | RSUFusion.Track | DEBUG    | sort_tracker.py:100 | Updated track 18 with car at (435.3, 95.4)
2025-08-25 09:46:41 | RSUFusion.Track | DEBUG    | sort_tracker.py:100 | Updated track 14 with car at (472.8, 99.1)
2025-08-25 09:46:41 | RSUFusion.Track | DEBUG    | sort_tracker.py:100 | Updated track 19 with car at (412.9, 231.9)
2025-08-25 09:46:41 | RSUFusion.Track | DEBUG    | sort_tracker.py:100 | Updated track 18 with car at (435.2, 95.3)
2025-08-25 09:46:41 | RSUFusion.Track | DEBUG    | sort_tracker.py:100 | Updated track 19 with car at (415.8, 234.4)
2025-08-25 09:46:41 | RSUFusion.Track | DEBUG    | sort_tracker.py:100 | Updated track 14 with car at (472.7, 99.1)
2025-08-25 09:46:41 | RSUFusion.Track | DEBUG    | sort_tracker.py:100 | Updated track 18 with car at (435.2, 95.5)
2025-08-25 09:46:41 | RSUFusion.Track | DEBUG    | sort_tracker.py:100 | Updated track 14 with car at (472.9, 99.1)
2025-08-25 09:46:41 | RSUFusion.Track | DEBUG    | sort_tracker.py:100 | Updated track 19 with car at (418.8, 239.9)
2025-08-25 09:46:41 | RSUFusion.Track | DEBUG    | sort_tracker.py:100 | Updated track 18 with car at (435.2, 95.4)
2025-08-25 09:46:42 | RSUFusion.Track | DEBUG    | sort_tracker.py:100 | Updated track 19 with car at (423.2, 244.1)
2025-08-25 09:46:42 | RSUFusion.Track | DEBUG    | sort_tracker.py:100 | Updated track 14 with car at (472.8, 99.1)
2025-08-25 09:46:42 | RSUFusion.Track | DEBUG    | sort_tracker.py:100 | Updated track 18 with car at (435.3, 95.4)
2025-08-25 09:46:42 | RSUFusion.YOLODetector | DEBUG    | yolo_detector.py:155 | Detection performance: 57.9 FPS, 4 objects detected
2025-08-25 09:46:42 | RSUFusion.DetectionProcess | DEBUG    | run_phase1.py:198 | Detection: 53.9 FPS, 4104 detections processed
2025-08-25 09:46:42 | RSUFusion.Track | DEBUG    | sort_tracker.py:100 | Updated track 19 with car at (428.6, 250.2)
2025-08-25 09:46:42 | RSUFusion.Track | DEBUG    | sort_tracker.py:100 | Updated track 14 with car at (472.9, 99.2)
2025-08-25 09:46:42 | RSUFusion.Track | DEBUG    | sort_tracker.py:100 | Updated track 18 with car at (435.2, 95.6)
2025-08-25 09:46:42 | RSUFusion.KalmanFilter4D | DEBUG    | kalman_filter.py:88 | Kalman filter initialized at (706.1, 96.3)
2025-08-25 09:46:42 | RSUFusion.Track | DEBUG    | sort_tracker.py:51 | Created track 20 for car at (706.1, 96.3)
2025-08-25 09:46:42 | RSUFusion.SORTTracker | DEBUG    | sort_tracker.py:297 | Created new track 20 for car
2025-08-25 09:46:42 | RSUFusion.SORTTracker | DEBUG    | sort_tracker.py:208 | SORT performance: 0.9ms/frame, 4 confirmed tracks
2025-08-25 09:46:42 | RSUFusion.TrackingProcess | DEBUG    | run_phase1.py:268 | Tracking: 4 confirmed tracks
2025-08-25 09:46:42 | RSUFusion.Track | DEBUG    | sort_tracker.py:100 | Updated track 19 with car at (434.6, 256.5)
2025-08-25 09:46:42 | RSUFusion.Track | DEBUG    | sort_tracker.py:100 | Updated track 14 with car at (472.9, 99.2)
2025-08-25 09:46:42 | RSUFusion.Track | DEBUG    | sort_tracker.py:100 | Updated track 18 with car at (435.2, 95.4)
2025-08-25 09:46:42 | RSUFusion.VisualizationProcess | DEBUG    | run_phase1.py:346 | Visualization: 40.7 FPS
2025-08-25 09:46:42 | RSUFusion.Track | DEBUG    | sort_tracker.py:100 | Updated track 19 with car at (443.2, 263.5)
2025-08-25 09:46:42 | RSUFusion.Track | DEBUG    | sort_tracker.py:100 | Updated track 14 with car at (472.8, 99.3)
2025-08-25 09:46:42 | RSUFusion.Track | DEBUG    | sort_tracker.py:100 | Updated track 18 with car at (435.3, 95.4)
2025-08-25 09:46:42 | RSUFusion.Track | DEBUG    | sort_tracker.py:100 | Updated track 19 with car at (454.2, 271.3)
2025-08-25 09:46:42 | RSUFusion.Track | DEBUG    | sort_tracker.py:100 | Updated track 14 with car at (472.7, 99.2)
2025-08-25 09:46:42 | RSUFusion.Track | DEBUG    | sort_tracker.py:100 | Updated track 18 with car at (435.3, 95.4)
2025-08-25 09:46:42 | RSUFusion.Track | DEBUG    | sort_tracker.py:100 | Updated track 20 with car at (680.1, 96.1)
2025-08-25 09:46:42 | RSUFusion.Track | DEBUG    | sort_tracker.py:100 | Updated track 19 with car at (461.2, 277.8)
2025-08-25 09:46:42 | RSUFusion.Track | DEBUG    | sort_tracker.py:100 | Updated track 14 with car at (472.8, 99.3)
2025-08-25 09:46:42 | RSUFusion.Track | DEBUG    | sort_tracker.py:100 | Updated track 18 with car at (435.3, 95.5)
2025-08-25 09:46:42 | RSUFusion.Track | DEBUG    | sort_tracker.py:100 | Updated track 19 with car at (471.5, 284.5)
2025-08-25 09:46:42 | RSUFusion.Track | DEBUG    | sort_tracker.py:100 | Updated track 14 with car at (472.6, 99.2)
2025-08-25 09:46:42 | RSUFusion.Track | DEBUG    | sort_tracker.py:100 | Updated track 20 with car at (662.5, 95.6)
2025-08-25 09:46:42 | RSUFusion.Track | DEBUG    | sort_tracker.py:100 | Updated track 18 with car at (435.3, 95.5)
2025-08-25 09:46:42 | RSUFusion.Track | DEBUG    | sort_tracker.py:100 | Updated track 19 with car at (484.6, 292.9)
2025-08-25 09:46:42 | RSUFusion.Track | DEBUG    | sort_tracker.py:100 | Updated track 14 with car at (472.9, 99.2)
2025-08-25 09:46:42 | RSUFusion.Track | DEBUG    | sort_tracker.py:100 | Updated track 18 with car at (435.3, 95.3)
2025-08-25 09:46:42 | RSUFusion.Track | DEBUG    | sort_tracker.py:100 | Updated track 20 with car at (653.0, 95.8)
2025-08-25 09:46:42 | RSUFusion.Track | DEBUG    | sort_tracker.py:100 | Updated track 19 with car at (498.0, 300.9)
2025-08-25 09:46:42 | RSUFusion.Track | DEBUG    | sort_tracker.py:100 | Updated track 14 with car at (472.8, 99.1)
2025-08-25 09:46:42 | RSUFusion.Track | DEBUG    | sort_tracker.py:100 | Updated track 20 with car at (643.7, 95.7)
2025-08-25 09:46:42 | RSUFusion.Track | DEBUG    | sort_tracker.py:100 | Updated track 18 with car at (435.3, 95.4)
2025-08-25 09:46:43 | RSUFusion.Track | DEBUG    | sort_tracker.py:100 | Updated track 19 with car at (514.9, 310.2)
2025-08-25 09:46:43 | RSUFusion.Track | DEBUG    | sort_tracker.py:100 | Updated track 14 with car at (472.9, 99.2)
2025-08-25 09:46:43 | RSUFusion.Track | DEBUG    | sort_tracker.py:100 | Updated track 20 with car at (636.7, 96.3)
2025-08-25 09:46:43 | RSUFusion.Track | DEBUG    | sort_tracker.py:100 | Updated track 18 with car at (435.3, 95.4)
2025-08-25 09:46:43 | RSUFusion.VisualizationProcess | DEBUG    | run_phase1.py:346 | Visualization: 41.2 FPS
2025-08-25 09:46:43 | RSUFusion.Track | DEBUG    | sort_tracker.py:100 | Updated track 19 with car at (532.4, 320.5)
2025-08-25 09:46:43 | RSUFusion.Track | DEBUG    | sort_tracker.py:100 | Updated track 14 with car at (472.9, 99.2)
2025-08-25 09:46:43 | RSUFusion.Track | DEBUG    | sort_tracker.py:100 | Updated track 20 with car at (625.4, 96.6)
2025-08-25 09:46:43 | RSUFusion.Track | DEBUG    | sort_tracker.py:100 | Updated track 18 with car at (435.3, 95.4)
2025-08-25 09:46:43 | RSUFusion.Track | DEBUG    | sort_tracker.py:100 | Updated track 19 with car at (551.7, 328.8)
2025-08-25 09:46:43 | RSUFusion.Track | DEBUG    | sort_tracker.py:100 | Updated track 14 with car at (472.7, 99.1)
2025-08-25 09:46:43 | RSUFusion.Track | DEBUG    | sort_tracker.py:100 | Updated track 20 with car at (616.2, 96.4)
2025-08-25 09:46:43 | RSUFusion.Track | DEBUG    | sort_tracker.py:100 | Updated track 18 with car at (435.3, 95.3)
2025-08-25 09:46:43 | RSUFusion.Track | DEBUG    | sort_tracker.py:100 | Updated track 19 with car at (572.6, 342.3)
2025-08-25 09:46:43 | RSUFusion.Track | DEBUG    | sort_tracker.py:100 | Updated track 14 with car at (472.7, 99.1)
2025-08-25 09:46:43 | RSUFusion.Track | DEBUG    | sort_tracker.py:100 | Updated track 20 with car at (606.3, 96.4)
2025-08-25 09:46:43 | RSUFusion.Track | DEBUG    | sort_tracker.py:100 | Updated track 18 with car at (435.3, 95.2)
2025-08-25 09:46:43 | RSUFusion.Track | DEBUG    | sort_tracker.py:100 | Updated track 19 with car at (594.4, 353.9)
2025-08-25 09:46:43 | RSUFusion.Track | DEBUG    | sort_tracker.py:100 | Updated track 14 with car at (472.6, 99.1)
2025-08-25 09:46:43 | RSUFusion.Track | DEBUG    | sort_tracker.py:100 | Updated track 20 with car at (594.9, 96.4)
2025-08-25 09:46:43 | RSUFusion.Track | DEBUG    | sort_tracker.py:100 | Updated track 18 with car at (435.3, 95.2)
2025-08-25 09:46:43 | RSUFusion.Track | DEBUG    | sort_tracker.py:100 | Updated track 19 with car at (623.5, 366.9)
2025-08-25 09:46:43 | RSUFusion.Track | DEBUG    | sort_tracker.py:100 | Updated track 14 with car at (472.7, 99.1)
2025-08-25 09:46:43 | RSUFusion.Track | DEBUG    | sort_tracker.py:100 | Updated track 20 with car at (584.4, 95.8)
2025-08-25 09:46:43 | RSUFusion.Track | DEBUG    | sort_tracker.py:100 | Updated track 18 with car at (435.3, 95.2)
2025-08-25 09:46:43 | RSUFusion.KalmanFilter4D | DEBUG    | kalman_filter.py:88 | Kalman filter initialized at (652.6, 91.2)
2025-08-25 09:46:43 | RSUFusion.Track | DEBUG    | sort_tracker.py:51 | Created track 21 for car at (652.6, 91.2)
2025-08-25 09:46:43 | RSUFusion.SORTTracker | DEBUG    | sort_tracker.py:297 | Created new track 21 for car
2025-08-25 09:46:43 | RSUFusion.Track | DEBUG    | sort_tracker.py:100 | Updated track 19 with car at (656.2, 380.7)
2025-08-25 09:46:43 | RSUFusion.Track | DEBUG    | sort_tracker.py:100 | Updated track 14 with car at (472.9, 99.1)
2025-08-25 09:46:43 | RSUFusion.Track | DEBUG    | sort_tracker.py:100 | Updated track 20 with car at (574.3, 96.6)
2025-08-25 09:46:43 | RSUFusion.Track | DEBUG    | sort_tracker.py:100 | Updated track 18 with car at (435.3, 95.3)
2025-08-25 09:46:43 | RSUFusion.CameraProcess | DEBUG    | run_phase1.py:146 | Ambulance speed: 0.0 km/h
2025-08-25 09:46:43 | RSUFusion.VisualizationProcess | DEBUG    | run_phase1.py:346 | Visualization: 45.2 FPS
2025-08-25 09:46:43 | RSUFusion.Track | DEBUG    | sort_tracker.py:100 | Updated track 19 with car at (691.6, 395.5)
2025-08-25 09:46:43 | RSUFusion.Track | DEBUG    | sort_tracker.py:100 | Updated track 14 with car at (472.9, 99.2)
2025-08-25 09:46:43 | RSUFusion.Track | DEBUG    | sort_tracker.py:100 | Updated track 18 with car at (435.3, 95.3)
2025-08-25 09:46:43 | RSUFusion.Track | DEBUG    | sort_tracker.py:100 | Updated track 19 with car at (733.9, 410.9)
2025-08-25 09:46:43 | RSUFusion.Track | DEBUG    | sort_tracker.py:100 | Updated track 14 with car at (472.7, 99.2)
2025-08-25 09:46:43 | RSUFusion.Track | DEBUG    | sort_tracker.py:100 | Updated track 20 with car at (554.9, 95.0)
2025-08-25 09:46:43 | RSUFusion.Track | DEBUG    | sort_tracker.py:100 | Updated track 18 with car at (435.2, 95.3)
2025-08-25 09:46:44 | RSUFusion.Track | DEBUG    | sort_tracker.py:100 | Updated track 19 with car at (780.7, 427.9)
2025-08-25 09:46:44 | RSUFusion.Track | DEBUG    | sort_tracker.py:100 | Updated track 14 with car at (472.4, 99.1)
2025-08-25 09:46:44 | RSUFusion.Track | DEBUG    | sort_tracker.py:100 | Updated track 20 with car at (541.9, 95.9)
2025-08-25 09:46:44 | RSUFusion.Track | DEBUG    | sort_tracker.py:100 | Updated track 18 with car at (435.3, 95.3)
2025-08-25 09:46:44 | RSUFusion.Track | DEBUG    | sort_tracker.py:100 | Updated track 17 with truck at (409.1, 94.0)
2025-08-25 09:46:44 | RSUFusion.Track | DEBUG    | sort_tracker.py:100 | Updated track 19 with car at (800.0, 436.5)
2025-08-25 09:46:44 | RSUFusion.Track | DEBUG    | sort_tracker.py:100 | Updated track 14 with car at (474.0, 99.2)
2025-08-25 09:46:44 | RSUFusion.Track | DEBUG    | sort_tracker.py:100 | Updated track 20 with car at (537.3, 95.8)
2025-08-25 09:46:44 | RSUFusion.Track | DEBUG    | sort_tracker.py:100 | Updated track 18 with car at (435.3, 95.3)
2025-08-25 09:46:44 | RSUFusion.Track | DEBUG    | sort_tracker.py:100 | Updated track 17 with truck at (409.1, 94.0)
2025-08-25 09:46:44 | RSUFusion.Track | DEBUG    | sort_tracker.py:100 | Updated track 19 with car at (821.1, 443.6)
2025-08-25 09:46:44 | RSUFusion.Track | DEBUG    | sort_tracker.py:100 | Updated track 14 with car at (474.2, 99.1)
2025-08-25 09:46:44 | RSUFusion.Track | DEBUG    | sort_tracker.py:100 | Updated track 20 with car at (525.4, 95.5)
2025-08-25 09:46:44 | RSUFusion.Track | DEBUG    | sort_tracker.py:100 | Updated track 18 with car at (435.4, 95.4)
2025-08-25 09:46:44 | RSUFusion.Track | DEBUG    | sort_tracker.py:100 | Updated track 19 with car at (844.6, 447.2)
2025-08-25 09:46:44 | RSUFusion.Track | DEBUG    | sort_tracker.py:100 | Updated track 14 with car at (473.6, 99.0)
2025-08-25 09:46:44 | RSUFusion.Track | DEBUG    | sort_tracker.py:100 | Updated track 18 with car at (435.4, 95.3)
2025-08-25 09:46:44 | RSUFusion.VisualizationProcess | DEBUG    | run_phase1.py:346 | Visualization: 47.3 FPS
2025-08-25 09:46:44 | RSUFusion.Track | DEBUG    | sort_tracker.py:100 | Updated track 19 with car at (873.2, 454.8)
2025-08-25 09:46:44 | RSUFusion.Track | DEBUG    | sort_tracker.py:100 | Updated track 14 with car at (473.5, 99.0)
2025-08-25 09:46:44 | RSUFusion.Track | DEBUG    | sort_tracker.py:100 | Updated track 18 with car at (435.4, 95.5)
2025-08-25 09:46:44 | RSUFusion.Track | DEBUG    | sort_tracker.py:100 | Updated track 19 with car at (904.3, 461.3)
2025-08-25 09:46:44 | RSUFusion.Track | DEBUG    | sort_tracker.py:100 | Updated track 14 with car at (477.7, 98.9)
2025-08-25 09:46:44 | RSUFusion.Track | DEBUG    | sort_tracker.py:100 | Updated track 18 with car at (435.5, 95.4)
2025-08-25 09:46:44 | RSUFusion.Track | DEBUG    | sort_tracker.py:100 | Updated track 14 with car at (475.9, 98.8)
2025-08-25 09:46:44 | RSUFusion.Track | DEBUG    | sort_tracker.py:100 | Updated track 18 with car at (435.6, 95.5)
2025-08-25 09:46:44 | RSUFusion.Track | DEBUG    | sort_tracker.py:100 | Updated track 14 with car at (473.7, 98.6)
2025-08-25 09:46:44 | RSUFusion.Track | DEBUG    | sort_tracker.py:100 | Updated track 14 with car at (474.1, 98.3)
2025-08-25 09:46:44 | RSUFusion.Track | DEBUG    | sort_tracker.py:100 | Updated track 14 with car at (473.6, 98.4)
2025-08-25 09:46:45 | RSUFusion.VisualizationProcess | DEBUG    | run_phase1.py:346 | Visualization: 49.9 FPS
2025-08-25 09:46:45 | RSUFusion.Track | DEBUG    | sort_tracker.py:100 | Updated track 14 with car at (474.0, 98.7)
2025-08-25 09:46:45 | RSUFusion.Track | DEBUG    | sort_tracker.py:100 | Updated track 14 with car at (474.0, 98.5)
2025-08-25 09:46:45 | RSUFusion.Track | DEBUG    | sort_tracker.py:100 | Updated track 20 with car at (440.0, 95.0)
2025-08-25 09:46:45 | RSUFusion.Track | DEBUG    | sort_tracker.py:100 | Updated track 14 with car at (473.7, 98.7)
2025-08-25 09:46:45 | RSUFusion.Track | DEBUG    | sort_tracker.py:100 | Updated track 18 with car at (436.9, 94.8)
2025-08-25 09:46:45 | RSUFusion.YOLODetector | DEBUG    | yolo_detector.py:155 | Detection performance: 58.3 FPS, 1 objects detected
2025-08-25 09:46:45 | RSUFusion.DetectionProcess | DEBUG    | run_phase1.py:198 | Detection: 55.6 FPS, 4199 detections processed
2025-08-25 09:46:45 | RSUFusion.Track | DEBUG    | sort_tracker.py:100 | Updated track 14 with car at (473.1, 98.9)
2025-08-25 09:46:45 | RSUFusion.SORTTracker | DEBUG    | sort_tracker.py:208 | SORT performance: 1.0ms/frame, 5 confirmed tracks
2025-08-25 09:46:45 | RSUFusion.TrackingProcess | DEBUG    | run_phase1.py:268 | Tracking: 5 confirmed tracks
2025-08-25 09:46:45 | RSUFusion.Track | DEBUG    | sort_tracker.py:100 | Updated track 14 with car at (472.8, 99.0)
2025-08-25 09:46:45 | RSUFusion.Track | DEBUG    | sort_tracker.py:100 | Updated track 14 with car at (472.8, 99.0)
2025-08-25 09:46:45 | RSUFusion.VisualizationProcess | DEBUG    | run_phase1.py:346 | Visualization: 49.2 FPS
2025-08-25 09:46:45 | RSUFusion.Track | DEBUG    | sort_tracker.py:100 | Updated track 14 with car at (472.9, 99.1)
2025-08-25 09:46:45 | RSUFusion.Track | DEBUG    | sort_tracker.py:100 | Updated track 18 with car at (435.6, 95.2)
2025-08-25 09:46:45 | RSUFusion.KalmanFilter4D | DEBUG    | kalman_filter.py:88 | Kalman filter initialized at (368.8, 96.5)
2025-08-25 09:46:45 | RSUFusion.Track | DEBUG    | sort_tracker.py:51 | Created track 22 for car at (368.8, 96.5)
2025-08-25 09:46:45 | RSUFusion.SORTTracker | DEBUG    | sort_tracker.py:297 | Created new track 22 for car
2025-08-25 09:46:45 | RSUFusion.Track | DEBUG    | sort_tracker.py:100 | Updated track 14 with car at (472.8, 99.1)
2025-08-25 09:46:45 | RSUFusion.Track | DEBUG    | sort_tracker.py:100 | Updated track 22 with car at (362.7, 95.7)
2025-08-25 09:46:45 | RSUFusion.Track | DEBUG    | sort_tracker.py:100 | Updated track 18 with car at (435.5, 95.2)
2025-08-25 09:46:45 | RSUFusion.Track | DEBUG    | sort_tracker.py:100 | Updated track 14 with car at (472.8, 99.1)
2025-08-25 09:46:45 | RSUFusion.Track | DEBUG    | sort_tracker.py:100 | Updated track 22 with car at (355.2, 96.6)
2025-08-25 09:46:45 | RSUFusion.Track | DEBUG    | sort_tracker.py:100 | Updated track 18 with car at (435.5, 95.4)
2025-08-25 09:46:46 | RSUFusion.Track | DEBUG    | sort_tracker.py:100 | Updated track 14 with car at (472.8, 99.1)
2025-08-25 09:46:46 | RSUFusion.Track | DEBUG    | sort_tracker.py:100 | Updated track 22 with car at (343.4, 96.9)
2025-08-25 09:46:46 | RSUFusion.Track | DEBUG    | sort_tracker.py:100 | Updated track 18 with car at (435.3, 95.7)
2025-08-25 09:46:46 | RSUFusion.Track | DEBUG    | sort_tracker.py:100 | Updated track 14 with car at (472.7, 99.2)
2025-08-25 09:46:46 | RSUFusion.Track | DEBUG    | sort_tracker.py:100 | Updated track 22 with car at (334.4, 95.9)
2025-08-25 09:46:46 | RSUFusion.Track | DEBUG    | sort_tracker.py:100 | Updated track 18 with car at (435.3, 95.6)
2025-08-25 09:46:46 | RSUFusion.Track | DEBUG    | sort_tracker.py:100 | Updated track 14 with car at (472.9, 99.2)
2025-08-25 09:46:46 | RSUFusion.Track | DEBUG    | sort_tracker.py:100 | Updated track 22 with car at (324.8, 96.8)
2025-08-25 09:46:46 | RSUFusion.Track | DEBUG    | sort_tracker.py:100 | Updated track 18 with car at (435.4, 95.6)
2025-08-25 09:46:46 | RSUFusion.VisualizationProcess | DEBUG    | run_phase1.py:346 | Visualization: 45.2 FPS
2025-08-25 09:46:46 | RSUFusion.Track | DEBUG    | sort_tracker.py:100 | Updated track 14 with car at (472.9, 99.2)
2025-08-25 09:46:46 | RSUFusion.Track | DEBUG    | sort_tracker.py:100 | Updated track 22 with car at (316.2, 96.0)
2025-08-25 09:46:46 | RSUFusion.Track | DEBUG    | sort_tracker.py:100 | Updated track 18 with car at (435.4, 95.6)
2025-08-25 09:46:46 | RSUFusion.Track | DEBUG    | sort_tracker.py:100 | Updated track 14 with car at (472.9, 99.2)
2025-08-25 09:46:46 | RSUFusion.Track | DEBUG    | sort_tracker.py:100 | Updated track 22 with car at (309.1, 95.6)
2025-08-25 09:46:46 | RSUFusion.Track | DEBUG    | sort_tracker.py:100 | Updated track 18 with car at (435.3, 95.6)
2025-08-25 09:46:46 | RSUFusion.Track | DEBUG    | sort_tracker.py:100 | Updated track 14 with car at (473.0, 99.2)
2025-08-25 09:46:46 | RSUFusion.Track | DEBUG    | sort_tracker.py:100 | Updated track 22 with car at (303.4, 95.9)
2025-08-25 09:46:46 | RSUFusion.Track | DEBUG    | sort_tracker.py:100 | Updated track 18 with car at (435.4, 95.6)
2025-08-25 09:46:46 | RSUFusion.Track | DEBUG    | sort_tracker.py:100 | Updated track 17 with truck at (408.9, 94.0)
2025-08-25 09:46:46 | RSUFusion.Track | DEBUG    | sort_tracker.py:100 | Updated track 14 with car at (472.8, 99.2)
2025-08-25 09:46:46 | RSUFusion.Track | DEBUG    | sort_tracker.py:100 | Updated track 18 with car at (435.3, 95.6)
2025-08-25 09:46:46 | RSUFusion.Track | DEBUG    | sort_tracker.py:100 | Updated track 14 with car at (472.8, 99.2)
2025-08-25 09:46:46 | RSUFusion.Track | DEBUG    | sort_tracker.py:100 | Updated track 18 with car at (435.3, 95.6)
2025-08-25 09:46:46 | RSUFusion.Track | DEBUG    | sort_tracker.py:100 | Updated track 22 with car at (271.6, 95.7)
2025-08-25 09:46:46 | RSUFusion.Track | DEBUG    | sort_tracker.py:100 | Updated track 14 with car at (472.8, 99.2)
2025-08-25 09:46:46 | RSUFusion.Track | DEBUG    | sort_tracker.py:100 | Updated track 18 with car at (435.3, 95.6)
2025-08-25 09:46:46 | RSUFusion.SORTTracker | DEBUG    | sort_tracker.py:303 | Deleting track 21 (too old: 31 frames)
2025-08-25 09:46:46 | RSUFusion.CameraProcess | DEBUG    | run_phase1.py:146 | Ambulance speed: 0.0 km/h
2025-08-25 09:46:46 | RSUFusion.VisualizationProcess | DEBUG    | run_phase1.py:346 | Visualization: 47.3 FPS
2025-08-25 09:46:46 | RSUFusion.Track | DEBUG    | sort_tracker.py:100 | Updated track 14 with car at (472.7, 99.3)
2025-08-25 09:46:46 | RSUFusion.Track | DEBUG    | sort_tracker.py:100 | Updated track 18 with car at (435.4, 95.6)
2025-08-25 09:46:47 | RSUFusion.Track | DEBUG    | sort_tracker.py:100 | Updated track 14 with car at (473.0, 99.2)
2025-08-25 09:46:47 | RSUFusion.Track | DEBUG    | sort_tracker.py:100 | Updated track 18 with car at (435.4, 95.4)
2025-08-25 09:46:47 | RSUFusion.Track | DEBUG    | sort_tracker.py:100 | Updated track 14 with car at (472.9, 99.2)
2025-08-25 09:46:47 | RSUFusion.Track | DEBUG    | sort_tracker.py:100 | Updated track 22 with car at (230.5, 96.4)
2025-08-25 09:46:47 | RSUFusion.Track | DEBUG    | sort_tracker.py:100 | Updated track 18 with car at (435.3, 95.5)
2025-08-25 09:46:47 | RSUFusion.Track | DEBUG    | sort_tracker.py:100 | Updated track 14 with car at (472.9, 99.2)
2025-08-25 09:46:47 | RSUFusion.Track | DEBUG    | sort_tracker.py:100 | Updated track 22 with car at (224.6, 95.8)
2025-08-25 09:46:47 | RSUFusion.Track | DEBUG    | sort_tracker.py:100 | Updated track 18 with car at (435.4, 95.4)
2025-08-25 09:46:47 | RSUFusion.Track | DEBUG    | sort_tracker.py:100 | Updated track 14 with car at (472.9, 99.2)
2025-08-25 09:46:47 | RSUFusion.Track | DEBUG    | sort_tracker.py:100 | Updated track 22 with car at (212.6, 95.5)
2025-08-25 09:46:47 | RSUFusion.Track | DEBUG    | sort_tracker.py:100 | Updated track 18 with car at (435.3, 95.4)
2025-08-25 09:46:47 | RSUFusion.Track | DEBUG    | sort_tracker.py:100 | Updated track 14 with car at (472.8, 99.2)
2025-08-25 09:46:47 | RSUFusion.Track | DEBUG    | sort_tracker.py:100 | Updated track 18 with car at (435.3, 95.4)
2025-08-25 09:46:47 | RSUFusion.Track | DEBUG    | sort_tracker.py:100 | Updated track 14 with car at (472.8, 99.2)
2025-08-25 09:46:47 | RSUFusion.Track | DEBUG    | sort_tracker.py:100 | Updated track 18 with car at (435.4, 95.4)
2025-08-25 09:46:47 | RSUFusion.VisualizationProcess | DEBUG    | run_phase1.py:346 | Visualization: 40.0 FPS
2025-08-25 09:46:47 | RSUFusion.Track | DEBUG    | sort_tracker.py:100 | Updated track 14 with car at (472.8, 99.1)
2025-08-25 09:46:47 | RSUFusion.Track | DEBUG    | sort_tracker.py:100 | Updated track 18 with car at (435.3, 95.3)
2025-08-25 09:46:47 | RSUFusion.Track | DEBUG    | sort_tracker.py:100 | Updated track 14 with car at (472.7, 99.2)
2025-08-25 09:46:47 | RSUFusion.Track | DEBUG    | sort_tracker.py:100 | Updated track 22 with car at (178.1, 95.4)
2025-08-25 09:46:47 | RSUFusion.Track | DEBUG    | sort_tracker.py:100 | Updated track 18 with car at (435.3, 95.3)
2025-08-25 09:46:47 | RSUFusion.SORTTracker | DEBUG    | sort_tracker.py:303 | Deleting track 19 (too old: 31 frames)
2025-08-25 09:46:47 | RSUFusion.Track | DEBUG    | sort_tracker.py:100 | Updated track 14 with car at (472.9, 99.2)
2025-08-25 09:46:47 | RSUFusion.Track | DEBUG    | sort_tracker.py:100 | Updated track 18 with car at (435.3, 95.4)
2025-08-25 09:46:48 | RSUFusion.Track | DEBUG    | sort_tracker.py:100 | Updated track 14 with car at (472.9, 99.2)
2025-08-25 09:46:48 | RSUFusion.Track | DEBUG    | sort_tracker.py:100 | Updated track 18 with car at (435.4, 95.4)
2025-08-25 09:46:48 | RSUFusion.Track | DEBUG    | sort_tracker.py:100 | Updated track 14 with car at (472.8, 99.2)
2025-08-25 09:46:48 | RSUFusion.Track | DEBUG    | sort_tracker.py:100 | Updated track 18 with car at (435.3, 95.4)
2025-08-25 09:46:48 | RSUFusion.Track | DEBUG    | sort_tracker.py:100 | Updated track 14 with car at (472.9, 99.2)
2025-08-25 09:46:48 | RSUFusion.Track | DEBUG    | sort_tracker.py:100 | Updated track 18 with car at (435.2, 95.3)
2025-08-25 09:46:48 | RSUFusion.Track | DEBUG    | sort_tracker.py:100 | Updated track 20 with car at (154.3, 96.5)
2025-08-25 09:46:48 | RSUFusion.VisualizationProcess | DEBUG    | run_phase1.py:346 | Visualization: 50.2 FPS
2025-08-25 09:46:48 | RSUFusion.Track | DEBUG    | sort_tracker.py:100 | Updated track 14 with car at (472.8, 99.2)
2025-08-25 09:46:48 | RSUFusion.Track | DEBUG    | sort_tracker.py:100 | Updated track 18 with car at (435.3, 95.3)
2025-08-25 09:46:48 | RSUFusion.Track | DEBUG    | sort_tracker.py:100 | Updated track 20 with car at (154.1, 96.3)
2025-08-25 09:46:48 | RSUFusion.Track | DEBUG    | sort_tracker.py:100 | Updated track 14 with car at (472.8, 99.2)
2025-08-25 09:46:48 | RSUFusion.Track | DEBUG    | sort_tracker.py:100 | Updated track 18 with car at (435.4, 95.3)
2025-08-25 09:46:48 | RSUFusion.Track | DEBUG    | sort_tracker.py:100 | Updated track 20 with car at (154.1, 96.3)
2025-08-25 09:46:48 | RSUFusion.YOLODetector | DEBUG    | yolo_detector.py:155 | Detection performance: 53.9 FPS, 3 objects detected
2025-08-25 09:46:48 | RSUFusion.DetectionProcess | DEBUG    | run_phase1.py:198 | Detection: 55.4 FPS, 4276 detections processed
2025-08-25 09:46:48 | RSUFusion.Track | DEBUG    | sort_tracker.py:100 | Updated track 14 with car at (472.8, 99.1)
2025-08-25 09:46:48 | RSUFusion.Track | DEBUG    | sort_tracker.py:100 | Updated track 18 with car at (435.3, 95.3)
2025-08-25 09:46:48 | RSUFusion.KalmanFilter4D | DEBUG    | kalman_filter.py:88 | Kalman filter initialized at (154.0, 96.4)
2025-08-25 09:46:48 | RSUFusion.Track | DEBUG    | sort_tracker.py:51 | Created track 23 for car at (154.0, 96.4)
2025-08-25 09:46:48 | RSUFusion.SORTTracker | DEBUG    | sort_tracker.py:297 | Created new track 23 for car
2025-08-25 09:46:48 | RSUFusion.SORTTracker | DEBUG    | sort_tracker.py:208 | SORT performance: 0.9ms/frame, 5 confirmed tracks
2025-08-25 09:46:48 | RSUFusion.TrackingProcess | DEBUG    | run_phase1.py:268 | Tracking: 5 confirmed tracks
2025-08-25 09:46:48 | RSUFusion.Track | DEBUG    | sort_tracker.py:100 | Updated track 14 with car at (472.7, 99.1)
2025-08-25 09:46:48 | RSUFusion.Track | DEBUG    | sort_tracker.py:100 | Updated track 18 with car at (435.3, 95.3)
2025-08-25 09:46:48 | RSUFusion.Track | DEBUG    | sort_tracker.py:100 | Updated track 23 with car at (154.1, 96.4)
2025-08-25 09:46:48 | RSUFusion.Track | DEBUG    | sort_tracker.py:100 | Updated track 14 with car at (473.0, 99.2)
2025-08-25 09:46:48 | RSUFusion.Track | DEBUG    | sort_tracker.py:100 | Updated track 18 with car at (435.3, 95.2)
2025-08-25 09:46:48 | RSUFusion.Track | DEBUG    | sort_tracker.py:100 | Updated track 23 with car at (154.0, 96.5)
2025-08-25 09:46:48 | RSUFusion.VisualizationProcess | DEBUG    | run_phase1.py:346 | Visualization: 50.8 FPS
2025-08-25 09:46:48 | RSUFusion.Track | DEBUG    | sort_tracker.py:100 | Updated track 14 with car at (472.9, 99.2)
2025-08-25 09:46:48 | RSUFusion.Track | DEBUG    | sort_tracker.py:100 | Updated track 18 with car at (435.3, 95.3)
2025-08-25 09:46:48 | RSUFusion.Track | DEBUG    | sort_tracker.py:100 | Updated track 23 with car at (154.0, 96.5)
2025-08-25 09:46:48 | RSUFusion.Track | DEBUG    | sort_tracker.py:100 | Updated track 14 with car at (472.8, 99.2)
2025-08-25 09:46:48 | RSUFusion.Track | DEBUG    | sort_tracker.py:100 | Updated track 18 with car at (435.3, 95.4)
2025-08-25 09:46:48 | RSUFusion.Track | DEBUG    | sort_tracker.py:100 | Updated track 23 with car at (154.0, 96.3)
2025-08-25 09:46:49 | RSUFusion.Track | DEBUG    | sort_tracker.py:100 | Updated track 14 with car at (472.9, 99.1)
2025-08-25 09:46:49 | RSUFusion.Track | DEBUG    | sort_tracker.py:100 | Updated track 18 with car at (435.3, 95.4)
2025-08-25 09:46:49 | RSUFusion.Track | DEBUG    | sort_tracker.py:100 | Updated track 23 with car at (154.0, 96.4)
2025-08-25 09:46:49 | RSUFusion.Track | DEBUG    | sort_tracker.py:100 | Updated track 14 with car at (472.8, 99.2)
2025-08-25 09:46:49 | RSUFusion.Track | DEBUG    | sort_tracker.py:100 | Updated track 18 with car at (435.3, 95.4)
2025-08-25 09:46:49 | RSUFusion.Track | DEBUG    | sort_tracker.py:100 | Updated track 23 with car at (154.0, 96.4)
2025-08-25 09:46:49 | RSUFusion.Track | DEBUG    | sort_tracker.py:100 | Updated track 14 with car at (472.8, 99.2)
2025-08-25 09:46:49 | RSUFusion.Track | DEBUG    | sort_tracker.py:100 | Updated track 18 with car at (435.3, 95.4)
2025-08-25 09:46:49 | RSUFusion.Track | DEBUG    | sort_tracker.py:100 | Updated track 23 with car at (154.0, 96.5)
2025-08-25 09:46:49 | RSUFusion.VisualizationProcess | DEBUG    | run_phase1.py:346 | Visualization: 53.5 FPS
2025-08-25 09:46:49 | RSUFusion.Track | DEBUG    | sort_tracker.py:100 | Updated track 14 with car at (472.8, 99.2)
2025-08-25 09:46:49 | RSUFusion.Track | DEBUG    | sort_tracker.py:100 | Updated track 18 with car at (435.3, 95.3)
2025-08-25 09:46:49 | RSUFusion.Track | DEBUG    | sort_tracker.py:100 | Updated track 23 with car at (153.9, 96.5)
2025-08-25 09:46:49 | RSUFusion.Track | DEBUG    | sort_tracker.py:100 | Updated track 14 with car at (472.7, 99.1)
2025-08-25 09:46:49 | RSUFusion.Track | DEBUG    | sort_tracker.py:100 | Updated track 18 with car at (435.3, 95.4)
2025-08-25 09:46:49 | RSUFusion.Track | DEBUG    | sort_tracker.py:100 | Updated track 14 with car at (472.9, 99.2)
2025-08-25 09:46:49 | RSUFusion.Track | DEBUG    | sort_tracker.py:100 | Updated track 18 with car at (435.3, 95.4)
2025-08-25 09:46:49 | RSUFusion.Track | DEBUG    | sort_tracker.py:100 | Updated track 14 with car at (472.9, 99.2)
2025-08-25 09:46:49 | RSUFusion.Track | DEBUG    | sort_tracker.py:100 | Updated track 18 with car at (435.3, 95.4)
2025-08-25 09:46:49 | RSUFusion.Track | DEBUG    | sort_tracker.py:100 | Updated track 14 with car at (472.8, 99.2)
2025-08-25 09:46:49 | RSUFusion.Track | DEBUG    | sort_tracker.py:100 | Updated track 18 with car at (435.3, 95.5)
2025-08-25 09:46:49 | RSUFusion.SORTTracker | DEBUG    | sort_tracker.py:303 | Deleting track 17 (too old: 31 frames)
2025-08-25 09:46:49 | RSUFusion.Track | DEBUG    | sort_tracker.py:100 | Updated track 14 with car at (472.9, 99.2)
2025-08-25 09:46:49 | RSUFusion.Track | DEBUG    | sort_tracker.py:100 | Updated track 18 with car at (435.3, 95.4)
2025-08-25 09:46:49 | RSUFusion.Track | DEBUG    | sort_tracker.py:100 | Updated track 23 with car at (153.9, 96.5)
2025-08-25 09:46:50 | RSUFusion.VisualizationProcess | DEBUG    | run_phase1.py:346 | Visualization: 49.2 FPS
2025-08-25 09:46:50 | RSUFusion.Track | DEBUG    | sort_tracker.py:100 | Updated track 14 with car at (472.8, 99.2)
2025-08-25 09:46:50 | RSUFusion.Track | DEBUG    | sort_tracker.py:100 | Updated track 18 with car at (435.3, 95.3)
2025-08-25 09:46:50 | RSUFusion.Track | DEBUG    | sort_tracker.py:100 | Updated track 23 with car at (153.9, 96.6)
2025-08-25 09:46:50 | RSUFusion.CameraProcess | DEBUG    | run_phase1.py:146 | Ambulance speed: 0.0 km/h
2025-08-25 09:46:50 | RSUFusion.Track | DEBUG    | sort_tracker.py:100 | Updated track 14 with car at (472.8, 99.2)
2025-08-25 09:46:50 | RSUFusion.Track | DEBUG    | sort_tracker.py:100 | Updated track 18 with car at (435.3, 95.5)
2025-08-25 09:46:50 | RSUFusion.Track | DEBUG    | sort_tracker.py:100 | Updated track 14 with car at (472.9, 99.2)
2025-08-25 09:46:50 | RSUFusion.Track | DEBUG    | sort_tracker.py:100 | Updated track 18 with car at (435.3, 95.3)
2025-08-25 09:46:50 | RSUFusion.Track | DEBUG    | sort_tracker.py:100 | Updated track 14 with car at (472.8, 99.2)
2025-08-25 09:46:50 | RSUFusion.Track | DEBUG    | sort_tracker.py:100 | Updated track 18 with car at (435.3, 95.4)
2025-08-25 09:46:50 | RSUFusion.Track | DEBUG    | sort_tracker.py:100 | Updated track 23 with car at (154.0, 96.6)
2025-08-25 09:46:50 | RSUFusion.Track | DEBUG    | sort_tracker.py:100 | Updated track 14 with car at (472.9, 99.1)
2025-08-25 09:46:50 | RSUFusion.Track | DEBUG    | sort_tracker.py:100 | Updated track 18 with car at (435.3, 95.2)
2025-08-25 09:46:50 | RSUFusion.Track | DEBUG    | sort_tracker.py:100 | Updated track 23 with car at (153.9, 96.6)
2025-08-25 09:46:50 | RSUFusion.Track | DEBUG    | sort_tracker.py:100 | Updated track 14 with car at (472.9, 99.2)
2025-08-25 09:46:50 | RSUFusion.Track | DEBUG    | sort_tracker.py:100 | Updated track 18 with car at (435.3, 95.3)
2025-08-25 09:46:50 | RSUFusion.VisualizationProcess | DEBUG    | run_phase1.py:346 | Visualization: 45.4 FPS
2025-08-25 09:46:50 | RSUFusion.Track | DEBUG    | sort_tracker.py:100 | Updated track 14 with car at (472.9, 99.2)
2025-08-25 09:46:50 | RSUFusion.Track | DEBUG    | sort_tracker.py:100 | Updated track 18 with car at (435.3, 95.3)
2025-08-25 09:46:50 | RSUFusion.Track | DEBUG    | sort_tracker.py:100 | Updated track 23 with car at (153.9, 96.5)
2025-08-25 09:46:50 | RSUFusion.Track | DEBUG    | sort_tracker.py:100 | Updated track 14 with car at (472.9, 99.2)
2025-08-25 09:46:50 | RSUFusion.Track | DEBUG    | sort_tracker.py:100 | Updated track 18 with car at (435.3, 95.3)
2025-08-25 09:46:50 | RSUFusion.Track | DEBUG    | sort_tracker.py:100 | Updated track 23 with car at (153.9, 96.6)
2025-08-25 09:46:50 | RSUFusion.Track | DEBUG    | sort_tracker.py:100 | Updated track 14 with car at (472.7, 99.2)
2025-08-25 09:46:50 | RSUFusion.Track | DEBUG    | sort_tracker.py:100 | Updated track 18 with car at (435.3, 95.5)
2025-08-25 09:46:50 | RSUFusion.Track | DEBUG    | sort_tracker.py:100 | Updated track 23 with car at (153.9, 96.5)
2025-08-25 09:46:51 | RSUFusion.Track | DEBUG    | sort_tracker.py:100 | Updated track 14 with car at (472.7, 99.1)
2025-08-25 09:46:51 | RSUFusion.Track | DEBUG    | sort_tracker.py:100 | Updated track 18 with car at (435.3, 95.3)
2025-08-25 09:46:51 | RSUFusion.Track | DEBUG    | sort_tracker.py:100 | Updated track 14 with car at (472.9, 99.2)
2025-08-25 09:46:51 | RSUFusion.Track | DEBUG    | sort_tracker.py:100 | Updated track 18 with car at (435.2, 95.3)
2025-08-25 09:46:51 | RSUFusion.Track | DEBUG    | sort_tracker.py:100 | Updated track 23 with car at (153.9, 96.7)
2025-08-25 09:46:51 | RSUFusion.SORTTracker | DEBUG    | sort_tracker.py:303 | Deleting track 22 (too old: 31 frames)
2025-08-25 09:46:51 | RSUFusion.Track | DEBUG    | sort_tracker.py:100 | Updated track 14 with car at (472.7, 99.1)
2025-08-25 09:46:51 | RSUFusion.Track | DEBUG    | sort_tracker.py:100 | Updated track 18 with car at (435.3, 95.2)
2025-08-25 09:46:51 | RSUFusion.Track | DEBUG    | sort_tracker.py:100 | Updated track 14 with car at (472.9, 99.2)
2025-08-25 09:46:51 | RSUFusion.Track | DEBUG    | sort_tracker.py:100 | Updated track 18 with car at (435.3, 95.2)
2025-08-25 09:46:51 | RSUFusion.Track | DEBUG    | sort_tracker.py:100 | Updated track 14 with car at (472.9, 99.2)
2025-08-25 09:46:51 | RSUFusion.Track | DEBUG    | sort_tracker.py:100 | Updated track 18 with car at (435.4, 95.3)
2025-08-25 09:46:51 | RSUFusion.VisualizationProcess | DEBUG    | run_phase1.py:346 | Visualization: 39.8 FPS
2025-08-25 09:46:51 | RSUFusion.Track | DEBUG    | sort_tracker.py:100 | Updated track 14 with car at (472.8, 99.2)
2025-08-25 09:46:51 | RSUFusion.Track | DEBUG    | sort_tracker.py:100 | Updated track 18 with car at (435.3, 95.3)
2025-08-25 09:46:51 | RSUFusion.Track | DEBUG    | sort_tracker.py:100 | Updated track 14 with car at (473.0, 99.2)
2025-08-25 09:46:51 | RSUFusion.Track | DEBUG    | sort_tracker.py:100 | Updated track 18 with car at (435.2, 95.4)
2025-08-25 09:46:51 | RSUFusion.YOLODetector | DEBUG    | yolo_detector.py:155 | Detection performance: 57.4 FPS, 2 objects detected
2025-08-25 09:46:51 | RSUFusion.DetectionProcess | DEBUG    | run_phase1.py:198 | Detection: 56.0 FPS, 4352 detections processed
2025-08-25 09:46:51 | RSUFusion.Track | DEBUG    | sort_tracker.py:100 | Updated track 14 with car at (472.8, 99.2)
2025-08-25 09:46:51 | RSUFusion.Track | DEBUG    | sort_tracker.py:100 | Updated track 18 with car at (435.2, 95.4)
2025-08-25 09:46:51 | RSUFusion.SORTTracker | DEBUG    | sort_tracker.py:303 | Deleting track 20 (too old: 31 frames)
2025-08-25 09:46:51 | RSUFusion.SORTTracker | DEBUG    | sort_tracker.py:208 | SORT performance: 0.9ms/frame, 3 confirmed tracks
2025-08-25 09:46:51 | RSUFusion.TrackingProcess | DEBUG    | run_phase1.py:268 | Tracking: 3 confirmed tracks
2025-08-25 09:46:51 | RSUFusion.Track | DEBUG    | sort_tracker.py:100 | Updated track 14 with car at (472.8, 99.2)
2025-08-25 09:46:51 | RSUFusion.Track | DEBUG    | sort_tracker.py:100 | Updated track 18 with car at (435.2, 95.4)
2025-08-25 09:46:51 | RSUFusion.Track | DEBUG    | sort_tracker.py:100 | Updated track 14 with car at (472.8, 99.1)
2025-08-25 09:46:51 | RSUFusion.Track | DEBUG    | sort_tracker.py:100 | Updated track 18 with car at (435.3, 95.2)
2025-08-25 09:46:51 | RSUFusion.Track | DEBUG    | sort_tracker.py:100 | Updated track 23 with car at (153.9, 96.7)
2025-08-25 09:46:52 | RSUFusion.Track | DEBUG    | sort_tracker.py:100 | Updated track 14 with car at (472.7, 99.1)
2025-08-25 09:46:52 | RSUFusion.Track | DEBUG    | sort_tracker.py:100 | Updated track 18 with car at (435.3, 95.3)
2025-08-25 09:46:52 | RSUFusion.VisualizationProcess | DEBUG    | run_phase1.py:346 | Visualization: 43.7 FPS
2025-08-25 09:46:52 | RSUFusion.Track | DEBUG    | sort_tracker.py:100 | Updated track 14 with car at (472.9, 99.1)
2025-08-25 09:46:52 | RSUFusion.Track | DEBUG    | sort_tracker.py:100 | Updated track 18 with car at (435.3, 95.2)
2025-08-25 09:46:52 | RSUFusion.Track | DEBUG    | sort_tracker.py:100 | Updated track 14 with car at (472.9, 99.2)
2025-08-25 09:46:52 | RSUFusion.Track | DEBUG    | sort_tracker.py:100 | Updated track 18 with car at (435.3, 95.3)
2025-08-25 09:46:52 | RSUFusion.Track | DEBUG    | sort_tracker.py:100 | Updated track 14 with car at (472.9, 99.2)
2025-08-25 09:46:52 | RSUFusion.Track | DEBUG    | sort_tracker.py:100 | Updated track 18 with car at (435.2, 95.5)
2025-08-25 09:46:52 | RSUFusion.Track | DEBUG    | sort_tracker.py:100 | Updated track 14 with car at (472.9, 99.2)
2025-08-25 09:46:52 | RSUFusion.Track | DEBUG    | sort_tracker.py:100 | Updated track 18 with car at (435.2, 95.3)
2025-08-25 09:46:52 | RSUFusion.Track | DEBUG    | sort_tracker.py:100 | Updated track 14 with car at (472.8, 99.2)
2025-08-25 09:46:52 | RSUFusion.Track | DEBUG    | sort_tracker.py:100 | Updated track 18 with car at (435.2, 95.4)
2025-08-25 09:46:52 | RSUFusion.Track | DEBUG    | sort_tracker.py:100 | Updated track 23 with car at (153.9, 96.6)
2025-08-25 09:46:52 | RSUFusion.VisualizationProcess | DEBUG    | run_phase1.py:346 | Visualization: 52.4 FPS
2025-08-25 09:46:52 | RSUFusion.Track | DEBUG    | sort_tracker.py:100 | Updated track 14 with car at (472.8, 99.2)
2025-08-25 09:46:52 | RSUFusion.Track | DEBUG    | sort_tracker.py:100 | Updated track 18 with car at (435.2, 95.2)
2025-08-25 09:46:52 | RSUFusion.Track | DEBUG    | sort_tracker.py:100 | Updated track 14 with car at (472.8, 99.0)
2025-08-25 09:46:52 | RSUFusion.Track | DEBUG    | sort_tracker.py:100 | Updated track 18 with car at (435.3, 95.2)
2025-08-25 09:46:52 | RSUFusion.Track | DEBUG    | sort_tracker.py:100 | Updated track 14 with car at (472.7, 99.1)
2025-08-25 09:46:52 | RSUFusion.Track | DEBUG    | sort_tracker.py:100 | Updated track 18 with car at (435.3, 95.2)
2025-08-25 09:46:53 | RSUFusion.Track | DEBUG    | sort_tracker.py:100 | Updated track 14 with car at (472.9, 99.2)
2025-08-25 09:46:53 | RSUFusion.Track | DEBUG    | sort_tracker.py:100 | Updated track 18 with car at (435.3, 95.2)
2025-08-25 09:46:53 | RSUFusion.Track | DEBUG    | sort_tracker.py:100 | Updated track 14 with car at (472.9, 99.1)
2025-08-25 09:46:53 | RSUFusion.Track | DEBUG    | sort_tracker.py:100 | Updated track 18 with car at (435.3, 95.3)
2025-08-25 09:46:53 | RSUFusion.Track | DEBUG    | sort_tracker.py:100 | Updated track 14 with car at (472.9, 99.2)
2025-08-25 09:46:53 | RSUFusion.Track | DEBUG    | sort_tracker.py:100 | Updated track 18 with car at (435.3, 95.3)
2025-08-25 09:46:53 | RSUFusion.CameraProcess | DEBUG    | run_phase1.py:146 | Ambulance speed: 0.0 km/h
2025-08-25 09:46:53 | RSUFusion.VisualizationProcess | DEBUG    | run_phase1.py:346 | Visualization: 51.1 FPS
2025-08-25 09:46:53 | RSUFusion.Track | DEBUG    | sort_tracker.py:100 | Updated track 14 with car at (472.9, 99.2)
2025-08-25 09:46:53 | RSUFusion.Track | DEBUG    | sort_tracker.py:100 | Updated track 18 with car at (435.2, 95.4)
2025-08-25 09:46:53 | RSUFusion.Track | DEBUG    | sort_tracker.py:100 | Updated track 23 with car at (154.0, 96.6)
2025-08-25 09:46:53 | RSUFusion.Track | DEBUG    | sort_tracker.py:100 | Updated track 14 with car at (472.8, 99.1)
2025-08-25 09:46:53 | RSUFusion.Track | DEBUG    | sort_tracker.py:100 | Updated track 18 with car at (435.2, 95.3)
2025-08-25 09:46:53 | RSUFusion.Track | DEBUG    | sort_tracker.py:100 | Updated track 23 with car at (154.0, 96.6)
2025-08-25 09:46:53 | RSUFusion.Track | DEBUG    | sort_tracker.py:100 | Updated track 14 with car at (472.7, 99.1)
2025-08-25 09:46:53 | RSUFusion.Track | DEBUG    | sort_tracker.py:100 | Updated track 18 with car at (435.3, 95.3)
2025-08-25 09:46:53 | RSUFusion.Track | DEBUG    | sort_tracker.py:100 | Updated track 14 with car at (472.8, 99.0)
2025-08-25 09:46:53 | RSUFusion.Track | DEBUG    | sort_tracker.py:100 | Updated track 18 with car at (435.3, 95.2)
2025-08-25 09:46:53 | RSUFusion.Track | DEBUG    | sort_tracker.py:100 | Updated track 14 with car at (472.7, 99.1)
2025-08-25 09:46:53 | RSUFusion.Track | DEBUG    | sort_tracker.py:100 | Updated track 18 with car at (435.3, 95.4)
2025-08-25 09:46:53 | RSUFusion.Track | DEBUG    | sort_tracker.py:100 | Updated track 14 with car at (472.9, 99.2)
2025-08-25 09:46:53 | RSUFusion.Track | DEBUG    | sort_tracker.py:100 | Updated track 18 with car at (435.3, 95.4)
2025-08-25 09:46:53 | RSUFusion.VisualizationProcess | DEBUG    | run_phase1.py:346 | Visualization: 49.1 FPS
2025-08-25 09:46:53 | RSUFusion.Track | DEBUG    | sort_tracker.py:100 | Updated track 14 with car at (472.9, 99.2)
2025-08-25 09:46:53 | RSUFusion.Track | DEBUG    | sort_tracker.py:100 | Updated track 18 with car at (435.4, 95.4)
2025-08-25 09:46:54 | RSUFusion.Track | DEBUG    | sort_tracker.py:100 | Updated track 14 with car at (472.8, 99.2)
2025-08-25 09:46:54 | RSUFusion.Track | DEBUG    | sort_tracker.py:100 | Updated track 18 with car at (435.2, 95.4)
2025-08-25 09:46:54 | RSUFusion.Track | DEBUG    | sort_tracker.py:100 | Updated track 14 with car at (472.9, 99.2)
2025-08-25 09:46:54 | RSUFusion.Track | DEBUG    | sort_tracker.py:100 | Updated track 18 with car at (435.2, 95.4)
2025-08-25 09:46:54 | RSUFusion.Track | DEBUG    | sort_tracker.py:100 | Updated track 14 with car at (472.8, 99.2)
2025-08-25 09:46:54 | RSUFusion.Track | DEBUG    | sort_tracker.py:100 | Updated track 18 with car at (435.3, 95.3)
2025-08-25 09:46:54 | RSUFusion.Track | DEBUG    | sort_tracker.py:100 | Updated track 14 with car at (472.7, 99.1)
2025-08-25 09:46:54 | RSUFusion.Track | DEBUG    | sort_tracker.py:100 | Updated track 18 with car at (435.3, 95.3)
2025-08-25 09:46:54 | RSUFusion.VisualizationProcess | DEBUG    | run_phase1.py:346 | Visualization: 51.8 FPS
2025-08-25 09:46:54 | RSUFusion.Track | DEBUG    | sort_tracker.py:100 | Updated track 14 with car at (472.7, 99.1)
2025-08-25 09:46:54 | RSUFusion.Track | DEBUG    | sort_tracker.py:100 | Updated track 18 with car at (435.3, 95.3)
2025-08-25 09:46:54 | RSUFusion.Track | DEBUG    | sort_tracker.py:100 | Updated track 14 with car at (472.7, 99.1)
2025-08-25 09:46:54 | RSUFusion.Track | DEBUG    | sort_tracker.py:100 | Updated track 18 with car at (435.3, 95.4)
2025-08-25 09:46:54 | RSUFusion.Track | DEBUG    | sort_tracker.py:100 | Updated track 14 with car at (473.0, 99.2)
2025-08-25 09:46:54 | RSUFusion.Track | DEBUG    | sort_tracker.py:100 | Updated track 18 with car at (435.3, 95.2)
2025-08-25 09:46:54 | RSUFusion.Track | DEBUG    | sort_tracker.py:100 | Updated track 14 with car at (472.9, 99.2)
2025-08-25 09:46:54 | RSUFusion.Track | DEBUG    | sort_tracker.py:100 | Updated track 18 with car at (435.3, 95.3)
2025-08-25 09:46:54 | RSUFusion.YOLODetector | DEBUG    | yolo_detector.py:155 | Detection performance: 53.5 FPS, 2 objects detected
2025-08-25 09:46:54 | RSUFusion.DetectionProcess | DEBUG    | run_phase1.py:198 | Detection: 55.8 FPS, 4416 detections processed
2025-08-25 09:46:54 | RSUFusion.Track | DEBUG    | sort_tracker.py:100 | Updated track 14 with car at (472.8, 99.2)
2025-08-25 09:46:54 | RSUFusion.Track | DEBUG    | sort_tracker.py:100 | Updated track 18 with car at (435.3, 95.3)
2025-08-25 09:46:54 | RSUFusion.SORTTracker | DEBUG    | sort_tracker.py:208 | SORT performance: 0.8ms/frame, 3 confirmed tracks
2025-08-25 09:46:54 | RSUFusion.TrackingProcess | DEBUG    | run_phase1.py:268 | Tracking: 3 confirmed tracks
2025-08-25 09:46:55 | RSUFusion.Track | DEBUG    | sort_tracker.py:100 | Updated track 14 with car at (472.9, 99.2)
2025-08-25 09:46:55 | RSUFusion.Track | DEBUG    | sort_tracker.py:100 | Updated track 18 with car at (435.2, 95.3)
2025-08-25 09:46:55 | RSUFusion.VisualizationProcess | DEBUG    | run_phase1.py:346 | Visualization: 47.6 FPS
2025-08-25 09:46:55 | RSUFusion.Track | DEBUG    | sort_tracker.py:100 | Updated track 14 with car at (472.7, 99.2)
2025-08-25 09:46:55 | RSUFusion.Track | DEBUG    | sort_tracker.py:100 | Updated track 18 with car at (435.3, 95.3)
2025-08-25 09:46:55 | RSUFusion.Track | DEBUG    | sort_tracker.py:100 | Updated track 23 with car at (154.1, 96.4)
2025-08-25 09:46:55 | RSUFusion.Track | DEBUG    | sort_tracker.py:100 | Updated track 14 with car at (472.8, 99.2)
2025-08-25 09:46:55 | RSUFusion.Track | DEBUG    | sort_tracker.py:100 | Updated track 23 with car at (155.1, 96.6)
2025-08-25 09:46:55 | RSUFusion.Track | DEBUG    | sort_tracker.py:100 | Updated track 18 with car at (435.3, 95.3)
2025-08-25 09:46:55 | RSUFusion.Track | DEBUG    | sort_tracker.py:100 | Updated track 14 with car at (472.7, 99.1)
2025-08-25 09:46:55 | RSUFusion.Track | DEBUG    | sort_tracker.py:100 | Updated track 23 with car at (155.3, 96.7)
2025-08-25 09:46:55 | RSUFusion.Track | DEBUG    | sort_tracker.py:100 | Updated track 18 with car at (435.3, 95.3)
2025-08-25 09:46:55 | RSUFusion.Track | DEBUG    | sort_tracker.py:100 | Updated track 14 with car at (472.7, 99.1)
2025-08-25 09:46:55 | RSUFusion.Track | DEBUG    | sort_tracker.py:100 | Updated track 23 with car at (155.8, 96.5)
2025-08-25 09:46:55 | RSUFusion.Track | DEBUG    | sort_tracker.py:100 | Updated track 18 with car at (435.3, 95.3)
2025-08-25 09:46:55 | RSUFusion.Track | DEBUG    | sort_tracker.py:100 | Updated track 14 with car at (472.9, 99.2)
2025-08-25 09:46:55 | RSUFusion.Track | DEBUG    | sort_tracker.py:100 | Updated track 23 with car at (156.9, 96.7)
2025-08-25 09:46:55 | RSUFusion.Track | DEBUG    | sort_tracker.py:100 | Updated track 18 with car at (435.3, 95.3)
2025-08-25 09:46:55 | RSUFusion.Track | DEBUG    | sort_tracker.py:100 | Updated track 14 with car at (472.8, 99.1)
2025-08-25 09:46:55 | RSUFusion.Track | DEBUG    | sort_tracker.py:100 | Updated track 23 with car at (157.0, 96.4)
2025-08-25 09:46:55 | RSUFusion.Track | DEBUG    | sort_tracker.py:100 | Updated track 18 with car at (435.3, 95.3)
2025-08-25 09:46:55 | RSUFusion.VisualizationProcess | DEBUG    | run_phase1.py:346 | Visualization: 45.2 FPS
2025-08-25 09:46:55 | RSUFusion.Track | DEBUG    | sort_tracker.py:100 | Updated track 14 with car at (472.9, 99.2)
2025-08-25 09:46:55 | RSUFusion.Track | DEBUG    | sort_tracker.py:100 | Updated track 23 with car at (157.7, 97.5)
2025-08-25 09:46:55 | RSUFusion.Track | DEBUG    | sort_tracker.py:100 | Updated track 18 with car at (435.3, 95.3)
2025-08-25 09:46:55 | RSUFusion.Track | DEBUG    | sort_tracker.py:100 | Updated track 14 with car at (472.9, 99.2)
2025-08-25 09:46:55 | RSUFusion.Track | DEBUG    | sort_tracker.py:100 | Updated track 23 with car at (159.0, 97.8)
2025-08-25 09:46:55 | RSUFusion.Track | DEBUG    | sort_tracker.py:100 | Updated track 18 with car at (435.3, 95.3)
2025-08-25 09:46:56 | RSUFusion.Track | DEBUG    | sort_tracker.py:100 | Updated track 14 with car at (472.8, 99.2)
2025-08-25 09:46:56 | RSUFusion.Track | DEBUG    | sort_tracker.py:100 | Updated track 18 with car at (435.3, 95.4)
2025-08-25 09:46:56 | RSUFusion.Track | DEBUG    | sort_tracker.py:100 | Updated track 14 with car at (472.7, 99.1)
2025-08-25 09:46:56 | RSUFusion.Track | DEBUG    | sort_tracker.py:100 | Updated track 18 with car at (435.3, 95.4)
2025-08-25 09:46:56 | RSUFusion.Track | DEBUG    | sort_tracker.py:100 | Updated track 14 with car at (472.7, 99.1)
2025-08-25 09:46:56 | RSUFusion.Track | DEBUG    | sort_tracker.py:100 | Updated track 18 with car at (435.3, 95.3)
2025-08-25 09:46:56 | RSUFusion.Track | DEBUG    | sort_tracker.py:100 | Updated track 14 with car at (472.7, 99.3)
2025-08-25 09:46:56 | RSUFusion.Track | DEBUG    | sort_tracker.py:100 | Updated track 18 with car at (435.3, 95.4)
2025-08-25 09:46:56 | RSUFusion.Track | DEBUG    | sort_tracker.py:100 | Updated track 14 with car at (472.9, 99.2)
2025-08-25 09:46:56 | RSUFusion.Track | DEBUG    | sort_tracker.py:100 | Updated track 18 with car at (435.3, 95.3)
2025-08-25 09:46:56 | RSUFusion.CameraProcess | DEBUG    | run_phase1.py:146 | Ambulance speed: 0.0 km/h
2025-08-25 09:46:56 | RSUFusion.VisualizationProcess | DEBUG    | run_phase1.py:346 | Visualization: 41.5 FPS
2025-08-25 09:46:56 | RSUFusion.Track | DEBUG    | sort_tracker.py:100 | Updated track 14 with car at (472.9, 99.2)
2025-08-25 09:46:56 | RSUFusion.Track | DEBUG    | sort_tracker.py:100 | Updated track 23 with car at (167.2, 95.8)
2025-08-25 09:46:56 | RSUFusion.Track | DEBUG    | sort_tracker.py:100 | Updated track 18 with car at (435.3, 95.4)
2025-08-25 09:46:56 | RSUFusion.Track | DEBUG    | sort_tracker.py:100 | Updated track 14 with car at (472.9, 99.2)
2025-08-25 09:46:56 | RSUFusion.Track | DEBUG    | sort_tracker.py:100 | Updated track 18 with car at (435.3, 95.4)
2025-08-25 09:46:56 | RSUFusion.Track | DEBUG    | sort_tracker.py:100 | Updated track 14 with car at (472.9, 99.2)
2025-08-25 09:46:56 | RSUFusion.Track | DEBUG    | sort_tracker.py:100 | Updated track 18 with car at (435.3, 95.4)
2025-08-25 09:46:56 | RSUFusion.Track | DEBUG    | sort_tracker.py:100 | Updated track 14 with car at (472.8, 99.2)
2025-08-25 09:46:56 | RSUFusion.Track | DEBUG    | sort_tracker.py:100 | Updated track 18 with car at (435.3, 95.5)
2025-08-25 09:46:56 | RSUFusion.Track | DEBUG    | sort_tracker.py:100 | Updated track 14 with car at (472.8, 99.2)
2025-08-25 09:46:56 | RSUFusion.Track | DEBUG    | sort_tracker.py:100 | Updated track 18 with car at (435.2, 95.3)
2025-08-25 09:46:57 | RSUFusion.Track | DEBUG    | sort_tracker.py:100 | Updated track 14 with car at (472.9, 99.2)
2025-08-25 09:46:57 | RSUFusion.Track | DEBUG    | sort_tracker.py:100 | Updated track 18 with car at (435.2, 95.3)
2025-08-25 09:46:57 | RSUFusion.VisualizationProcess | DEBUG    | run_phase1.py:346 | Visualization: 51.6 FPS
2025-08-25 09:46:57 | RSUFusion.Track | DEBUG    | sort_tracker.py:100 | Updated track 14 with car at (472.7, 99.1)
2025-08-25 09:46:57 | RSUFusion.Track | DEBUG    | sort_tracker.py:100 | Updated track 18 with car at (435.2, 95.2)
2025-08-25 09:46:57 | RSUFusion.Track | DEBUG    | sort_tracker.py:100 | Updated track 14 with car at (472.9, 99.2)
2025-08-25 09:46:57 | RSUFusion.Track | DEBUG    | sort_tracker.py:100 | Updated track 18 with car at (435.3, 95.3)
2025-08-25 09:46:57 | RSUFusion.VisualizationProcess | DEBUG    | run_phase1.py:323 | Updated image (consumed 1 frames)
2025-08-25 09:46:57 | RSUFusion.Track | DEBUG    | sort_tracker.py:100 | Updated track 14 with car at (472.9, 99.2)
2025-08-25 09:46:57 | RSUFusion.Track | DEBUG    | sort_tracker.py:100 | Updated track 18 with car at (435.3, 95.4)
2025-08-25 09:46:57 | RSUFusion.Track | DEBUG    | sort_tracker.py:100 | Updated track 14 with car at (472.9, 99.2)
2025-08-25 09:46:57 | RSUFusion.Track | DEBUG    | sort_tracker.py:100 | Updated track 18 with car at (435.3, 95.4)
2025-08-25 09:46:57 | RSUFusion.Track | DEBUG    | sort_tracker.py:100 | Updated track 14 with car at (472.9, 99.2)
2025-08-25 09:46:57 | RSUFusion.Track | DEBUG    | sort_tracker.py:100 | Updated track 18 with car at (435.2, 95.4)
2025-08-25 09:46:57 | RSUFusion.VisualizationProcess | DEBUG    | run_phase1.py:346 | Visualization: 49.8 FPS
2025-08-25 09:46:57 | RSUFusion.Track | DEBUG    | sort_tracker.py:100 | Updated track 14 with car at (472.8, 99.2)
2025-08-25 09:46:57 | RSUFusion.Track | DEBUG    | sort_tracker.py:100 | Updated track 23 with truck at (195.5, 94.8)
2025-08-25 09:46:57 | RSUFusion.Track | DEBUG    | sort_tracker.py:100 | Updated track 18 with car at (435.2, 95.4)
2025-08-25 09:46:57 | RSUFusion.Track | DEBUG    | sort_tracker.py:100 | Updated track 14 with car at (472.8, 99.2)
2025-08-25 09:46:57 | RSUFusion.Track | DEBUG    | sort_tracker.py:100 | Updated track 23 with truck at (201.3, 95.6)
2025-08-25 09:46:57 | RSUFusion.Track | DEBUG    | sort_tracker.py:100 | Updated track 18 with car at (435.2, 95.4)
2025-08-25 09:46:57 | RSUFusion.Track | DEBUG    | sort_tracker.py:100 | Updated track 14 with car at (472.8, 99.1)
2025-08-25 09:46:57 | RSUFusion.Track | DEBUG    | sort_tracker.py:100 | Updated track 23 with truck at (207.8, 95.0)
2025-08-25 09:46:57 | RSUFusion.Track | DEBUG    | sort_tracker.py:100 | Updated track 18 with car at (435.3, 95.2)
2025-08-25 09:46:58 | RSUFusion.Track | DEBUG    | sort_tracker.py:100 | Updated track 14 with car at (472.7, 99.1)
2025-08-25 09:46:58 | RSUFusion.Track | DEBUG    | sort_tracker.py:100 | Updated track 18 with car at (435.2, 95.2)
2025-08-25 09:46:58 | RSUFusion.YOLODetector | DEBUG    | yolo_detector.py:155 | Detection performance: 60.1 FPS, 3 objects detected
2025-08-25 09:46:58 | RSUFusion.DetectionProcess | DEBUG    | run_phase1.py:198 | Detection: 56.9 FPS, 4489 detections processed
2025-08-25 09:46:58 | RSUFusion.Track | DEBUG    | sort_tracker.py:100 | Updated track 14 with car at (472.9, 99.1)
2025-08-25 09:46:58 | RSUFusion.Track | DEBUG    | sort_tracker.py:100 | Updated track 23 with truck at (216.1, 95.0)
2025-08-25 09:46:58 | RSUFusion.Track | DEBUG    | sort_tracker.py:100 | Updated track 18 with car at (435.3, 95.2)
2025-08-25 09:46:58 | RSUFusion.SORTTracker | DEBUG    | sort_tracker.py:208 | SORT performance: 0.8ms/frame, 3 confirmed tracks
2025-08-25 09:46:58 | RSUFusion.TrackingProcess | DEBUG    | run_phase1.py:268 | Tracking: 3 confirmed tracks
2025-08-25 09:46:58 | RSUFusion.Track | DEBUG    | sort_tracker.py:100 | Updated track 14 with car at (472.9, 99.2)
2025-08-25 09:46:58 | RSUFusion.Track | DEBUG    | sort_tracker.py:100 | Updated track 18 with car at (435.3, 95.4)
2025-08-25 09:46:58 | RSUFusion.Track | DEBUG    | sort_tracker.py:100 | Updated track 23 with truck at (218.4, 95.2)
2025-08-25 09:46:58 | RSUFusion.VisualizationProcess | DEBUG    | run_phase1.py:346 | Visualization: 48.8 FPS
2025-08-25 09:46:58 | RSUFusion.Track | DEBUG    | sort_tracker.py:100 | Updated track 14 with car at (472.9, 99.2)
2025-08-25 09:46:58 | RSUFusion.Track | DEBUG    | sort_tracker.py:100 | Updated track 18 with car at (435.3, 95.5)
2025-08-25 09:46:58 | RSUFusion.Track | DEBUG    | sort_tracker.py:100 | Updated track 14 with car at (472.9, 99.2)
2025-08-25 09:46:58 | RSUFusion.Track | DEBUG    | sort_tracker.py:100 | Updated track 18 with car at (435.3, 95.3)
2025-08-25 09:46:58 | RSUFusion.Track | DEBUG    | sort_tracker.py:100 | Updated track 14 with car at (472.8, 99.2)
2025-08-25 09:46:58 | RSUFusion.Track | DEBUG    | sort_tracker.py:100 | Updated track 18 with car at (435.3, 95.4)
2025-08-25 09:46:58 | RSUFusion.Track | DEBUG    | sort_tracker.py:100 | Updated track 14 with car at (472.8, 99.2)
2025-08-25 09:46:58 | RSUFusion.Track | DEBUG    | sort_tracker.py:100 | Updated track 18 with car at (435.3, 95.2)
2025-08-25 09:46:58 | RSUFusion.Track | DEBUG    | sort_tracker.py:100 | Updated track 14 with car at (472.8, 99.2)
2025-08-25 09:46:58 | RSUFusion.Track | DEBUG    | sort_tracker.py:100 | Updated track 18 with car at (435.3, 95.2)
2025-08-25 09:46:58 | RSUFusion.Track | DEBUG    | sort_tracker.py:100 | Updated track 14 with car at (472.7, 99.1)
2025-08-25 09:46:58 | RSUFusion.Track | DEBUG    | sort_tracker.py:100 | Updated track 18 with car at (435.3, 95.3)
2025-08-25 09:46:58 | RSUFusion.VisualizationProcess | DEBUG    | run_phase1.py:346 | Visualization: 49.0 FPS
2025-08-25 09:46:58 | RSUFusion.Track | DEBUG    | sort_tracker.py:100 | Updated track 14 with car at (472.9, 99.2)
2025-08-25 09:46:58 | RSUFusion.Track | DEBUG    | sort_tracker.py:100 | Updated track 18 with car at (435.3, 95.1)
2025-08-25 09:46:59 | RSUFusion.Track | DEBUG    | sort_tracker.py:100 | Updated track 14 with car at (472.8, 99.1)
2025-08-25 09:46:59 | RSUFusion.Track | DEBUG    | sort_tracker.py:100 | Updated track 18 with car at (435.3, 95.4)
2025-08-25 09:46:59 | RSUFusion.Track | DEBUG    | sort_tracker.py:100 | Updated track 14 with car at (472.8, 99.2)
2025-08-25 09:46:59 | RSUFusion.Track | DEBUG    | sort_tracker.py:100 | Updated track 18 with car at (435.3, 95.2)
2025-08-25 09:46:59 | RSUFusion.Track | DEBUG    | sort_tracker.py:100 | Updated track 14 with car at (472.9, 99.2)
2025-08-25 09:46:59 | RSUFusion.Track | DEBUG    | sort_tracker.py:100 | Updated track 23 with truck at (263.9, 95.0)
2025-08-25 09:46:59 | RSUFusion.Track | DEBUG    | sort_tracker.py:100 | Updated track 18 with car at (435.2, 95.3)
2025-08-25 09:46:59 | RSUFusion.Track | DEBUG    | sort_tracker.py:100 | Updated track 14 with car at (472.8, 99.1)
2025-08-25 09:46:59 | RSUFusion.Track | DEBUG    | sort_tracker.py:100 | Updated track 23 with truck at (268.7, 94.2)
2025-08-25 09:46:59 | RSUFusion.Track | DEBUG    | sort_tracker.py:100 | Updated track 18 with car at (435.3, 95.3)
2025-08-25 09:46:59 | RSUFusion.Track | DEBUG    | sort_tracker.py:100 | Updated track 14 with car at (472.8, 99.2)
2025-08-25 09:46:59 | RSUFusion.Track | DEBUG    | sort_tracker.py:100 | Updated track 18 with car at (435.3, 95.3)
2025-08-25 09:46:59 | RSUFusion.VisualizationProcess | DEBUG    | run_phase1.py:346 | Visualization: 45.9 FPS
2025-08-25 09:46:59 | RSUFusion.Track | DEBUG    | sort_tracker.py:100 | Updated track 14 with car at (472.8, 99.2)
2025-08-25 09:46:59 | RSUFusion.Track | DEBUG    | sort_tracker.py:100 | Updated track 23 with truck at (277.1, 94.4)
2025-08-25 09:46:59 | RSUFusion.Track | DEBUG    | sort_tracker.py:100 | Updated track 18 with car at (435.3, 95.3)
2025-08-25 09:46:59 | RSUFusion.CameraProcess | DEBUG    | run_phase1.py:146 | Ambulance speed: 0.0 km/h
2025-08-25 09:46:59 | RSUFusion.Track | DEBUG    | sort_tracker.py:100 | Updated track 14 with car at (472.7, 99.1)
2025-08-25 09:46:59 | RSUFusion.Track | DEBUG    | sort_tracker.py:100 | Updated track 18 with car at (435.2, 95.4)
2025-08-25 09:46:59 | RSUFusion.Track | DEBUG    | sort_tracker.py:100 | Updated track 14 with car at (472.9, 99.2)
2025-08-25 09:46:59 | RSUFusion.Track | DEBUG    | sort_tracker.py:100 | Updated track 18 with car at (435.3, 95.3)
2025-08-25 09:46:59 | RSUFusion.Track | DEBUG    | sort_tracker.py:100 | Updated track 14 with car at (472.9, 99.2)
2025-08-25 09:46:59 | RSUFusion.Track | DEBUG    | sort_tracker.py:100 | Updated track 18 with car at (435.3, 95.3)
2025-08-25 09:47:00 | RSUFusion.Track | DEBUG    | sort_tracker.py:100 | Updated track 14 with car at (472.8, 99.2)
2025-08-25 09:47:00 | RSUFusion.Track | DEBUG    | sort_tracker.py:100 | Updated track 18 with car at (435.2, 95.4)
2025-08-25 09:47:00 | RSUFusion.Track | DEBUG    | sort_tracker.py:100 | Updated track 14 with car at (472.9, 99.1)
2025-08-25 09:47:00 | RSUFusion.Track | DEBUG    | sort_tracker.py:100 | Updated track 18 with car at (435.2, 95.3)
2025-08-25 09:47:00 | RSUFusion.VisualizationProcess | DEBUG    | run_phase1.py:346 | Visualization: 48.2 FPS
2025-08-25 09:47:00 | RSUFusion.Track | DEBUG    | sort_tracker.py:100 | Updated track 14 with car at (472.8, 99.2)
2025-08-25 09:47:00 | RSUFusion.Track | DEBUG    | sort_tracker.py:100 | Updated track 18 with car at (435.3, 95.3)
2025-08-25 09:47:00 | RSUFusion.Track | DEBUG    | sort_tracker.py:100 | Updated track 14 with car at (472.7, 99.1)
2025-08-25 09:47:00 | RSUFusion.Track | DEBUG    | sort_tracker.py:100 | Updated track 18 with car at (435.3, 95.2)
2025-08-25 09:47:00 | RSUFusion.Track | DEBUG    | sort_tracker.py:100 | Updated track 14 with car at (472.8, 99.1)
2025-08-25 09:47:00 | RSUFusion.Track | DEBUG    | sort_tracker.py:100 | Updated track 18 with car at (435.2, 95.2)
2025-08-25 09:47:00 | RSUFusion.Track | DEBUG    | sort_tracker.py:100 | Updated track 14 with car at (472.7, 99.1)
2025-08-25 09:47:00 | RSUFusion.Track | DEBUG    | sort_tracker.py:100 | Updated track 18 with car at (435.2, 95.4)
2025-08-25 09:47:00 | RSUFusion.Track | DEBUG    | sort_tracker.py:100 | Updated track 14 with car at (472.9, 99.2)
2025-08-25 09:47:00 | RSUFusion.Track | DEBUG    | sort_tracker.py:100 | Updated track 23 with truck at (323.4, 93.9)
2025-08-25 09:47:00 | RSUFusion.Track | DEBUG    | sort_tracker.py:100 | Updated track 18 with car at (435.3, 95.2)
2025-08-25 09:47:00 | RSUFusion.VisualizationProcess | DEBUG    | run_phase1.py:346 | Visualization: 51.3 FPS
2025-08-25 09:47:00 | RSUFusion.Track | DEBUG    | sort_tracker.py:100 | Updated track 14 with car at (472.9, 99.2)
2025-08-25 09:47:00 | RSUFusion.Track | DEBUG    | sort_tracker.py:100 | Updated track 23 with truck at (326.9, 94.1)
2025-08-25 09:47:00 | RSUFusion.Track | DEBUG    | sort_tracker.py:100 | Updated track 18 with car at (435.3, 95.4)
2025-08-25 09:47:00 | RSUFusion.Track | DEBUG    | sort_tracker.py:100 | Updated track 14 with car at (472.8, 99.2)
2025-08-25 09:47:00 | RSUFusion.Track | DEBUG    | sort_tracker.py:100 | Updated track 23 with truck at (327.0, 94.2)
2025-08-25 09:47:00 | RSUFusion.Track | DEBUG    | sort_tracker.py:100 | Updated track 18 with car at (435.3, 95.4)
2025-08-25 09:47:01 | RSUFusion.Track | DEBUG    | sort_tracker.py:100 | Updated track 14 with car at (472.9, 99.1)
2025-08-25 09:47:01 | RSUFusion.Track | DEBUG    | sort_tracker.py:100 | Updated track 23 with truck at (327.7, 94.3)
2025-08-25 09:47:01 | RSUFusion.Track | DEBUG    | sort_tracker.py:100 | Updated track 18 with car at (435.3, 95.4)
2025-08-25 09:47:01 | RSUFusion.KalmanFilter4D | DEBUG    | kalman_filter.py:88 | Kalman filter initialized at (409.1, 93.9)
2025-08-25 09:47:01 | RSUFusion.Track | DEBUG    | sort_tracker.py:51 | Created track 24 for truck at (409.1, 93.9)
2025-08-25 09:47:01 | RSUFusion.SORTTracker | DEBUG    | sort_tracker.py:297 | Created new track 24 for truck
2025-08-25 09:47:01 | RSUFusion.Track | DEBUG    | sort_tracker.py:100 | Updated track 14 with car at (472.8, 99.2)
2025-08-25 09:47:01 | RSUFusion.Track | DEBUG    | sort_tracker.py:100 | Updated track 23 with truck at (329.1, 94.2)
2025-08-25 09:47:01 | RSUFusion.Track | DEBUG    | sort_tracker.py:100 | Updated track 18 with car at (435.3, 95.4)
2025-08-25 09:47:01 | RSUFusion.Track | DEBUG    | sort_tracker.py:100 | Updated track 24 with truck at (409.1, 94.0)
2025-08-25 09:47:01 | RSUFusion.Track | DEBUG    | sort_tracker.py:100 | Updated track 14 with car at (472.7, 99.1)
2025-08-25 09:47:01 | RSUFusion.Track | DEBUG    | sort_tracker.py:100 | Updated track 23 with truck at (330.6, 94.2)
2025-08-25 09:47:01 | RSUFusion.Track | DEBUG    | sort_tracker.py:100 | Updated track 18 with car at (435.3, 95.3)
2025-08-25 09:47:01 | RSUFusion.Track | DEBUG    | sort_tracker.py:100 | Updated track 24 with truck at (409.1, 94.0)
2025-08-25 09:47:01 | RSUFusion.YOLODetector | DEBUG    | yolo_detector.py:155 | Detection performance: 59.1 FPS, 4 objects detected
2025-08-25 09:47:01 | RSUFusion.DetectionProcess | DEBUG    | run_phase1.py:198 | Detection: 57.5 FPS, 4564 detections processed
2025-08-25 09:47:01 | RSUFusion.Track | DEBUG    | sort_tracker.py:100 | Updated track 14 with car at (472.7, 99.1)
2025-08-25 09:47:01 | RSUFusion.Track | DEBUG    | sort_tracker.py:100 | Updated track 23 with truck at (330.7, 94.3)
2025-08-25 09:47:01 | RSUFusion.Track | DEBUG    | sort_tracker.py:100 | Updated track 18 with car at (435.3, 95.2)
2025-08-25 09:47:01 | RSUFusion.Track | DEBUG    | sort_tracker.py:100 | Updated track 24 with truck at (409.0, 94.1)
2025-08-25 09:47:01 | RSUFusion.SORTTracker | DEBUG    | sort_tracker.py:208 | SORT performance: 0.8ms/frame, 4 confirmed tracks
2025-08-25 09:47:01 | RSUFusion.TrackingProcess | DEBUG    | run_phase1.py:268 | Tracking: 4 confirmed tracks
2025-08-25 09:47:01 | RSUFusion.VisualizationProcess | DEBUG    | run_phase1.py:346 | Visualization: 51.9 FPS
2025-08-25 09:47:01 | RSUFusion.Track | DEBUG    | sort_tracker.py:100 | Updated track 14 with car at (472.7, 99.1)
2025-08-25 09:47:01 | RSUFusion.Track | DEBUG    | sort_tracker.py:100 | Updated track 23 with truck at (330.6, 94.3)
2025-08-25 09:47:01 | RSUFusion.Track | DEBUG    | sort_tracker.py:100 | Updated track 18 with car at (435.3, 95.3)
2025-08-25 09:47:01 | RSUFusion.Track | DEBUG    | sort_tracker.py:100 | Updated track 24 with truck at (409.0, 94.0)
2025-08-25 09:47:01 | RSUFusion.Track | DEBUG    | sort_tracker.py:100 | Updated track 14 with car at (473.0, 99.2)
2025-08-25 09:47:01 | RSUFusion.Track | DEBUG    | sort_tracker.py:100 | Updated track 23 with truck at (330.6, 94.3)
2025-08-25 09:47:01 | RSUFusion.Track | DEBUG    | sort_tracker.py:100 | Updated track 18 with car at (435.2, 95.4)
2025-08-25 09:47:01 | RSUFusion.Track | DEBUG    | sort_tracker.py:100 | Updated track 24 with truck at (409.1, 94.0)
2025-08-25 09:47:01 | RSUFusion.Track | DEBUG    | sort_tracker.py:100 | Updated track 14 with car at (472.8, 99.0)
2025-08-25 09:47:01 | RSUFusion.Track | DEBUG    | sort_tracker.py:100 | Updated track 23 with truck at (330.4, 94.4)
2025-08-25 09:47:01 | RSUFusion.Track | DEBUG    | sort_tracker.py:100 | Updated track 18 with car at (435.3, 95.4)
2025-08-25 09:47:01 | RSUFusion.Track | DEBUG    | sort_tracker.py:100 | Updated track 24 with truck at (409.1, 94.0)
2025-08-25 09:47:01 | RSUFusion.Track | DEBUG    | sort_tracker.py:100 | Updated track 14 with car at (472.8, 99.2)
2025-08-25 09:47:01 | RSUFusion.Track | DEBUG    | sort_tracker.py:100 | Updated track 23 with truck at (330.8, 94.4)
2025-08-25 09:47:01 | RSUFusion.Track | DEBUG    | sort_tracker.py:100 | Updated track 18 with car at (435.3, 95.4)
2025-08-25 09:47:01 | RSUFusion.Track | DEBUG    | sort_tracker.py:100 | Updated track 24 with truck at (409.1, 94.0)
2025-08-25 09:47:01 | RSUFusion.Track | DEBUG    | sort_tracker.py:100 | Updated track 14 with car at (472.8, 99.0)
2025-08-25 09:47:01 | RSUFusion.Track | DEBUG    | sort_tracker.py:100 | Updated track 23 with truck at (330.8, 94.4)
2025-08-25 09:47:01 | RSUFusion.Track | DEBUG    | sort_tracker.py:100 | Updated track 18 with car at (435.3, 95.4)
2025-08-25 09:47:01 | RSUFusion.Track | DEBUG    | sort_tracker.py:100 | Updated track 24 with truck at (409.1, 94.0)
2025-08-25 09:47:01 | RSUFusion.VisualizationProcess | DEBUG    | run_phase1.py:346 | Visualization: 51.2 FPS
2025-08-25 09:47:01 | RSUFusion.Track | DEBUG    | sort_tracker.py:100 | Updated track 14 with car at (472.8, 99.2)
2025-08-25 09:47:01 | RSUFusion.Track | DEBUG    | sort_tracker.py:100 | Updated track 23 with truck at (330.8, 94.5)
2025-08-25 09:47:01 | RSUFusion.Track | DEBUG    | sort_tracker.py:100 | Updated track 18 with car at (435.3, 95.5)
2025-08-25 09:47:01 | RSUFusion.Track | DEBUG    | sort_tracker.py:100 | Updated track 24 with truck at (409.1, 94.0)
2025-08-25 09:47:02 | RSUFusion.Track | DEBUG    | sort_tracker.py:100 | Updated track 14 with car at (472.7, 99.0)
2025-08-25 09:47:02 | RSUFusion.Track | DEBUG    | sort_tracker.py:100 | Updated track 23 with truck at (330.9, 94.5)
2025-08-25 09:47:02 | RSUFusion.Track | DEBUG    | sort_tracker.py:100 | Updated track 18 with car at (435.3, 95.3)
2025-08-25 09:47:02 | RSUFusion.Track | DEBUG    | sort_tracker.py:100 | Updated track 24 with truck at (409.0, 94.0)
2025-08-25 09:47:02 | RSUFusion.Track | DEBUG    | sort_tracker.py:100 | Updated track 14 with car at (472.7, 99.1)
2025-08-25 09:47:02 | RSUFusion.Track | DEBUG    | sort_tracker.py:100 | Updated track 23 with truck at (331.0, 94.5)
2025-08-25 09:47:02 | RSUFusion.Track | DEBUG    | sort_tracker.py:100 | Updated track 18 with car at (435.3, 95.2)
2025-08-25 09:47:02 | RSUFusion.Track | DEBUG    | sort_tracker.py:100 | Updated track 24 with truck at (409.0, 94.1)
2025-08-25 09:47:02 | RSUFusion.Track | DEBUG    | sort_tracker.py:100 | Updated track 14 with car at (472.8, 99.2)
2025-08-25 09:47:02 | RSUFusion.Track | DEBUG    | sort_tracker.py:100 | Updated track 23 with truck at (331.0, 94.5)
2025-08-25 09:47:02 | RSUFusion.Track | DEBUG    | sort_tracker.py:100 | Updated track 18 with car at (435.2, 95.2)
2025-08-25 09:47:02 | RSUFusion.Track | DEBUG    | sort_tracker.py:100 | Updated track 24 with truck at (409.0, 94.0)
2025-08-25 09:47:02 | RSUFusion.Track | DEBUG    | sort_tracker.py:100 | Updated track 14 with car at (472.9, 99.1)
2025-08-25 09:47:02 | RSUFusion.Track | DEBUG    | sort_tracker.py:100 | Updated track 23 with truck at (331.0, 94.5)
2025-08-25 09:47:02 | RSUFusion.Track | DEBUG    | sort_tracker.py:100 | Updated track 18 with car at (435.3, 95.2)
2025-08-25 09:47:02 | RSUFusion.Track | DEBUG    | sort_tracker.py:100 | Updated track 24 with truck at (409.1, 94.0)
2025-08-25 09:47:02 | RSUFusion.Track | DEBUG    | sort_tracker.py:100 | Updated track 14 with car at (472.9, 99.2)
2025-08-25 09:47:02 | RSUFusion.Track | DEBUG    | sort_tracker.py:100 | Updated track 23 with truck at (330.9, 94.5)
2025-08-25 09:47:02 | RSUFusion.Track | DEBUG    | sort_tracker.py:100 | Updated track 18 with car at (435.3, 95.3)
2025-08-25 09:47:02 | RSUFusion.Track | DEBUG    | sort_tracker.py:100 | Updated track 24 with truck at (409.1, 94.0)
2025-08-25 09:47:02 | RSUFusion.VisualizationProcess | DEBUG    | run_phase1.py:346 | Visualization: 52.5 FPS
2025-08-25 09:47:02 | RSUFusion.Track | DEBUG    | sort_tracker.py:100 | Updated track 14 with car at (472.9, 99.2)
2025-08-25 09:47:02 | RSUFusion.Track | DEBUG    | sort_tracker.py:100 | Updated track 23 with truck at (331.1, 94.5)
2025-08-25 09:47:02 | RSUFusion.Track | DEBUG    | sort_tracker.py:100 | Updated track 18 with car at (435.3, 95.3)
2025-08-25 09:47:02 | RSUFusion.Track | DEBUG    | sort_tracker.py:100 | Updated track 24 with truck at (409.1, 94.0)
2025-08-25 09:47:02 | RSUFusion.Track | DEBUG    | sort_tracker.py:100 | Updated track 14 with car at (472.9, 99.1)
2025-08-25 09:47:02 | RSUFusion.Track | DEBUG    | sort_tracker.py:100 | Updated track 23 with truck at (331.1, 94.5)
2025-08-25 09:47:02 | RSUFusion.Track | DEBUG    | sort_tracker.py:100 | Updated track 18 with car at (435.3, 95.4)
2025-08-25 09:47:02 | RSUFusion.Track | DEBUG    | sort_tracker.py:100 | Updated track 24 with truck at (409.1, 94.0)
2025-08-25 09:47:02 | RSUFusion.Track | DEBUG    | sort_tracker.py:100 | Updated track 14 with car at (472.8, 99.2)
2025-08-25 09:47:02 | RSUFusion.Track | DEBUG    | sort_tracker.py:100 | Updated track 23 with truck at (331.1, 94.6)
2025-08-25 09:47:02 | RSUFusion.Track | DEBUG    | sort_tracker.py:100 | Updated track 18 with car at (435.3, 95.4)
2025-08-25 09:47:02 | RSUFusion.Track | DEBUG    | sort_tracker.py:100 | Updated track 24 with truck at (409.1, 94.0)
2025-08-25 09:47:02 | RSUFusion.CameraProcess | DEBUG    | run_phase1.py:146 | Ambulance speed: 0.0 km/h
2025-08-25 09:47:02 | RSUFusion.Track | DEBUG    | sort_tracker.py:100 | Updated track 14 with car at (472.8, 99.2)
2025-08-25 09:47:02 | RSUFusion.Track | DEBUG    | sort_tracker.py:100 | Updated track 23 with truck at (331.2, 94.6)
2025-08-25 09:47:02 | RSUFusion.Track | DEBUG    | sort_tracker.py:100 | Updated track 18 with car at (435.3, 95.3)
2025-08-25 09:47:02 | RSUFusion.Track | DEBUG    | sort_tracker.py:100 | Updated track 24 with truck at (409.1, 94.0)
2025-08-25 09:47:03 | RSUFusion.Track | DEBUG    | sort_tracker.py:100 | Updated track 14 with car at (472.8, 99.1)
2025-08-25 09:47:03 | RSUFusion.Track | DEBUG    | sort_tracker.py:100 | Updated track 23 with truck at (331.2, 94.6)
2025-08-25 09:47:03 | RSUFusion.Track | DEBUG    | sort_tracker.py:100 | Updated track 18 with car at (435.3, 95.3)
2025-08-25 09:47:03 | RSUFusion.Track | DEBUG    | sort_tracker.py:100 | Updated track 24 with truck at (409.0, 94.1)
2025-08-25 09:47:03 | RSUFusion.Track | DEBUG    | sort_tracker.py:100 | Updated track 14 with car at (472.6, 99.1)
2025-08-25 09:47:03 | RSUFusion.Track | DEBUG    | sort_tracker.py:100 | Updated track 23 with truck at (331.2, 94.6)
2025-08-25 09:47:03 | RSUFusion.Track | DEBUG    | sort_tracker.py:100 | Updated track 18 with car at (435.3, 95.1)
2025-08-25 09:47:03 | RSUFusion.Track | DEBUG    | sort_tracker.py:100 | Updated track 24 with truck at (409.0, 94.0)
2025-08-25 09:47:03 | RSUFusion.VisualizationProcess | DEBUG    | run_phase1.py:346 | Visualization: 43.2 FPS
2025-08-25 09:47:03 | RSUFusion.Track | DEBUG    | sort_tracker.py:100 | Updated track 14 with car at (472.9, 99.2)
2025-08-25 09:47:03 | RSUFusion.Track | DEBUG    | sort_tracker.py:100 | Updated track 23 with truck at (331.2, 94.6)
2025-08-25 09:47:03 | RSUFusion.Track | DEBUG    | sort_tracker.py:100 | Updated track 18 with car at (435.3, 95.2)
2025-08-25 09:47:03 | RSUFusion.Track | DEBUG    | sort_tracker.py:100 | Updated track 14 with car at (472.8, 99.1)
2025-08-25 09:47:03 | RSUFusion.Track | DEBUG    | sort_tracker.py:100 | Updated track 23 with truck at (331.2, 94.7)
2025-08-25 09:47:03 | RSUFusion.Track | DEBUG    | sort_tracker.py:100 | Updated track 18 with car at (435.4, 95.2)
2025-08-25 09:47:03 | RSUFusion.Track | DEBUG    | sort_tracker.py:100 | Updated track 24 with truck at (409.1, 94.0)
2025-08-25 09:47:03 | RSUFusion.Track | DEBUG    | sort_tracker.py:100 | Updated track 14 with car at (472.9, 99.2)
2025-08-25 09:47:03 | RSUFusion.Track | DEBUG    | sort_tracker.py:100 | Updated track 23 with truck at (331.3, 94.6)
2025-08-25 09:47:03 | RSUFusion.Track | DEBUG    | sort_tracker.py:100 | Updated track 18 with car at (435.3, 95.3)
2025-08-25 09:47:03 | RSUFusion.Track | DEBUG    | sort_tracker.py:100 | Updated track 24 with truck at (409.1, 94.0)
2025-08-25 09:47:03 | RSUFusion.Track | DEBUG    | sort_tracker.py:100 | Updated track 14 with car at (472.9, 99.1)
2025-08-25 09:47:03 | RSUFusion.Track | DEBUG    | sort_tracker.py:100 | Updated track 23 with truck at (331.3, 94.7)
2025-08-25 09:47:03 | RSUFusion.Track | DEBUG    | sort_tracker.py:100 | Updated track 18 with car at (435.3, 95.3)
2025-08-25 09:47:03 | RSUFusion.Track | DEBUG    | sort_tracker.py:100 | Updated track 24 with truck at (409.1, 94.0)
2025-08-25 09:47:03 | RSUFusion.Track | DEBUG    | sort_tracker.py:100 | Updated track 14 with car at (472.7, 99.2)
2025-08-25 09:47:03 | RSUFusion.Track | DEBUG    | sort_tracker.py:100 | Updated track 23 with truck at (331.3, 94.7)
2025-08-25 09:47:03 | RSUFusion.Track | DEBUG    | sort_tracker.py:100 | Updated track 18 with car at (435.3, 95.3)
2025-08-25 09:47:03 | RSUFusion.Track | DEBUG    | sort_tracker.py:100 | Updated track 24 with truck at (409.1, 94.0)
2025-08-25 09:47:03 | RSUFusion.Track | DEBUG    | sort_tracker.py:100 | Updated track 14 with car at (472.8, 99.2)
2025-08-25 09:47:03 | RSUFusion.Track | DEBUG    | sort_tracker.py:100 | Updated track 23 with truck at (331.3, 94.7)
2025-08-25 09:47:03 | RSUFusion.Track | DEBUG    | sort_tracker.py:100 | Updated track 18 with car at (435.3, 95.3)
2025-08-25 09:47:03 | RSUFusion.Track | DEBUG    | sort_tracker.py:100 | Updated track 24 with truck at (409.1, 94.0)
2025-08-25 09:47:03 | RSUFusion.VisualizationProcess | DEBUG    | run_phase1.py:346 | Visualization: 49.8 FPS
2025-08-25 09:47:03 | RSUFusion.Track | DEBUG    | sort_tracker.py:100 | Updated track 14 with car at (472.8, 99.2)
2025-08-25 09:47:03 | RSUFusion.Track | DEBUG    | sort_tracker.py:100 | Updated track 23 with truck at (331.4, 94.6)
2025-08-25 09:47:03 | RSUFusion.Track | DEBUG    | sort_tracker.py:100 | Updated track 18 with car at (435.3, 95.3)
2025-08-25 09:47:03 | RSUFusion.Track | DEBUG    | sort_tracker.py:100 | Updated track 24 with truck at (409.0, 94.1)
2025-08-25 09:47:03 | RSUFusion.Track | DEBUG    | sort_tracker.py:100 | Updated track 14 with car at (472.7, 99.2)
2025-08-25 09:47:03 | RSUFusion.Track | DEBUG    | sort_tracker.py:100 | Updated track 23 with truck at (331.3, 94.7)
2025-08-25 09:47:03 | RSUFusion.Track | DEBUG    | sort_tracker.py:100 | Updated track 18 with car at (435.3, 95.3)
2025-08-25 09:47:04 | RSUFusion.Track | DEBUG    | sort_tracker.py:100 | Updated track 14 with car at (472.9, 99.2)
2025-08-25 09:47:04 | RSUFusion.Track | DEBUG    | sort_tracker.py:100 | Updated track 23 with truck at (331.4, 94.6)
2025-08-25 09:47:04 | RSUFusion.Track | DEBUG    | sort_tracker.py:100 | Updated track 18 with car at (435.4, 95.2)
2025-08-25 09:47:04 | RSUFusion.Track | DEBUG    | sort_tracker.py:100 | Updated track 24 with truck at (409.1, 94.0)
2025-08-25 09:47:04 | RSUFusion.Track | DEBUG    | sort_tracker.py:100 | Updated track 14 with car at (472.9, 99.2)
2025-08-25 09:47:04 | RSUFusion.Track | DEBUG    | sort_tracker.py:100 | Updated track 23 with truck at (331.3, 94.7)
2025-08-25 09:47:04 | RSUFusion.Track | DEBUG    | sort_tracker.py:100 | Updated track 18 with car at (435.4, 95.2)
2025-08-25 09:47:04 | RSUFusion.Track | DEBUG    | sort_tracker.py:100 | Updated track 24 with truck at (409.1, 94.0)
2025-08-25 09:47:04 | RSUFusion.Track | DEBUG    | sort_tracker.py:100 | Updated track 14 with car at (472.9, 99.2)
2025-08-25 09:47:04 | RSUFusion.Track | DEBUG    | sort_tracker.py:100 | Updated track 23 with truck at (331.4, 94.7)
2025-08-25 09:47:04 | RSUFusion.Track | DEBUG    | sort_tracker.py:100 | Updated track 18 with car at (435.3, 95.4)
2025-08-25 09:47:04 | RSUFusion.Track | DEBUG    | sort_tracker.py:100 | Updated track 24 with truck at (409.1, 94.0)
2025-08-25 09:47:04 | RSUFusion.VisualizationProcess | DEBUG    | run_phase1.py:346 | Visualization: 52.1 FPS
2025-08-25 09:47:04 | RSUFusion.Track | DEBUG    | sort_tracker.py:100 | Updated track 14 with car at (472.9, 99.2)
2025-08-25 09:47:04 | RSUFusion.Track | DEBUG    | sort_tracker.py:100 | Updated track 23 with truck at (331.4, 94.7)
2025-08-25 09:47:04 | RSUFusion.Track | DEBUG    | sort_tracker.py:100 | Updated track 18 with car at (435.3, 95.2)
2025-08-25 09:47:04 | RSUFusion.Track | DEBUG    | sort_tracker.py:100 | Updated track 24 with truck at (409.1, 94.0)
2025-08-25 09:47:04 | RSUFusion.YOLODetector | DEBUG    | yolo_detector.py:155 | Detection performance: 57.6 FPS, 4 objects detected
2025-08-25 09:47:04 | RSUFusion.DetectionProcess | DEBUG    | run_phase1.py:198 | Detection: 57.9 FPS, 4682 detections processed
2025-08-25 09:47:04 | RSUFusion.Track | DEBUG    | sort_tracker.py:100 | Updated track 14 with car at (472.7, 99.2)
2025-08-25 09:47:04 | RSUFusion.Track | DEBUG    | sort_tracker.py:100 | Updated track 23 with truck at (331.5, 94.8)
2025-08-25 09:47:04 | RSUFusion.Track | DEBUG    | sort_tracker.py:100 | Updated track 18 with car at (435.3, 95.3)
2025-08-25 09:47:04 | RSUFusion.Track | DEBUG    | sort_tracker.py:100 | Updated track 24 with truck at (409.1, 94.0)
2025-08-25 09:47:04 | RSUFusion.SORTTracker | DEBUG    | sort_tracker.py:208 | SORT performance: 1.0ms/frame, 4 confirmed tracks
2025-08-25 09:47:04 | RSUFusion.TrackingProcess | DEBUG    | run_phase1.py:268 | Tracking: 4 confirmed tracks
2025-08-25 09:47:04 | RSUFusion.Track | DEBUG    | sort_tracker.py:100 | Updated track 14 with car at (472.7, 99.1)
2025-08-25 09:47:04 | RSUFusion.Track | DEBUG    | sort_tracker.py:100 | Updated track 23 with truck at (331.5, 94.8)
2025-08-25 09:47:04 | RSUFusion.Track | DEBUG    | sort_tracker.py:100 | Updated track 18 with car at (435.4, 95.1)
2025-08-25 09:47:04 | RSUFusion.Track | DEBUG    | sort_tracker.py:100 | Updated track 24 with truck at (409.1, 94.0)
2025-08-25 09:47:04 | RSUFusion.Track | DEBUG    | sort_tracker.py:100 | Updated track 14 with car at (472.7, 99.0)
2025-08-25 09:47:04 | RSUFusion.Track | DEBUG    | sort_tracker.py:100 | Updated track 23 with truck at (331.5, 94.7)
2025-08-25 09:47:04 | RSUFusion.Track | DEBUG    | sort_tracker.py:100 | Updated track 18 with car at (435.3, 95.1)
2025-08-25 09:47:04 | RSUFusion.Track | DEBUG    | sort_tracker.py:100 | Updated track 24 with truck at (409.0, 94.1)
2025-08-25 09:47:04 | RSUFusion.Track | DEBUG    | sort_tracker.py:100 | Updated track 14 with car at (472.6, 99.1)
2025-08-25 09:47:04 | RSUFusion.Track | DEBUG    | sort_tracker.py:100 | Updated track 23 with truck at (331.4, 94.7)
2025-08-25 09:47:04 | RSUFusion.Track | DEBUG    | sort_tracker.py:100 | Updated track 18 with car at (435.3, 95.2)
2025-08-25 09:47:04 | RSUFusion.Track | DEBUG    | sort_tracker.py:100 | Updated track 14 with car at (472.9, 99.2)
2025-08-25 09:47:04 | RSUFusion.Track | DEBUG    | sort_tracker.py:100 | Updated track 23 with truck at (331.4, 94.7)
2025-08-25 09:47:04 | RSUFusion.Track | DEBUG    | sort_tracker.py:100 | Updated track 18 with car at (435.4, 95.2)
2025-08-25 09:47:04 | RSUFusion.VisualizationProcess | DEBUG    | run_phase1.py:346 | Visualization: 48.0 FPS
2025-08-25 09:47:05 | RSUFusion.Track | DEBUG    | sort_tracker.py:100 | Updated track 14 with car at (472.9, 99.2)
2025-08-25 09:47:05 | RSUFusion.Track | DEBUG    | sort_tracker.py:100 | Updated track 23 with truck at (331.4, 94.8)
2025-08-25 09:47:05 | RSUFusion.Track | DEBUG    | sort_tracker.py:100 | Updated track 18 with car at (435.3, 95.4)
2025-08-25 09:47:05 | RSUFusion.Track | DEBUG    | sort_tracker.py:100 | Updated track 24 with truck at (409.1, 94.0)
2025-08-25 09:47:05 | RSUFusion.Track | DEBUG    | sort_tracker.py:100 | Updated track 14 with car at (472.8, 99.2)
2025-08-25 09:47:05 | RSUFusion.Track | DEBUG    | sort_tracker.py:100 | Updated track 23 with truck at (331.5, 94.7)
2025-08-25 09:47:05 | RSUFusion.Track | DEBUG    | sort_tracker.py:100 | Updated track 18 with car at (435.3, 95.2)
2025-08-25 09:47:05 | RSUFusion.Track | DEBUG    | sort_tracker.py:100 | Updated track 24 with truck at (409.1, 94.0)
2025-08-25 09:47:05 | RSUFusion.Track | DEBUG    | sort_tracker.py:100 | Updated track 14 with car at (472.9, 99.1)
2025-08-25 09:47:05 | RSUFusion.Track | DEBUG    | sort_tracker.py:100 | Updated track 23 with truck at (331.5, 94.7)
2025-08-25 09:47:05 | RSUFusion.Track | DEBUG    | sort_tracker.py:100 | Updated track 18 with car at (435.2, 95.2)
2025-08-25 09:47:05 | RSUFusion.Track | DEBUG    | sort_tracker.py:100 | Updated track 24 with truck at (409.1, 94.0)
2025-08-25 09:47:05 | RSUFusion.Track | DEBUG    | sort_tracker.py:100 | Updated track 14 with car at (472.8, 99.1)
2025-08-25 09:47:05 | RSUFusion.Track | DEBUG    | sort_tracker.py:100 | Updated track 23 with truck at (331.5, 94.8)
2025-08-25 09:47:05 | RSUFusion.Track | DEBUG    | sort_tracker.py:100 | Updated track 18 with car at (435.3, 95.2)
2025-08-25 09:47:05 | RSUFusion.Track | DEBUG    | sort_tracker.py:100 | Updated track 24 with truck at (409.1, 94.0)
2025-08-25 09:47:05 | RSUFusion.Track | DEBUG    | sort_tracker.py:100 | Updated track 14 with car at (472.7, 99.1)
2025-08-25 09:47:05 | RSUFusion.Track | DEBUG    | sort_tracker.py:100 | Updated track 23 with truck at (331.5, 94.7)
2025-08-25 09:47:05 | RSUFusion.Track | DEBUG    | sort_tracker.py:100 | Updated track 18 with car at (435.3, 95.2)
2025-08-25 09:47:05 | RSUFusion.Track | DEBUG    | sort_tracker.py:100 | Updated track 24 with truck at (409.0, 94.0)
2025-08-25 09:47:05 | RSUFusion.Track | DEBUG    | sort_tracker.py:100 | Updated track 14 with car at (472.8, 99.1)
2025-08-25 09:47:05 | RSUFusion.Track | DEBUG    | sort_tracker.py:100 | Updated track 23 with truck at (331.5, 94.7)
2025-08-25 09:47:05 | RSUFusion.Track | DEBUG    | sort_tracker.py:100 | Updated track 18 with car at (435.3, 95.2)
2025-08-25 09:47:05 | RSUFusion.Track | DEBUG    | sort_tracker.py:100 | Updated track 24 with truck at (409.0, 94.1)
2025-08-25 09:47:05 | RSUFusion.VisualizationProcess | DEBUG    | run_phase1.py:346 | Visualization: 49.9 FPS
2025-08-25 09:47:05 | RSUFusion.Track | DEBUG    | sort_tracker.py:100 | Updated track 14 with car at (472.7, 99.1)
2025-08-25 09:47:05 | RSUFusion.Track | DEBUG    | sort_tracker.py:100 | Updated track 23 with truck at (331.4, 94.7)
2025-08-25 09:47:05 | RSUFusion.Track | DEBUG    | sort_tracker.py:100 | Updated track 18 with car at (435.2, 95.3)
2025-08-25 09:47:05 | RSUFusion.Track | DEBUG    | sort_tracker.py:100 | Updated track 24 with truck at (409.0, 94.0)
2025-08-25 09:47:05 | RSUFusion.Track | DEBUG    | sort_tracker.py:100 | Updated track 14 with car at (472.9, 99.2)
2025-08-25 09:47:05 | RSUFusion.Track | DEBUG    | sort_tracker.py:100 | Updated track 23 with truck at (331.5, 94.7)
2025-08-25 09:47:05 | RSUFusion.Track | DEBUG    | sort_tracker.py:100 | Updated track 18 with car at (435.2, 95.3)
2025-08-25 09:47:05 | RSUFusion.Track | DEBUG    | sort_tracker.py:100 | Updated track 14 with car at (472.9, 99.2)
2025-08-25 09:47:05 | RSUFusion.Track | DEBUG    | sort_tracker.py:100 | Updated track 23 with truck at (331.4, 94.8)
2025-08-25 09:47:05 | RSUFusion.Track | DEBUG    | sort_tracker.py:100 | Updated track 18 with car at (435.4, 95.3)
2025-08-25 09:47:05 | RSUFusion.Track | DEBUG    | sort_tracker.py:100 | Updated track 24 with truck at (409.1, 94.0)
2025-08-25 09:47:05 | RSUFusion.Track | DEBUG    | sort_tracker.py:100 | Updated track 14 with car at (472.9, 99.2)
2025-08-25 09:47:05 | RSUFusion.Track | DEBUG    | sort_tracker.py:100 | Updated track 23 with truck at (331.5, 94.7)
2025-08-25 09:47:05 | RSUFusion.Track | DEBUG    | sort_tracker.py:100 | Updated track 18 with car at (435.3, 95.4)
2025-08-25 09:47:05 | RSUFusion.CameraProcess | DEBUG    | run_phase1.py:146 | Ambulance speed: 0.0 km/h
2025-08-25 09:47:06 | RSUFusion.Track | DEBUG    | sort_tracker.py:100 | Updated track 14 with car at (472.9, 99.1)
2025-08-25 09:47:06 | RSUFusion.Track | DEBUG    | sort_tracker.py:100 | Updated track 23 with truck at (331.5, 94.8)
2025-08-25 09:47:06 | RSUFusion.Track | DEBUG    | sort_tracker.py:100 | Updated track 18 with car at (435.3, 95.2)
2025-08-25 09:47:06 | RSUFusion.Track | DEBUG    | sort_tracker.py:100 | Updated track 24 with truck at (409.1, 94.0)
2025-08-25 09:47:06 | RSUFusion.Track | DEBUG    | sort_tracker.py:100 | Updated track 14 with car at (472.8, 99.2)
2025-08-25 09:47:06 | RSUFusion.Track | DEBUG    | sort_tracker.py:100 | Updated track 23 with truck at (331.5, 94.8)
2025-08-25 09:47:06 | RSUFusion.Track | DEBUG    | sort_tracker.py:100 | Updated track 18 with car at (435.3, 95.3)
2025-08-25 09:47:06 | RSUFusion.Track | DEBUG    | sort_tracker.py:100 | Updated track 24 with truck at (409.1, 94.0)
2025-08-25 09:47:06 | RSUFusion.VisualizationProcess | DEBUG    | run_phase1.py:346 | Visualization: 49.4 FPS
2025-08-25 09:47:06 | RSUFusion.Track | DEBUG    | sort_tracker.py:100 | Updated track 14 with car at (472.8, 99.1)
2025-08-25 09:47:06 | RSUFusion.Track | DEBUG    | sort_tracker.py:100 | Updated track 23 with truck at (331.6, 94.7)
2025-08-25 09:47:06 | RSUFusion.Track | DEBUG    | sort_tracker.py:100 | Updated track 18 with car at (435.4, 95.3)
2025-08-25 09:47:06 | RSUFusion.Track | DEBUG    | sort_tracker.py:100 | Updated track 24 with truck at (409.0, 94.0)
2025-08-25 09:47:06 | RSUFusion.Track | DEBUG    | sort_tracker.py:100 | Updated track 14 with car at (472.7, 99.0)
2025-08-25 09:47:06 | RSUFusion.Track | DEBUG    | sort_tracker.py:100 | Updated track 23 with truck at (331.5, 94.7)
2025-08-25 09:47:06 | RSUFusion.Track | DEBUG    | sort_tracker.py:100 | Updated track 18 with car at (435.3, 95.2)
2025-08-25 09:47:06 | RSUFusion.Track | DEBUG    | sort_tracker.py:100 | Updated track 24 with truck at (409.0, 94.1)
2025-08-25 09:47:06 | RSUFusion.Track | DEBUG    | sort_tracker.py:100 | Updated track 14 with car at (472.6, 99.1)
2025-08-25 09:47:06 | RSUFusion.Track | DEBUG    | sort_tracker.py:100 | Updated track 23 with truck at (331.5, 94.7)
2025-08-25 09:47:06 | RSUFusion.Track | DEBUG    | sort_tracker.py:100 | Updated track 18 with car at (435.3, 95.3)
2025-08-25 09:47:06 | RSUFusion.Track | DEBUG    | sort_tracker.py:100 | Updated track 14 with car at (472.9, 99.2)
2025-08-25 09:47:06 | RSUFusion.Track | DEBUG    | sort_tracker.py:100 | Updated track 23 with truck at (331.5, 94.7)
2025-08-25 09:47:06 | RSUFusion.Track | DEBUG    | sort_tracker.py:100 | Updated track 18 with car at (435.3, 95.3)
2025-08-25 09:47:06 | RSUFusion.Track | DEBUG    | sort_tracker.py:100 | Updated track 14 with car at (472.9, 99.2)
2025-08-25 09:47:06 | RSUFusion.Track | DEBUG    | sort_tracker.py:100 | Updated track 23 with truck at (331.5, 94.8)
2025-08-25 09:47:06 | RSUFusion.Track | DEBUG    | sort_tracker.py:100 | Updated track 18 with car at (435.3, 95.4)
2025-08-25 09:47:06 | RSUFusion.Track | DEBUG    | sort_tracker.py:100 | Updated track 24 with truck at (409.1, 94.0)
2025-08-25 09:47:06 | RSUFusion.VisualizationProcess | DEBUG    | run_phase1.py:346 | Visualization: 50.6 FPS
2025-08-25 09:47:06 | RSUFusion.Track | DEBUG    | sort_tracker.py:100 | Updated track 14 with car at (472.8, 99.2)
2025-08-25 09:47:06 | RSUFusion.Track | DEBUG    | sort_tracker.py:100 | Updated track 23 with truck at (331.6, 94.7)
2025-08-25 09:47:06 | RSUFusion.Track | DEBUG    | sort_tracker.py:100 | Updated track 18 with car at (435.3, 95.4)
2025-08-25 09:47:06 | RSUFusion.Track | DEBUG    | sort_tracker.py:100 | Updated track 24 with truck at (409.1, 94.0)
2025-08-25 09:47:06 | RSUFusion.Track | DEBUG    | sort_tracker.py:100 | Updated track 14 with car at (472.9, 99.1)
2025-08-25 09:47:06 | RSUFusion.Track | DEBUG    | sort_tracker.py:100 | Updated track 23 with truck at (331.6, 94.7)
2025-08-25 09:47:06 | RSUFusion.Track | DEBUG    | sort_tracker.py:100 | Updated track 18 with car at (435.3, 95.3)
2025-08-25 09:47:06 | RSUFusion.Track | DEBUG    | sort_tracker.py:100 | Updated track 24 with truck at (409.1, 94.0)
2025-08-25 09:47:07 | RSUFusion.Track | DEBUG    | sort_tracker.py:100 | Updated track 14 with car at (472.8, 99.2)
2025-08-25 09:47:07 | RSUFusion.Track | DEBUG    | sort_tracker.py:100 | Updated track 23 with truck at (331.6, 94.7)
2025-08-25 09:47:07 | RSUFusion.Track | DEBUG    | sort_tracker.py:100 | Updated track 18 with car at (435.3, 95.3)
2025-08-25 09:47:07 | RSUFusion.Track | DEBUG    | sort_tracker.py:100 | Updated track 24 with truck at (409.1, 94.0)
2025-08-25 09:47:07 | RSUFusion.Track | DEBUG    | sort_tracker.py:100 | Updated track 14 with car at (472.8, 99.2)
2025-08-25 09:47:07 | RSUFusion.Track | DEBUG    | sort_tracker.py:100 | Updated track 23 with truck at (331.6, 94.7)
2025-08-25 09:47:07 | RSUFusion.Track | DEBUG    | sort_tracker.py:100 | Updated track 18 with car at (435.3, 95.3)
2025-08-25 09:47:07 | RSUFusion.Track | DEBUG    | sort_tracker.py:100 | Updated track 24 with truck at (409.1, 94.0)
2025-08-25 09:47:07 | RSUFusion.Track | DEBUG    | sort_tracker.py:100 | Updated track 14 with car at (472.7, 99.1)
2025-08-25 09:47:07 | RSUFusion.Track | DEBUG    | sort_tracker.py:100 | Updated track 23 with truck at (331.6, 94.7)
2025-08-25 09:47:07 | RSUFusion.Track | DEBUG    | sort_tracker.py:100 | Updated track 18 with car at (435.3, 95.2)
2025-08-25 09:47:07 | RSUFusion.Track | DEBUG    | sort_tracker.py:100 | Updated track 14 with car at (472.7, 99.1)
2025-08-25 09:47:07 | RSUFusion.Track | DEBUG    | sort_tracker.py:100 | Updated track 23 with truck at (331.5, 94.7)
2025-08-25 09:47:07 | RSUFusion.Track | DEBUG    | sort_tracker.py:100 | Updated track 18 with car at (435.3, 95.2)
2025-08-25 09:47:07 | RSUFusion.VisualizationProcess | DEBUG    | run_phase1.py:346 | Visualization: 49.5 FPS
2025-08-25 09:47:07 | RSUFusion.Track | DEBUG    | sort_tracker.py:100 | Updated track 14 with car at (472.9, 99.2)
2025-08-25 09:47:07 | RSUFusion.Track | DEBUG    | sort_tracker.py:100 | Updated track 23 with truck at (331.6, 94.7)
2025-08-25 09:47:07 | RSUFusion.Track | DEBUG    | sort_tracker.py:100 | Updated track 18 with car at (435.3, 95.3)
2025-08-25 09:47:07 | RSUFusion.Track | DEBUG    | sort_tracker.py:100 | Updated track 14 with car at (472.8, 99.1)
2025-08-25 09:47:07 | RSUFusion.Track | DEBUG    | sort_tracker.py:100 | Updated track 23 with truck at (331.5, 94.8)
2025-08-25 09:47:07 | RSUFusion.Track | DEBUG    | sort_tracker.py:100 | Updated track 18 with car at (435.3, 95.3)
2025-08-25 09:47:07 | RSUFusion.Track | DEBUG    | sort_tracker.py:100 | Updated track 24 with truck at (409.1, 94.0)
2025-08-25 09:47:07 | RSUFusion.YOLODetector | DEBUG    | yolo_detector.py:155 | Detection performance: 50.7 FPS, 4 objects detected
2025-08-25 09:47:07 | RSUFusion.DetectionProcess | DEBUG    | run_phase1.py:198 | Detection: 55.9 FPS, 4793 detections processed
2025-08-25 09:47:07 | RSUFusion.Track | DEBUG    | sort_tracker.py:100 | Updated track 14 with car at (472.9, 99.2)
2025-08-25 09:47:07 | RSUFusion.Track | DEBUG    | sort_tracker.py:100 | Updated track 23 with truck at (331.6, 94.7)
2025-08-25 09:47:07 | RSUFusion.Track | DEBUG    | sort_tracker.py:100 | Updated track 18 with car at (435.3, 95.3)
2025-08-25 09:47:07 | RSUFusion.Track | DEBUG    | sort_tracker.py:100 | Updated track 24 with truck at (409.1, 94.0)
2025-08-25 09:47:07 | RSUFusion.SORTTracker | DEBUG    | sort_tracker.py:208 | SORT performance: 1.0ms/frame, 4 confirmed tracks
2025-08-25 09:47:07 | RSUFusion.TrackingProcess | DEBUG    | run_phase1.py:268 | Tracking: 4 confirmed tracks
2025-08-25 09:47:07 | RSUFusion.Track | DEBUG    | sort_tracker.py:100 | Updated track 14 with car at (472.9, 99.1)
2025-08-25 09:47:07 | RSUFusion.Track | DEBUG    | sort_tracker.py:100 | Updated track 23 with truck at (331.6, 94.8)
2025-08-25 09:47:07 | RSUFusion.Track | DEBUG    | sort_tracker.py:100 | Updated track 18 with car at (435.3, 95.3)
2025-08-25 09:47:07 | RSUFusion.Track | DEBUG    | sort_tracker.py:100 | Updated track 24 with truck at (409.1, 94.0)
2025-08-25 09:47:07 | RSUFusion.Track | DEBUG    | sort_tracker.py:100 | Updated track 14 with car at (472.8, 99.2)
2025-08-25 09:47:07 | RSUFusion.Track | DEBUG    | sort_tracker.py:100 | Updated track 23 with truck at (331.6, 94.8)
2025-08-25 09:47:07 | RSUFusion.Track | DEBUG    | sort_tracker.py:100 | Updated track 18 with car at (435.3, 95.4)
2025-08-25 09:47:07 | RSUFusion.Track | DEBUG    | sort_tracker.py:100 | Updated track 24 with truck at (409.1, 94.0)
2025-08-25 09:47:07 | RSUFusion.VisualizationProcess | DEBUG    | run_phase1.py:346 | Visualization: 51.5 FPS
2025-08-25 09:47:07 | RSUFusion.Track | DEBUG    | sort_tracker.py:100 | Updated track 14 with car at (472.8, 99.2)
2025-08-25 09:47:07 | RSUFusion.Track | DEBUG    | sort_tracker.py:100 | Updated track 23 with truck at (331.6, 94.8)
2025-08-25 09:47:07 | RSUFusion.Track | DEBUG    | sort_tracker.py:100 | Updated track 18 with car at (435.3, 95.4)
2025-08-25 09:47:07 | RSUFusion.Track | DEBUG    | sort_tracker.py:100 | Updated track 24 with truck at (409.0, 94.0)
2025-08-25 09:47:08 | RSUFusion.Track | DEBUG    | sort_tracker.py:100 | Updated track 14 with car at (472.8, 99.2)
2025-08-25 09:47:08 | RSUFusion.Track | DEBUG    | sort_tracker.py:100 | Updated track 23 with truck at (331.6, 94.7)
2025-08-25 09:47:08 | RSUFusion.Track | DEBUG    | sort_tracker.py:100 | Updated track 18 with car at (435.3, 95.3)
2025-08-25 09:47:08 | RSUFusion.Track | DEBUG    | sort_tracker.py:100 | Updated track 24 with truck at (409.0, 94.1)
2025-08-25 09:47:08 | RSUFusion.Track | DEBUG    | sort_tracker.py:100 | Updated track 14 with car at (472.8, 99.2)
2025-08-25 09:47:08 | RSUFusion.Track | DEBUG    | sort_tracker.py:100 | Updated track 23 with truck at (331.6, 94.7)
2025-08-25 09:47:08 | RSUFusion.Track | DEBUG    | sort_tracker.py:100 | Updated track 18 with car at (435.2, 95.3)
2025-08-25 09:47:08 | RSUFusion.Phase1System | INFO     | run_phase1.py:398 | === System Performance Stats ===
2025-08-25 09:47:08 | RSUFusion.Phase1System | INFO     | run_phase1.py:408 | Visualization: 51.5 FPS
2025-08-25 09:47:08 | RSUFusion.Phase1System | INFO     | run_phase1.py:402 | Detection: 55.9 FPS
2025-08-25 09:47:08 | RSUFusion.Phase1System | INFO     | run_phase1.py:406 | Tracking: 4/4 tracks
2025-08-25 09:47:08 | RSUFusion.Phase1System | INFO     | run_phase1.py:411 | Queue sizes - Detection Images: 0, Visualization Images: 1, Detections: 0, Tracking: 0
2025-08-25 09:47:08 | RSUFusion.Track | DEBUG    | sort_tracker.py:100 | Updated track 14 with car at (472.9, 99.1)
2025-08-25 09:47:08 | RSUFusion.Track | DEBUG    | sort_tracker.py:100 | Updated track 23 with truck at (331.6, 94.7)
2025-08-25 09:47:08 | RSUFusion.Track | DEBUG    | sort_tracker.py:100 | Updated track 18 with car at (435.3, 95.1)
2025-08-25 09:47:08 | RSUFusion.Track | DEBUG    | sort_tracker.py:100 | Updated track 14 with car at (472.9, 99.2)
2025-08-25 09:47:08 | RSUFusion.Track | DEBUG    | sort_tracker.py:100 | Updated track 23 with truck at (331.5, 94.7)
2025-08-25 09:47:08 | RSUFusion.Track | DEBUG    | sort_tracker.py:100 | Updated track 18 with car at (435.3, 95.2)
2025-08-25 09:47:08 | RSUFusion.Track | DEBUG    | sort_tracker.py:100 | Updated track 24 with truck at (409.1, 94.0)
2025-08-25 09:47:08 | RSUFusion.Track | DEBUG    | sort_tracker.py:100 | Updated track 14 with car at (472.9, 99.2)
2025-08-25 09:47:08 | RSUFusion.Track | DEBUG    | sort_tracker.py:100 | Updated track 23 with truck at (331.6, 94.7)
2025-08-25 09:47:08 | RSUFusion.Track | DEBUG    | sort_tracker.py:100 | Updated track 18 with car at (435.3, 95.3)
2025-08-25 09:47:08 | RSUFusion.Track | DEBUG    | sort_tracker.py:100 | Updated track 24 with truck at (409.1, 94.0)
2025-08-25 09:47:08 | RSUFusion.VisualizationProcess | DEBUG    | run_phase1.py:346 | Visualization: 49.8 FPS
2025-08-25 09:47:08 | RSUFusion.Track | DEBUG    | sort_tracker.py:100 | Updated track 14 with car at (472.9, 99.1)
2025-08-25 09:47:08 | RSUFusion.Track | DEBUG    | sort_tracker.py:100 | Updated track 23 with truck at (331.6, 94.7)
2025-08-25 09:47:08 | RSUFusion.Track | DEBUG    | sort_tracker.py:100 | Updated track 18 with car at (435.3, 95.3)
2025-08-25 09:47:08 | RSUFusion.Track | DEBUG    | sort_tracker.py:100 | Updated track 24 with truck at (409.1, 94.0)
2025-08-25 09:47:08 | RSUFusion.Track | DEBUG    | sort_tracker.py:100 | Updated track 14 with car at (472.8, 99.2)
2025-08-25 09:47:08 | RSUFusion.Track | DEBUG    | sort_tracker.py:100 | Updated track 23 with truck at (331.6, 94.8)
2025-08-25 09:47:08 | RSUFusion.Track | DEBUG    | sort_tracker.py:100 | Updated track 18 with car at (435.3, 95.3)
2025-08-25 09:47:08 | RSUFusion.Track | DEBUG    | sort_tracker.py:100 | Updated track 24 with truck at (409.1, 94.0)
2025-08-25 09:47:08 | RSUFusion.Track | DEBUG    | sort_tracker.py:100 | Updated track 14 with car at (472.8, 99.2)
2025-08-25 09:47:08 | RSUFusion.Track | DEBUG    | sort_tracker.py:100 | Updated track 23 with truck at (331.6, 94.7)
2025-08-25 09:47:08 | RSUFusion.Track | DEBUG    | sort_tracker.py:100 | Updated track 18 with car at (435.4, 95.2)
2025-08-25 09:47:08 | RSUFusion.Track | DEBUG    | sort_tracker.py:100 | Updated track 24 with truck at (409.1, 94.0)
2025-08-25 09:47:08 | RSUFusion.Track | DEBUG    | sort_tracker.py:100 | Updated track 14 with car at (472.8, 99.1)
2025-08-25 09:47:08 | RSUFusion.Track | DEBUG    | sort_tracker.py:100 | Updated track 23 with truck at (331.6, 94.8)
2025-08-25 09:47:08 | RSUFusion.Track | DEBUG    | sort_tracker.py:100 | Updated track 18 with car at (435.3, 95.2)
2025-08-25 09:47:08 | RSUFusion.Track | DEBUG    | sort_tracker.py:100 | Updated track 24 with truck at (409.0, 94.1)
2025-08-25 09:47:09 | RSUFusion.Track | DEBUG    | sort_tracker.py:100 | Updated track 14 with car at (472.6, 99.1)
2025-08-25 09:47:09 | RSUFusion.Track | DEBUG    | sort_tracker.py:100 | Updated track 23 with truck at (331.6, 94.8)
2025-08-25 09:47:09 | RSUFusion.Track | DEBUG    | sort_tracker.py:100 | Updated track 18 with car at (435.3, 95.1)
2025-08-25 09:47:09 | RSUFusion.Track | DEBUG    | sort_tracker.py:100 | Updated track 14 with car at (472.8, 99.2)
2025-08-25 09:47:09 | RSUFusion.Track | DEBUG    | sort_tracker.py:100 | Updated track 23 with truck at (331.6, 94.7)
2025-08-25 09:47:09 | RSUFusion.Track | DEBUG    | sort_tracker.py:100 | Updated track 18 with car at (435.3, 95.1)
2025-08-25 09:47:09 | RSUFusion.CameraProcess | DEBUG    | run_phase1.py:146 | Ambulance speed: 0.0 km/h
2025-08-25 09:47:09 | RSUFusion.VisualizationProcess | DEBUG    | run_phase1.py:346 | Visualization: 50.4 FPS
2025-08-25 09:47:09 | RSUFusion.Track | DEBUG    | sort_tracker.py:100 | Updated track 14 with car at (472.9, 99.2)
2025-08-25 09:47:09 | RSUFusion.Track | DEBUG    | sort_tracker.py:100 | Updated track 23 with truck at (331.5, 94.8)
2025-08-25 09:47:09 | RSUFusion.Track | DEBUG    | sort_tracker.py:100 | Updated track 18 with car at (435.4, 95.2)
2025-08-25 09:47:09 | RSUFusion.Track | DEBUG    | sort_tracker.py:100 | Updated track 24 with truck at (409.1, 94.0)
2025-08-25 09:47:09 | RSUFusion.Track | DEBUG    | sort_tracker.py:100 | Updated track 14 with car at (472.9, 99.2)
2025-08-25 09:47:09 | RSUFusion.Track | DEBUG    | sort_tracker.py:100 | Updated track 23 with truck at (331.7, 94.7)
2025-08-25 09:47:09 | RSUFusion.Track | DEBUG    | sort_tracker.py:100 | Updated track 18 with car at (435.3, 95.3)
2025-08-25 09:47:09 | RSUFusion.Track | DEBUG    | sort_tracker.py:100 | Updated track 24 with truck at (409.1, 94.0)
2025-08-25 09:47:09 | RSUFusion.Track | DEBUG    | sort_tracker.py:100 | Updated track 14 with car at (472.9, 99.1)
2025-08-25 09:47:09 | RSUFusion.Track | DEBUG    | sort_tracker.py:100 | Updated track 23 with truck at (331.6, 94.7)
2025-08-25 09:47:09 | RSUFusion.Track | DEBUG    | sort_tracker.py:100 | Updated track 18 with car at (435.2, 95.4)
2025-08-25 09:47:09 | RSUFusion.Track | DEBUG    | sort_tracker.py:100 | Updated track 24 with truck at (409.1, 94.0)
2025-08-25 09:47:09 | RSUFusion.Track | DEBUG    | sort_tracker.py:100 | Updated track 14 with car at (472.8, 99.2)
2025-08-25 09:47:09 | RSUFusion.Track | DEBUG    | sort_tracker.py:100 | Updated track 23 with truck at (331.6, 94.7)
2025-08-25 09:47:09 | RSUFusion.Track | DEBUG    | sort_tracker.py:100 | Updated track 18 with car at (435.3, 95.2)
2025-08-25 09:47:09 | RSUFusion.Track | DEBUG    | sort_tracker.py:100 | Updated track 24 with truck at (409.1, 94.0)
2025-08-25 09:47:09 | RSUFusion.Track | DEBUG    | sort_tracker.py:100 | Updated track 14 with car at (472.8, 99.2)
2025-08-25 09:47:09 | RSUFusion.Track | DEBUG    | sort_tracker.py:100 | Updated track 23 with truck at (331.6, 94.7)
2025-08-25 09:47:09 | RSUFusion.Track | DEBUG    | sort_tracker.py:100 | Updated track 18 with car at (435.3, 95.3)
2025-08-25 09:47:09 | RSUFusion.Track | DEBUG    | sort_tracker.py:100 | Updated track 24 with truck at (409.1, 94.0)
2025-08-25 09:47:09 | RSUFusion.VisualizationProcess | DEBUG    | run_phase1.py:346 | Visualization: 51.1 FPS
2025-08-25 09:47:09 | RSUFusion.Track | DEBUG    | sort_tracker.py:100 | Updated track 14 with car at (472.8, 99.1)
2025-08-25 09:47:09 | RSUFusion.Track | DEBUG    | sort_tracker.py:100 | Updated track 23 with truck at (331.6, 94.7)
2025-08-25 09:47:09 | RSUFusion.Track | DEBUG    | sort_tracker.py:100 | Updated track 18 with car at (435.3, 95.1)
2025-08-25 09:47:09 | RSUFusion.Track | DEBUG    | sort_tracker.py:100 | Updated track 14 with car at (472.7, 99.2)
2025-08-25 09:47:09 | RSUFusion.Track | DEBUG    | sort_tracker.py:100 | Updated track 23 with truck at (331.5, 94.7)
2025-08-25 09:47:09 | RSUFusion.Track | DEBUG    | sort_tracker.py:100 | Updated track 18 with car at (435.3, 95.2)
2025-08-25 09:47:10 | RSUFusion.Track | DEBUG    | sort_tracker.py:100 | Updated track 14 with car at (472.9, 99.1)
2025-08-25 09:47:10 | RSUFusion.Track | DEBUG    | sort_tracker.py:100 | Updated track 23 with truck at (331.5, 94.7)
2025-08-25 09:47:10 | RSUFusion.Track | DEBUG    | sort_tracker.py:100 | Updated track 18 with car at (435.4, 95.1)
2025-08-25 09:47:10 | RSUFusion.Track | DEBUG    | sort_tracker.py:100 | Updated track 24 with truck at (409.0, 94.0)
2025-08-25 09:47:10 | RSUFusion.Track | DEBUG    | sort_tracker.py:100 | Updated track 14 with car at (472.8, 99.0)
2025-08-25 09:47:10 | RSUFusion.Track | DEBUG    | sort_tracker.py:100 | Updated track 23 with truck at (331.5, 94.7)
2025-08-25 09:47:10 | RSUFusion.Track | DEBUG    | sort_tracker.py:100 | Updated track 18 with car at (435.3, 95.3)
2025-08-25 09:47:10 | RSUFusion.Track | DEBUG    | sort_tracker.py:100 | Updated track 24 with truck at (409.1, 94.0)
2025-08-25 09:47:10 | RSUFusion.Track | DEBUG    | sort_tracker.py:100 | Updated track 14 with car at (472.9, 99.2)
2025-08-25 09:47:10 | RSUFusion.Track | DEBUG    | sort_tracker.py:100 | Updated track 23 with truck at (331.6, 94.7)
2025-08-25 09:47:10 | RSUFusion.Track | DEBUG    | sort_tracker.py:100 | Updated track 18 with car at (435.3, 95.4)
2025-08-25 09:47:10 | RSUFusion.Track | DEBUG    | sort_tracker.py:100 | Updated track 24 with truck at (409.1, 94.0)
2025-08-25 09:47:10 | RSUFusion.Track | DEBUG    | sort_tracker.py:100 | Updated track 14 with car at (472.9, 99.2)
2025-08-25 09:47:10 | RSUFusion.Track | DEBUG    | sort_tracker.py:100 | Updated track 23 with truck at (331.6, 94.8)
2025-08-25 09:47:10 | RSUFusion.Track | DEBUG    | sort_tracker.py:100 | Updated track 18 with car at (435.3, 95.2)
2025-08-25 09:47:10 | RSUFusion.Track | DEBUG    | sort_tracker.py:100 | Updated track 24 with truck at (409.1, 94.0)
2025-08-25 09:47:10 | RSUFusion.VisualizationProcess | DEBUG    | run_phase1.py:346 | Visualization: 51.4 FPS
2025-08-25 09:47:10 | RSUFusion.Track | DEBUG    | sort_tracker.py:100 | Updated track 14 with car at (472.8, 99.2)
2025-08-25 09:47:10 | RSUFusion.Track | DEBUG    | sort_tracker.py:100 | Updated track 23 with truck at (331.6, 94.8)
2025-08-25 09:47:10 | RSUFusion.Track | DEBUG    | sort_tracker.py:100 | Updated track 18 with car at (435.3, 95.3)
2025-08-25 09:47:10 | RSUFusion.Track | DEBUG    | sort_tracker.py:100 | Updated track 24 with truck at (409.1, 94.0)
2025-08-25 09:47:10 | RSUFusion.Track | DEBUG    | sort_tracker.py:100 | Updated track 14 with car at (472.8, 99.1)
2025-08-25 09:47:10 | RSUFusion.Track | DEBUG    | sort_tracker.py:100 | Updated track 23 with truck at (331.6, 94.8)
2025-08-25 09:47:10 | RSUFusion.Track | DEBUG    | sort_tracker.py:100 | Updated track 18 with car at (435.3, 95.1)
2025-08-25 09:47:10 | RSUFusion.Track | DEBUG    | sort_tracker.py:100 | Updated track 24 with truck at (409.1, 94.0)
2025-08-25 09:47:10 | RSUFusion.Track | DEBUG    | sort_tracker.py:100 | Updated track 14 with car at (472.8, 99.1)
2025-08-25 09:47:10 | RSUFusion.Track | DEBUG    | sort_tracker.py:100 | Updated track 23 with truck at (331.6, 94.7)
2025-08-25 09:47:10 | RSUFusion.Track | DEBUG    | sort_tracker.py:100 | Updated track 18 with car at (435.3, 95.2)
2025-08-25 09:47:10 | RSUFusion.Track | DEBUG    | sort_tracker.py:100 | Updated track 24 with truck at (409.0, 94.1)
2025-08-25 09:47:10 | RSUFusion.Track | DEBUG    | sort_tracker.py:100 | Updated track 14 with car at (472.6, 99.1)
2025-08-25 09:47:10 | RSUFusion.Track | DEBUG    | sort_tracker.py:100 | Updated track 23 with truck at (331.6, 94.7)
2025-08-25 09:47:10 | RSUFusion.Track | DEBUG    | sort_tracker.py:100 | Updated track 18 with car at (435.2, 95.3)
2025-08-25 09:47:10 | RSUFusion.YOLODetector | DEBUG    | yolo_detector.py:155 | Detection performance: 52.5 FPS, 4 objects detected
2025-08-25 09:47:10 | RSUFusion.DetectionProcess | DEBUG    | run_phase1.py:198 | Detection: 53.8 FPS, 4906 detections processed
2025-08-25 09:47:10 | RSUFusion.Track | DEBUG    | sort_tracker.py:100 | Updated track 14 with car at (472.9, 99.2)
2025-08-25 09:47:10 | RSUFusion.Track | DEBUG    | sort_tracker.py:100 | Updated track 23 with truck at (331.6, 94.7)
2025-08-25 09:47:10 | RSUFusion.Track | DEBUG    | sort_tracker.py:100 | Updated track 18 with car at (435.3, 95.2)
2025-08-25 09:47:10 | RSUFusion.Track | DEBUG    | sort_tracker.py:100 | Updated track 24 with truck at (409.0, 94.0)
2025-08-25 09:47:10 | RSUFusion.SORTTracker | DEBUG    | sort_tracker.py:208 | SORT performance: 1.0ms/frame, 4 confirmed tracks
2025-08-25 09:47:10 | RSUFusion.TrackingProcess | DEBUG    | run_phase1.py:268 | Tracking: 4 confirmed tracks
2025-08-25 09:47:10 | RSUFusion.VisualizationProcess | DEBUG    | run_phase1.py:346 | Visualization: 49.7 FPS
2025-08-25 09:47:10 | RSUFusion.Track | DEBUG    | sort_tracker.py:100 | Updated track 14 with car at (472.9, 99.2)
2025-08-25 09:47:10 | RSUFusion.Track | DEBUG    | sort_tracker.py:100 | Updated track 23 with truck at (331.5, 94.8)
2025-08-25 09:47:10 | RSUFusion.Track | DEBUG    | sort_tracker.py:100 | Updated track 18 with car at (435.3, 95.4)
2025-08-25 09:47:10 | RSUFusion.Track | DEBUG    | sort_tracker.py:100 | Updated track 24 with truck at (409.1, 94.0)
2025-08-25 09:47:11 | RSUFusion.Track | DEBUG    | sort_tracker.py:100 | Updated track 14 with car at (472.9, 99.2)
2025-08-25 09:47:11 | RSUFusion.Track | DEBUG    | sort_tracker.py:100 | Updated track 23 with truck at (331.6, 94.7)
2025-08-25 09:47:11 | RSUFusion.Track | DEBUG    | sort_tracker.py:100 | Updated track 18 with car at (435.3, 95.3)
2025-08-25 09:47:11 | RSUFusion.Track | DEBUG    | sort_tracker.py:100 | Updated track 24 with truck at (409.1, 94.0)
2025-08-25 09:47:11 | RSUFusion.Track | DEBUG    | sort_tracker.py:100 | Updated track 14 with car at (472.9, 99.1)
2025-08-25 09:47:11 | RSUFusion.Track | DEBUG    | sort_tracker.py:100 | Updated track 23 with truck at (331.6, 94.7)
2025-08-25 09:47:11 | RSUFusion.Track | DEBUG    | sort_tracker.py:100 | Updated track 18 with car at (435.2, 95.4)
2025-08-25 09:47:11 | RSUFusion.Track | DEBUG    | sort_tracker.py:100 | Updated track 24 with truck at (409.1, 94.0)
2025-08-25 09:47:11 | RSUFusion.Track | DEBUG    | sort_tracker.py:100 | Updated track 14 with car at (472.8, 99.1)
2025-08-25 09:47:11 | RSUFusion.Track | DEBUG    | sort_tracker.py:100 | Updated track 23 with truck at (331.5, 94.8)
2025-08-25 09:47:11 | RSUFusion.Track | DEBUG    | sort_tracker.py:100 | Updated track 18 with car at (435.3, 95.3)
2025-08-25 09:47:11 | RSUFusion.Track | DEBUG    | sort_tracker.py:100 | Updated track 24 with truck at (409.1, 94.0)
2025-08-25 09:47:11 | RSUFusion.Track | DEBUG    | sort_tracker.py:100 | Updated track 14 with car at (472.8, 99.2)
2025-08-25 09:47:11 | RSUFusion.Track | DEBUG    | sort_tracker.py:100 | Updated track 23 with truck at (331.5, 94.7)
2025-08-25 09:47:11 | RSUFusion.Track | DEBUG    | sort_tracker.py:100 | Updated track 18 with car at (435.3, 95.3)
2025-08-25 09:47:11 | RSUFusion.Track | DEBUG    | sort_tracker.py:100 | Updated track 24 with truck at (409.0, 94.0)
2025-08-25 09:47:11 | RSUFusion.Track | DEBUG    | sort_tracker.py:100 | Updated track 14 with car at (472.9, 99.1)
2025-08-25 09:47:11 | RSUFusion.Track | DEBUG    | sort_tracker.py:100 | Updated track 23 with truck at (331.6, 94.7)
2025-08-25 09:47:11 | RSUFusion.Track | DEBUG    | sort_tracker.py:100 | Updated track 18 with car at (435.3, 95.2)
2025-08-25 09:47:11 | RSUFusion.Track | DEBUG    | sort_tracker.py:100 | Updated track 24 with truck at (409.0, 94.1)
2025-08-25 09:47:11 | RSUFusion.VisualizationProcess | DEBUG    | run_phase1.py:346 | Visualization: 49.7 FPS
2025-08-25 09:47:11 | RSUFusion.Track | DEBUG    | sort_tracker.py:100 | Updated track 14 with car at (472.7, 99.1)
2025-08-25 09:47:11 | RSUFusion.Track | DEBUG    | sort_tracker.py:100 | Updated track 23 with truck at (331.5, 94.7)
2025-08-25 09:47:11 | RSUFusion.Track | DEBUG    | sort_tracker.py:100 | Updated track 18 with car at (435.2, 95.3)
2025-08-25 09:47:11 | RSUFusion.Track | DEBUG    | sort_tracker.py:100 | Updated track 24 with truck at (409.0, 94.0)
2025-08-25 09:47:11 | RSUFusion.Track | DEBUG    | sort_tracker.py:100 | Updated track 14 with car at (472.9, 99.2)
2025-08-25 09:47:11 | RSUFusion.Track | DEBUG    | sort_tracker.py:100 | Updated track 23 with truck at (331.6, 94.7)
2025-08-25 09:47:11 | RSUFusion.Track | DEBUG    | sort_tracker.py:100 | Updated track 18 with car at (435.3, 95.2)
2025-08-25 09:47:11 | RSUFusion.Track | DEBUG    | sort_tracker.py:100 | Updated track 14 with car at (472.9, 99.2)
2025-08-25 09:47:11 | RSUFusion.Track | DEBUG    | sort_tracker.py:100 | Updated track 23 with truck at (331.5, 94.8)
2025-08-25 09:47:11 | RSUFusion.Track | DEBUG    | sort_tracker.py:100 | Updated track 18 with car at (435.4, 95.2)
2025-08-25 09:47:11 | RSUFusion.Track | DEBUG    | sort_tracker.py:100 | Updated track 24 with truck at (409.1, 94.0)
2025-08-25 09:47:11 | RSUFusion.Track | DEBUG    | sort_tracker.py:100 | Updated track 14 with car at (472.9, 99.2)
2025-08-25 09:47:11 | RSUFusion.Track | DEBUG    | sort_tracker.py:100 | Updated track 23 with truck at (331.7, 94.7)
2025-08-25 09:47:11 | RSUFusion.Track | DEBUG    | sort_tracker.py:100 | Updated track 18 with car at (435.3, 95.3)
2025-08-25 09:47:11 | RSUFusion.Track | DEBUG    | sort_tracker.py:100 | Updated track 24 with truck at (409.1, 94.0)
2025-08-25 09:47:12 | RSUFusion.Track | DEBUG    | sort_tracker.py:100 | Updated track 14 with car at (472.9, 99.2)
2025-08-25 09:47:12 | RSUFusion.Track | DEBUG    | sort_tracker.py:100 | Updated track 23 with truck at (331.6, 94.8)
2025-08-25 09:47:12 | RSUFusion.Track | DEBUG    | sort_tracker.py:100 | Updated track 18 with car at (435.3, 95.2)
2025-08-25 09:47:12 | RSUFusion.Track | DEBUG    | sort_tracker.py:100 | Updated track 24 with truck at (409.1, 94.0)
2025-08-25 09:47:12 | RSUFusion.Track | DEBUG    | sort_tracker.py:100 | Updated track 14 with car at (472.8, 99.2)
2025-08-25 09:47:12 | RSUFusion.Track | DEBUG    | sort_tracker.py:100 | Updated track 23 with truck at (331.6, 94.8)
2025-08-25 09:47:12 | RSUFusion.Track | DEBUG    | sort_tracker.py:100 | Updated track 18 with car at (435.3, 95.2)
2025-08-25 09:47:12 | RSUFusion.Track | DEBUG    | sort_tracker.py:100 | Updated track 24 with truck at (409.1, 94.0)
2025-08-25 09:47:12 | RSUFusion.VisualizationProcess | DEBUG    | run_phase1.py:346 | Visualization: 51.2 FPS
2025-08-25 09:47:12 | RSUFusion.Track | DEBUG    | sort_tracker.py:100 | Updated track 14 with car at (472.7, 99.1)
2025-08-25 09:47:12 | RSUFusion.Track | DEBUG    | sort_tracker.py:100 | Updated track 23 with truck at (331.6, 94.8)
2025-08-25 09:47:12 | RSUFusion.Track | DEBUG    | sort_tracker.py:100 | Updated track 18 with car at (435.3, 95.2)
2025-08-25 09:47:12 | RSUFusion.Track | DEBUG    | sort_tracker.py:100 | Updated track 24 with truck at (409.0, 94.0)
2025-08-25 09:47:12 | RSUFusion.Track | DEBUG    | sort_tracker.py:100 | Updated track 14 with car at (472.8, 99.2)
2025-08-25 09:47:12 | RSUFusion.Track | DEBUG    | sort_tracker.py:100 | Updated track 23 with truck at (331.6, 94.7)
2025-08-25 09:47:12 | RSUFusion.Track | DEBUG    | sort_tracker.py:100 | Updated track 18 with car at (435.3, 95.2)
2025-08-25 09:47:12 | RSUFusion.Track | DEBUG    | sort_tracker.py:100 | Updated track 24 with truck at (409.0, 94.1)
2025-08-25 09:47:12 | RSUFusion.CameraProcess | DEBUG    | run_phase1.py:146 | Ambulance speed: 0.0 km/h
2025-08-25 09:47:12 | RSUFusion.Track | DEBUG    | sort_tracker.py:100 | Updated track 14 with car at (472.7, 99.1)
2025-08-25 09:47:12 | RSUFusion.Track | DEBUG    | sort_tracker.py:100 | Updated track 23 with truck at (331.5, 94.7)
2025-08-25 09:47:12 | RSUFusion.Track | DEBUG    | sort_tracker.py:100 | Updated track 18 with car at (435.3, 95.3)
2025-08-25 09:47:12 | RSUFusion.Track | DEBUG    | sort_tracker.py:100 | Updated track 14 with car at (473.0, 99.2)
2025-08-25 09:47:12 | RSUFusion.Track | DEBUG    | sort_tracker.py:100 | Updated track 23 with truck at (331.6, 94.7)
2025-08-25 09:47:12 | RSUFusion.Track | DEBUG    | sort_tracker.py:100 | Updated track 18 with car at (435.4, 95.2)
2025-08-25 09:47:12 | RSUFusion.Track | DEBUG    | sort_tracker.py:100 | Updated track 14 with car at (472.9, 99.2)
2025-08-25 09:47:12 | RSUFusion.Track | DEBUG    | sort_tracker.py:100 | Updated track 23 with truck at (331.5, 94.8)
2025-08-25 09:47:12 | RSUFusion.Track | DEBUG    | sort_tracker.py:100 | Updated track 18 with car at (435.3, 95.2)
2025-08-25 09:47:12 | RSUFusion.Track | DEBUG    | sort_tracker.py:100 | Updated track 24 with truck at (409.1, 94.0)
2025-08-25 09:47:12 | RSUFusion.VisualizationProcess | DEBUG    | run_phase1.py:346 | Visualization: 50.8 FPS
2025-08-25 09:47:12 | RSUFusion.Track | DEBUG    | sort_tracker.py:100 | Updated track 14 with car at (472.9, 99.1)
2025-08-25 09:47:12 | RSUFusion.Track | DEBUG    | sort_tracker.py:100 | Updated track 23 with truck at (331.6, 94.7)
2025-08-25 09:47:12 | RSUFusion.Track | DEBUG    | sort_tracker.py:100 | Updated track 18 with car at (435.3, 95.2)
2025-08-25 09:47:12 | RSUFusion.Track | DEBUG    | sort_tracker.py:100 | Updated track 24 with truck at (409.1, 94.0)
2025-08-25 09:47:12 | RSUFusion.Track | DEBUG    | sort_tracker.py:100 | Updated track 14 with car at (473.0, 99.1)
2025-08-25 09:47:12 | RSUFusion.Track | DEBUG    | sort_tracker.py:100 | Updated track 23 with truck at (331.6, 94.7)
2025-08-25 09:47:12 | RSUFusion.Track | DEBUG    | sort_tracker.py:100 | Updated track 18 with car at (435.3, 95.2)
2025-08-25 09:47:12 | RSUFusion.Track | DEBUG    | sort_tracker.py:100 | Updated track 24 with truck at (409.1, 94.0)
2025-08-25 09:47:12 | RSUFusion.Track | DEBUG    | sort_tracker.py:100 | Updated track 14 with car at (472.8, 99.2)
2025-08-25 09:47:12 | RSUFusion.Track | DEBUG    | sort_tracker.py:100 | Updated track 23 with truck at (331.6, 94.8)
2025-08-25 09:47:12 | RSUFusion.Track | DEBUG    | sort_tracker.py:100 | Updated track 18 with car at (435.3, 95.2)
2025-08-25 09:47:12 | RSUFusion.Track | DEBUG    | sort_tracker.py:100 | Updated track 24 with truck at (409.1, 94.0)
2025-08-25 09:47:13 | RSUFusion.Track | DEBUG    | sort_tracker.py:100 | Updated track 14 with car at (472.8, 99.2)
2025-08-25 09:47:13 | RSUFusion.Track | DEBUG    | sort_tracker.py:100 | Updated track 23 with truck at (331.6, 94.7)
2025-08-25 09:47:13 | RSUFusion.Track | DEBUG    | sort_tracker.py:100 | Updated track 18 with car at (435.3, 95.2)
2025-08-25 09:47:13 | RSUFusion.Track | DEBUG    | sort_tracker.py:100 | Updated track 24 with truck at (409.1, 94.0)
2025-08-25 09:47:13 | RSUFusion.Track | DEBUG    | sort_tracker.py:100 | Updated track 14 with car at (472.7, 99.1)
2025-08-25 09:47:13 | RSUFusion.Track | DEBUG    | sort_tracker.py:100 | Updated track 23 with truck at (331.6, 94.8)
2025-08-25 09:47:13 | RSUFusion.Track | DEBUG    | sort_tracker.py:100 | Updated track 18 with car at (435.3, 95.1)
2025-08-25 09:47:13 | RSUFusion.Track | DEBUG    | sort_tracker.py:100 | Updated track 14 with car at (472.7, 99.1)
2025-08-25 09:47:13 | RSUFusion.Track | DEBUG    | sort_tracker.py:100 | Updated track 23 with truck at (331.6, 94.8)
2025-08-25 09:47:13 | RSUFusion.Track | DEBUG    | sort_tracker.py:100 | Updated track 18 with car at (435.3, 95.1)
2025-08-25 09:47:13 | RSUFusion.VisualizationProcess | DEBUG    | run_phase1.py:346 | Visualization: 49.5 FPS
2025-08-25 09:47:13 | RSUFusion.Track | DEBUG    | sort_tracker.py:100 | Updated track 14 with car at (472.9, 99.1)
2025-08-25 09:47:13 | RSUFusion.Track | DEBUG    | sort_tracker.py:100 | Updated track 23 with truck at (331.6, 94.7)
2025-08-25 09:47:13 | RSUFusion.Track | DEBUG    | sort_tracker.py:100 | Updated track 18 with car at (435.3, 95.2)
2025-08-25 09:47:13 | RSUFusion.Track | DEBUG    | sort_tracker.py:100 | Updated track 24 with truck at (409.1, 94.0)
2025-08-25 09:47:13 | RSUFusion.Track | DEBUG    | sort_tracker.py:100 | Updated track 14 with car at (472.8, 99.1)
2025-08-25 09:47:13 | RSUFusion.Track | DEBUG    | sort_tracker.py:100 | Updated track 23 with truck at (331.5, 94.8)
2025-08-25 09:47:13 | RSUFusion.Track | DEBUG    | sort_tracker.py:100 | Updated track 18 with car at (435.3, 95.2)
2025-08-25 09:47:13 | RSUFusion.Track | DEBUG    | sort_tracker.py:100 | Updated track 24 with truck at (409.1, 94.0)
2025-08-25 09:47:13 | RSUFusion.Track | DEBUG    | sort_tracker.py:100 | Updated track 14 with car at (472.9, 99.1)
2025-08-25 09:47:13 | RSUFusion.Track | DEBUG    | sort_tracker.py:100 | Updated track 23 with truck at (331.6, 94.7)
2025-08-25 09:47:13 | RSUFusion.Track | DEBUG    | sort_tracker.py:100 | Updated track 18 with car at (435.3, 95.3)
2025-08-25 09:47:13 | RSUFusion.Track | DEBUG    | sort_tracker.py:100 | Updated track 24 with truck at (409.0, 94.0)
2025-08-25 09:47:13 | RSUFusion.Track | DEBUG    | sort_tracker.py:100 | Updated track 14 with car at (472.9, 99.1)
2025-08-25 09:47:13 | RSUFusion.Track | DEBUG    | sort_tracker.py:100 | Updated track 23 with truck at (331.6, 94.7)
2025-08-25 09:47:13 | RSUFusion.Track | DEBUG    | sort_tracker.py:100 | Updated track 18 with car at (435.3, 95.3)
2025-08-25 09:47:13 | RSUFusion.Track | DEBUG    | sort_tracker.py:100 | Updated track 24 with truck at (409.1, 94.0)
2025-08-25 09:47:13 | RSUFusion.Track | DEBUG    | sort_tracker.py:100 | Updated track 14 with car at (472.8, 99.2)
2025-08-25 09:47:13 | RSUFusion.Track | DEBUG    | sort_tracker.py:100 | Updated track 23 with truck at (331.6, 94.7)
2025-08-25 09:47:13 | RSUFusion.Track | DEBUG    | sort_tracker.py:100 | Updated track 18 with car at (435.3, 95.3)
2025-08-25 09:47:13 | RSUFusion.Track | DEBUG    | sort_tracker.py:100 | Updated track 24 with truck at (409.1, 94.0)
2025-08-25 09:47:13 | RSUFusion.VisualizationProcess | DEBUG    | run_phase1.py:346 | Visualization: 51.6 FPS
2025-08-25 09:47:13 | RSUFusion.Track | DEBUG    | sort_tracker.py:100 | Updated track 14 with car at (472.8, 99.2)
2025-08-25 09:47:13 | RSUFusion.Track | DEBUG    | sort_tracker.py:100 | Updated track 23 with truck at (331.6, 94.7)
2025-08-25 09:47:13 | RSUFusion.Track | DEBUG    | sort_tracker.py:100 | Updated track 18 with car at (435.3, 95.2)
2025-08-25 09:47:13 | RSUFusion.Track | DEBUG    | sort_tracker.py:100 | Updated track 24 with truck at (409.0, 94.0)
2025-08-25 09:47:14 | RSUFusion.YOLODetector | DEBUG    | yolo_detector.py:155 | Detection performance: 60.8 FPS, 3 objects detected
2025-08-25 09:47:14 | RSUFusion.DetectionProcess | DEBUG    | run_phase1.py:198 | Detection: 54.5 FPS, 5020 detections processed
2025-08-25 09:47:14 | RSUFusion.Track | DEBUG    | sort_tracker.py:100 | Updated track 14 with car at (472.8, 99.1)
2025-08-25 09:47:14 | RSUFusion.Track | DEBUG    | sort_tracker.py:100 | Updated track 23 with truck at (331.6, 94.7)
2025-08-25 09:47:14 | RSUFusion.Track | DEBUG    | sort_tracker.py:100 | Updated track 18 with car at (435.3, 95.1)
2025-08-25 09:47:14 | RSUFusion.SORTTracker | DEBUG    | sort_tracker.py:208 | SORT performance: 1.2ms/frame, 4 confirmed tracks
2025-08-25 09:47:14 | RSUFusion.TrackingProcess | DEBUG    | run_phase1.py:268 | Tracking: 4 confirmed tracks
2025-08-25 09:47:14 | RSUFusion.Track | DEBUG    | sort_tracker.py:100 | Updated track 14 with car at (472.8, 99.2)
2025-08-25 09:47:14 | RSUFusion.Track | DEBUG    | sort_tracker.py:100 | Updated track 23 with truck at (331.6, 94.8)
2025-08-25 09:47:14 | RSUFusion.Track | DEBUG    | sort_tracker.py:100 | Updated track 18 with car at (435.2, 95.2)
2025-08-25 09:47:14 | RSUFusion.Track | DEBUG    | sort_tracker.py:100 | Updated track 14 with car at (472.9, 99.1)
2025-08-25 09:47:14 | RSUFusion.Track | DEBUG    | sort_tracker.py:100 | Updated track 23 with truck at (331.5, 94.7)
2025-08-25 09:47:14 | RSUFusion.Track | DEBUG    | sort_tracker.py:100 | Updated track 18 with car at (435.3, 95.1)
2025-08-25 09:47:14 | RSUFusion.Track | DEBUG    | sort_tracker.py:100 | Updated track 24 with truck at (409.0, 94.0)
2025-08-25 09:47:14 | RSUFusion.Track | DEBUG    | sort_tracker.py:100 | Updated track 14 with car at (472.9, 99.1)
2025-08-25 09:47:14 | RSUFusion.Track | DEBUG    | sort_tracker.py:100 | Updated track 23 with truck at (331.5, 94.8)
2025-08-25 09:47:14 | RSUFusion.Track | DEBUG    | sort_tracker.py:100 | Updated track 18 with car at (435.4, 95.2)
2025-08-25 09:47:14 | RSUFusion.Track | DEBUG    | sort_tracker.py:100 | Updated track 24 with truck at (409.1, 94.0)
2025-08-25 09:47:14 | RSUFusion.Track | DEBUG    | sort_tracker.py:100 | Updated track 14 with car at (472.9, 99.2)
2025-08-25 09:47:14 | RSUFusion.Track | DEBUG    | sort_tracker.py:100 | Updated track 23 with truck at (331.6, 94.7)
2025-08-25 09:47:14 | RSUFusion.Track | DEBUG    | sort_tracker.py:100 | Updated track 18 with car at (435.3, 95.2)
2025-08-25 09:47:14 | RSUFusion.Track | DEBUG    | sort_tracker.py:100 | Updated track 24 with truck at (409.1, 94.0)
2025-08-25 09:47:14 | RSUFusion.VisualizationProcess | DEBUG    | run_phase1.py:346 | Visualization: 49.5 FPS
2025-08-25 09:47:14 | RSUFusion.Track | DEBUG    | sort_tracker.py:100 | Updated track 14 with car at (472.9, 99.2)
2025-08-25 09:47:14 | RSUFusion.Track | DEBUG    | sort_tracker.py:100 | Updated track 23 with truck at (331.6, 94.7)
2025-08-25 09:47:14 | RSUFusion.Track | DEBUG    | sort_tracker.py:100 | Updated track 18 with car at (435.3, 95.2)
2025-08-25 09:47:14 | RSUFusion.Track | DEBUG    | sort_tracker.py:100 | Updated track 24 with truck at (409.1, 94.0)
2025-08-25 09:47:14 | RSUFusion.Track | DEBUG    | sort_tracker.py:100 | Updated track 23 with truck at (331.6, 94.8)
2025-08-25 09:47:14 | RSUFusion.Track | DEBUG    | sort_tracker.py:100 | Updated track 14 with car at (472.7, 99.1)
2025-08-25 09:47:14 | RSUFusion.Track | DEBUG    | sort_tracker.py:100 | Updated track 18 with car at (435.3, 95.3)
2025-08-25 09:47:14 | RSUFusion.Track | DEBUG    | sort_tracker.py:100 | Updated track 24 with truck at (409.1, 94.0)
2025-08-25 09:47:14 | RSUFusion.Track | DEBUG    | sort_tracker.py:100 | Updated track 14 with car at (472.8, 99.1)
2025-08-25 09:47:14 | RSUFusion.Track | DEBUG    | sort_tracker.py:100 | Updated track 23 with truck at (331.6, 94.7)
2025-08-25 09:47:14 | RSUFusion.Track | DEBUG    | sort_tracker.py:100 | Updated track 18 with car at (435.4, 95.2)
2025-08-25 09:47:14 | RSUFusion.Track | DEBUG    | sort_tracker.py:100 | Updated track 24 with truck at (409.1, 94.0)
2025-08-25 09:47:14 | RSUFusion.Track | DEBUG    | sort_tracker.py:100 | Updated track 14 with car at (472.8, 99.0)
2025-08-25 09:47:14 | RSUFusion.Track | DEBUG    | sort_tracker.py:100 | Updated track 23 with truck at (331.6, 94.7)
2025-08-25 09:47:14 | RSUFusion.Track | DEBUG    | sort_tracker.py:100 | Updated track 18 with car at (435.3, 95.2)
2025-08-25 09:47:14 | RSUFusion.Track | DEBUG    | sort_tracker.py:100 | Updated track 24 with truck at (409.0, 94.1)
2025-08-25 09:47:14 | RSUFusion.Track | DEBUG    | sort_tracker.py:100 | Updated track 14 with car at (472.6, 99.1)
2025-08-25 09:47:14 | RSUFusion.Track | DEBUG    | sort_tracker.py:100 | Updated track 23 with truck at (331.6, 94.7)
2025-08-25 09:47:14 | RSUFusion.Track | DEBUG    | sort_tracker.py:100 | Updated track 18 with car at (435.3, 95.1)
2025-08-25 09:47:15 | RSUFusion.Track | DEBUG    | sort_tracker.py:100 | Updated track 14 with car at (472.9, 99.2)
2025-08-25 09:47:15 | RSUFusion.Track | DEBUG    | sort_tracker.py:100 | Updated track 23 with truck at (331.6, 94.7)
2025-08-25 09:47:15 | RSUFusion.Track | DEBUG    | sort_tracker.py:100 | Updated track 18 with car at (435.3, 95.2)
2025-08-25 09:47:15 | RSUFusion.Track | DEBUG    | sort_tracker.py:100 | Updated track 24 with truck at (409.1, 94.0)
2025-08-25 09:47:15 | RSUFusion.VisualizationProcess | DEBUG    | run_phase1.py:346 | Visualization: 49.8 FPS
2025-08-25 09:47:15 | RSUFusion.Track | DEBUG    | sort_tracker.py:100 | Updated track 14 with car at (472.9, 99.2)
2025-08-25 09:47:15 | RSUFusion.Track | DEBUG    | sort_tracker.py:100 | Updated track 23 with truck at (331.5, 94.7)
2025-08-25 09:47:15 | RSUFusion.Track | DEBUG    | sort_tracker.py:100 | Updated track 18 with car at (435.4, 95.2)
2025-08-25 09:47:15 | RSUFusion.Track | DEBUG    | sort_tracker.py:100 | Updated track 24 with truck at (409.1, 94.0)
2025-08-25 09:47:15 | RSUFusion.Track | DEBUG    | sort_tracker.py:100 | Updated track 14 with car at (472.9, 99.2)
2025-08-25 09:47:15 | RSUFusion.Track | DEBUG    | sort_tracker.py:100 | Updated track 23 with truck at (331.6, 94.7)
2025-08-25 09:47:15 | RSUFusion.Track | DEBUG    | sort_tracker.py:100 | Updated track 18 with car at (435.3, 95.3)
2025-08-25 09:47:15 | RSUFusion.Track | DEBUG    | sort_tracker.py:100 | Updated track 24 with truck at (409.1, 94.0)
2025-08-25 09:47:15 | RSUFusion.Track | DEBUG    | sort_tracker.py:100 | Updated track 14 with car at (472.9, 99.2)
2025-08-25 09:47:15 | RSUFusion.Track | DEBUG    | sort_tracker.py:100 | Updated track 23 with truck at (331.6, 94.7)
2025-08-25 09:47:15 | RSUFusion.Track | DEBUG    | sort_tracker.py:100 | Updated track 18 with car at (435.3, 95.4)
2025-08-25 09:47:15 | RSUFusion.Track | DEBUG    | sort_tracker.py:100 | Updated track 24 with truck at (409.1, 94.0)
2025-08-25 09:47:15 | RSUFusion.Track | DEBUG    | sort_tracker.py:100 | Updated track 14 with car at (472.8, 99.2)
2025-08-25 09:47:15 | RSUFusion.Track | DEBUG    | sort_tracker.py:100 | Updated track 23 with truck at (331.6, 94.7)
2025-08-25 09:47:15 | RSUFusion.Track | DEBUG    | sort_tracker.py:100 | Updated track 18 with car at (435.3, 95.3)
2025-08-25 09:47:15 | RSUFusion.Track | DEBUG    | sort_tracker.py:100 | Updated track 24 with truck at (409.1, 94.0)
2025-08-25 09:47:15 | RSUFusion.CameraProcess | DEBUG    | run_phase1.py:146 | Ambulance speed: 0.0 km/h
2025-08-25 09:47:15 | RSUFusion.Track | DEBUG    | sort_tracker.py:100 | Updated track 14 with car at (472.8, 99.2)
2025-08-25 09:47:15 | RSUFusion.Track | DEBUG    | sort_tracker.py:100 | Updated track 23 with truck at (331.6, 94.7)
2025-08-25 09:47:15 | RSUFusion.Track | DEBUG    | sort_tracker.py:100 | Updated track 18 with car at (435.3, 95.3)
2025-08-25 09:47:15 | RSUFusion.Track | DEBUG    | sort_tracker.py:100 | Updated track 24 with truck at (409.1, 94.0)
2025-08-25 09:47:15 | RSUFusion.Track | DEBUG    | sort_tracker.py:100 | Updated track 14 with car at (472.8, 99.1)
2025-08-25 09:47:15 | RSUFusion.Track | DEBUG    | sort_tracker.py:100 | Updated track 23 with truck at (331.6, 94.7)
2025-08-25 09:47:15 | RSUFusion.Track | DEBUG    | sort_tracker.py:100 | Updated track 18 with car at (435.3, 95.2)
2025-08-25 09:47:15 | RSUFusion.Track | DEBUG    | sort_tracker.py:100 | Updated track 24 with truck at (409.0, 94.1)
2025-08-25 09:47:15 | RSUFusion.VisualizationProcess | DEBUG    | run_phase1.py:346 | Visualization: 44.5 FPS
2025-08-25 09:47:15 | RSUFusion.Track | DEBUG    | sort_tracker.py:100 | Updated track 14 with car at (472.6, 99.1)
2025-08-25 09:47:15 | RSUFusion.Track | DEBUG    | sort_tracker.py:100 | Updated track 23 with truck at (331.5, 94.7)
2025-08-25 09:47:15 | RSUFusion.Track | DEBUG    | sort_tracker.py:100 | Updated track 18 with car at (435.3, 95.3)
2025-08-25 09:47:15 | RSUFusion.Track | DEBUG    | sort_tracker.py:100 | Updated track 14 with car at (472.9, 99.2)
2025-08-25 09:47:15 | RSUFusion.Track | DEBUG    | sort_tracker.py:100 | Updated track 23 with truck at (331.6, 94.7)
2025-08-25 09:47:15 | RSUFusion.Track | DEBUG    | sort_tracker.py:100 | Updated track 18 with car at (435.4, 95.1)
2025-08-25 09:47:15 | RSUFusion.Track | DEBUG    | sort_tracker.py:100 | Updated track 24 with truck at (409.0, 94.0)
2025-08-25 09:47:16 | RSUFusion.Track | DEBUG    | sort_tracker.py:100 | Updated track 14 with car at (472.9, 99.2)
2025-08-25 09:47:16 | RSUFusion.Track | DEBUG    | sort_tracker.py:100 | Updated track 23 with truck at (331.5, 94.8)
2025-08-25 09:47:16 | RSUFusion.Track | DEBUG    | sort_tracker.py:100 | Updated track 18 with car at (435.4, 95.3)
2025-08-25 09:47:16 | RSUFusion.Track | DEBUG    | sort_tracker.py:100 | Updated track 24 with truck at (409.1, 94.0)
2025-08-25 09:47:16 | RSUFusion.Track | DEBUG    | sort_tracker.py:100 | Updated track 14 with car at (472.9, 99.2)
2025-08-25 09:47:16 | RSUFusion.Track | DEBUG    | sort_tracker.py:100 | Updated track 23 with truck at (331.7, 94.7)
2025-08-25 09:47:16 | RSUFusion.Track | DEBUG    | sort_tracker.py:100 | Updated track 18 with car at (435.3, 95.4)
2025-08-25 09:47:16 | RSUFusion.Track | DEBUG    | sort_tracker.py:100 | Updated track 24 with truck at (409.1, 94.0)
2025-08-25 09:47:16 | RSUFusion.Track | DEBUG    | sort_tracker.py:100 | Updated track 14 with car at (472.9, 99.2)
2025-08-25 09:47:16 | RSUFusion.Track | DEBUG    | sort_tracker.py:100 | Updated track 23 with truck at (331.6, 94.8)
2025-08-25 09:47:16 | RSUFusion.Track | DEBUG    | sort_tracker.py:100 | Updated track 18 with car at (435.3, 95.2)
2025-08-25 09:47:16 | RSUFusion.Track | DEBUG    | sort_tracker.py:100 | Updated track 24 with truck at (409.1, 94.0)
2025-08-25 09:47:16 | RSUFusion.Track | DEBUG    | sort_tracker.py:100 | Updated track 14 with car at (472.7, 99.2)
2025-08-25 09:47:16 | RSUFusion.Track | DEBUG    | sort_tracker.py:100 | Updated track 23 with truck at (331.6, 94.8)
2025-08-25 09:47:16 | RSUFusion.Track | DEBUG    | sort_tracker.py:100 | Updated track 18 with car at (435.3, 95.3)
2025-08-25 09:47:16 | RSUFusion.Track | DEBUG    | sort_tracker.py:100 | Updated track 24 with truck at (409.1, 94.0)
2025-08-25 09:47:16 | RSUFusion.VisualizationProcess | DEBUG    | run_phase1.py:346 | Visualization: 47.3 FPS
2025-08-25 09:47:16 | RSUFusion.Track | DEBUG    | sort_tracker.py:100 | Updated track 14 with car at (472.7, 99.1)
2025-08-25 09:47:16 | RSUFusion.Track | DEBUG    | sort_tracker.py:100 | Updated track 23 with truck at (331.6, 94.8)
2025-08-25 09:47:16 | RSUFusion.Track | DEBUG    | sort_tracker.py:100 | Updated track 18 with car at (435.3, 95.1)
2025-08-25 09:47:16 | RSUFusion.Track | DEBUG    | sort_tracker.py:100 | Updated track 24 with truck at (409.1, 94.0)
2025-08-25 09:47:16 | RSUFusion.Track | DEBUG    | sort_tracker.py:100 | Updated track 14 with car at (472.8, 99.2)
2025-08-25 09:47:16 | RSUFusion.Track | DEBUG    | sort_tracker.py:100 | Updated track 23 with truck at (331.6, 94.7)
2025-08-25 09:47:16 | RSUFusion.Track | DEBUG    | sort_tracker.py:100 | Updated track 18 with car at (435.3, 95.3)
2025-08-25 09:47:16 | RSUFusion.Track | DEBUG    | sort_tracker.py:100 | Updated track 24 with truck at (409.0, 94.1)
2025-08-25 09:47:16 | RSUFusion.Track | DEBUG    | sort_tracker.py:100 | Updated track 14 with car at (472.7, 99.2)
2025-08-25 09:47:16 | RSUFusion.Track | DEBUG    | sort_tracker.py:100 | Updated track 23 with truck at (331.6, 94.7)
2025-08-25 09:47:16 | RSUFusion.Track | DEBUG    | sort_tracker.py:100 | Updated track 18 with car at (435.3, 95.3)
2025-08-25 09:47:16 | RSUFusion.Track | DEBUG    | sort_tracker.py:100 | Updated track 24 with truck at (409.0, 94.0)
2025-08-25 09:47:16 | RSUFusion.Track | DEBUG    | sort_tracker.py:100 | Updated track 14 with car at (472.9, 99.2)
2025-08-25 09:47:16 | RSUFusion.Track | DEBUG    | sort_tracker.py:100 | Updated track 23 with truck at (331.6, 94.7)
2025-08-25 09:47:16 | RSUFusion.Track | DEBUG    | sort_tracker.py:100 | Updated track 18 with car at (435.3, 95.1)
2025-08-25 09:47:16 | RSUFusion.Track | DEBUG    | sort_tracker.py:100 | Updated track 24 with truck at (409.0, 94.0)
2025-08-25 09:47:16 | RSUFusion.Track | DEBUG    | sort_tracker.py:100 | Updated track 14 with car at (472.9, 99.2)
2025-08-25 09:47:16 | RSUFusion.Track | DEBUG    | sort_tracker.py:100 | Updated track 23 with truck at (331.5, 94.7)
2025-08-25 09:47:16 | RSUFusion.Track | DEBUG    | sort_tracker.py:100 | Updated track 18 with car at (435.3, 95.4)
2025-08-25 09:47:16 | RSUFusion.Track | DEBUG    | sort_tracker.py:100 | Updated track 24 with truck at (409.1, 94.0)
2025-08-25 09:47:17 | RSUFusion.Track | DEBUG    | sort_tracker.py:100 | Updated track 14 with car at (472.9, 99.2)
2025-08-25 09:47:17 | RSUFusion.Track | DEBUG    | sort_tracker.py:100 | Updated track 23 with truck at (331.7, 94.7)
2025-08-25 09:47:17 | RSUFusion.Track | DEBUG    | sort_tracker.py:100 | Updated track 18 with car at (435.4, 95.3)
2025-08-25 09:47:17 | RSUFusion.Track | DEBUG    | sort_tracker.py:100 | Updated track 24 with truck at (409.1, 94.0)
2025-08-25 09:47:17 | RSUFusion.VisualizationProcess | DEBUG    | run_phase1.py:346 | Visualization: 49.3 FPS
2025-08-25 09:47:17 | RSUFusion.Track | DEBUG    | sort_tracker.py:100 | Updated track 14 with car at (472.9, 99.1)
2025-08-25 09:47:17 | RSUFusion.Track | DEBUG    | sort_tracker.py:100 | Updated track 23 with truck at (331.6, 94.7)
2025-08-25 09:47:17 | RSUFusion.Track | DEBUG    | sort_tracker.py:100 | Updated track 18 with car at (435.3, 95.3)
2025-08-25 09:47:17 | RSUFusion.Track | DEBUG    | sort_tracker.py:100 | Updated track 24 with truck at (409.1, 94.0)
2025-08-25 09:47:17 | RSUFusion.YOLODetector | DEBUG    | yolo_detector.py:155 | Detection performance: 54.5 FPS, 4 objects detected
2025-08-25 09:47:17 | RSUFusion.DetectionProcess | DEBUG    | run_phase1.py:198 | Detection: 55.4 FPS, 5137 detections processed
2025-08-25 09:47:17 | RSUFusion.Track | DEBUG    | sort_tracker.py:100 | Updated track 14 with car at (472.8, 99.2)
2025-08-25 09:47:17 | RSUFusion.Track | DEBUG    | sort_tracker.py:100 | Updated track 23 with truck at (331.6, 94.8)
2025-08-25 09:47:17 | RSUFusion.Track | DEBUG    | sort_tracker.py:100 | Updated track 18 with car at (435.3, 95.3)
2025-08-25 09:47:17 | RSUFusion.Track | DEBUG    | sort_tracker.py:100 | Updated track 24 with truck at (409.1, 94.0)
2025-08-25 09:47:17 | RSUFusion.SORTTracker | DEBUG    | sort_tracker.py:208 | SORT performance: 1.1ms/frame, 4 confirmed tracks
2025-08-25 09:47:17 | RSUFusion.TrackingProcess | DEBUG    | run_phase1.py:268 | Tracking: 4 confirmed tracks
2025-08-25 09:47:17 | RSUFusion.Track | DEBUG    | sort_tracker.py:100 | Updated track 14 with car at (472.7, 99.1)
2025-08-25 09:47:17 | RSUFusion.Track | DEBUG    | sort_tracker.py:100 | Updated track 23 with truck at (331.6, 94.7)
2025-08-25 09:47:17 | RSUFusion.Track | DEBUG    | sort_tracker.py:100 | Updated track 18 with car at (435.3, 95.3)
2025-08-25 09:47:17 | RSUFusion.Track | DEBUG    | sort_tracker.py:100 | Updated track 24 with truck at (409.0, 94.0)
2025-08-25 09:47:17 | RSUFusion.Track | DEBUG    | sort_tracker.py:100 | Updated track 14 with car at (472.7, 99.0)
2025-08-25 09:47:17 | RSUFusion.Track | DEBUG    | sort_tracker.py:100 | Updated track 23 with truck at (331.6, 94.8)
2025-08-25 09:47:17 | RSUFusion.Track | DEBUG    | sort_tracker.py:100 | Updated track 18 with car at (435.3, 95.2)
2025-08-25 09:47:17 | RSUFusion.Track | DEBUG    | sort_tracker.py:100 | Updated track 24 with truck at (409.0, 94.1)
2025-08-25 09:47:17 | RSUFusion.Track | DEBUG    | sort_tracker.py:100 | Updated track 14 with car at (472.7, 99.2)
2025-08-25 09:47:17 | RSUFusion.Track | DEBUG    | sort_tracker.py:100 | Updated track 23 with truck at (331.6, 94.7)
2025-08-25 09:47:17 | RSUFusion.Track | DEBUG    | sort_tracker.py:100 | Updated track 18 with car at (435.2, 95.4)
2025-08-25 09:47:17 | RSUFusion.Track | DEBUG    | sort_tracker.py:100 | Updated track 24 with truck at (409.0, 94.0)
2025-08-25 09:47:17 | RSUFusion.Track | DEBUG    | sort_tracker.py:100 | Updated track 14 with car at (472.8, 99.2)
2025-08-25 09:47:17 | RSUFusion.Track | DEBUG    | sort_tracker.py:100 | Updated track 23 with truck at (331.6, 94.7)
2025-08-25 09:47:17 | RSUFusion.Track | DEBUG    | sort_tracker.py:100 | Updated track 18 with car at (435.3, 95.4)
2025-08-25 09:47:17 | RSUFusion.VisualizationProcess | DEBUG    | run_phase1.py:346 | Visualization: 48.5 FPS
2025-08-25 09:47:17 | RSUFusion.Track | DEBUG    | sort_tracker.py:100 | Updated track 14 with car at (472.9, 99.2)
2025-08-25 09:47:17 | RSUFusion.Track | DEBUG    | sort_tracker.py:100 | Updated track 23 with truck at (331.5, 94.8)
2025-08-25 09:47:17 | RSUFusion.Track | DEBUG    | sort_tracker.py:100 | Updated track 18 with car at (435.4, 95.4)
2025-08-25 09:47:17 | RSUFusion.Track | DEBUG    | sort_tracker.py:100 | Updated track 24 with truck at (409.1, 94.0)
2025-08-25 09:47:17 | RSUFusion.Track | DEBUG    | sort_tracker.py:100 | Updated track 14 with car at (472.8, 99.2)
2025-08-25 09:47:17 | RSUFusion.Track | DEBUG    | sort_tracker.py:100 | Updated track 23 with truck at (331.7, 94.7)
2025-08-25 09:47:17 | RSUFusion.Track | DEBUG    | sort_tracker.py:100 | Updated track 18 with car at (435.2, 95.4)
2025-08-25 09:47:17 | RSUFusion.Track | DEBUG    | sort_tracker.py:100 | Updated track 24 with truck at (409.1, 94.0)
2025-08-25 09:47:17 | RSUFusion.Track | DEBUG    | sort_tracker.py:100 | Updated track 14 with car at (472.9, 99.2)
2025-08-25 09:47:17 | RSUFusion.Track | DEBUG    | sort_tracker.py:100 | Updated track 23 with truck at (331.6, 94.8)
2025-08-25 09:47:17 | RSUFusion.Track | DEBUG    | sort_tracker.py:100 | Updated track 18 with car at (435.2, 95.3)
2025-08-25 09:47:17 | RSUFusion.Track | DEBUG    | sort_tracker.py:100 | Updated track 24 with truck at (409.1, 94.0)
2025-08-25 09:47:18 | RSUFusion.Track | DEBUG    | sort_tracker.py:100 | Updated track 14 with car at (472.8, 99.2)
2025-08-25 09:47:18 | RSUFusion.Track | DEBUG    | sort_tracker.py:100 | Updated track 23 with truck at (331.6, 94.7)
2025-08-25 09:47:18 | RSUFusion.Track | DEBUG    | sort_tracker.py:100 | Updated track 18 with car at (435.3, 95.3)
2025-08-25 09:47:18 | RSUFusion.Track | DEBUG    | sort_tracker.py:100 | Updated track 24 with truck at (409.1, 94.0)
2025-08-25 09:47:18 | RSUFusion.Track | DEBUG    | sort_tracker.py:100 | Updated track 14 with car at (472.7, 99.1)
2025-08-25 09:47:18 | RSUFusion.Track | DEBUG    | sort_tracker.py:100 | Updated track 23 with truck at (331.6, 94.7)
2025-08-25 09:47:18 | RSUFusion.Track | DEBUG    | sort_tracker.py:100 | Updated track 18 with car at (435.3, 95.2)
2025-08-25 09:47:18 | RSUFusion.Track | DEBUG    | sort_tracker.py:100 | Updated track 24 with truck at (409.0, 94.0)
2025-08-25 09:47:18 | RSUFusion.Track | DEBUG    | sort_tracker.py:100 | Updated track 14 with car at (472.8, 99.2)
2025-08-25 09:47:18 | RSUFusion.Track | DEBUG    | sort_tracker.py:100 | Updated track 23 with truck at (331.6, 94.7)
2025-08-25 09:47:18 | RSUFusion.Track | DEBUG    | sort_tracker.py:100 | Updated track 18 with car at (435.3, 95.2)
2025-08-25 09:47:18 | RSUFusion.Track | DEBUG    | sort_tracker.py:100 | Updated track 24 with truck at (409.0, 94.1)
2025-08-25 09:47:18 | RSUFusion.VisualizationProcess | DEBUG    | run_phase1.py:346 | Visualization: 47.1 FPS
2025-08-25 09:47:18 | RSUFusion.Track | DEBUG    | sort_tracker.py:100 | Updated track 14 with car at (472.8, 99.2)
2025-08-25 09:47:18 | RSUFusion.Track | DEBUG    | sort_tracker.py:100 | Updated track 23 with truck at (331.5, 94.7)
2025-08-25 09:47:18 | RSUFusion.Track | DEBUG    | sort_tracker.py:100 | Updated track 18 with car at (435.2, 95.3)
2025-08-25 09:47:18 | RSUFusion.Track | DEBUG    | sort_tracker.py:100 | Updated track 14 with car at (472.9, 99.2)
2025-08-25 09:47:18 | RSUFusion.Track | DEBUG    | sort_tracker.py:100 | Updated track 23 with truck at (331.6, 94.7)
2025-08-25 09:47:18 | RSUFusion.Track | DEBUG    | sort_tracker.py:100 | Updated track 18 with car at (435.3, 95.3)
2025-08-25 09:47:18 | RSUFusion.Track | DEBUG    | sort_tracker.py:100 | Updated track 14 with car at (472.9, 99.2)
2025-08-25 09:47:18 | RSUFusion.Track | DEBUG    | sort_tracker.py:100 | Updated track 23 with truck at (331.5, 94.8)
2025-08-25 09:47:18 | RSUFusion.Track | DEBUG    | sort_tracker.py:100 | Updated track 18 with car at (435.3, 95.4)
2025-08-25 09:47:18 | RSUFusion.Track | DEBUG    | sort_tracker.py:100 | Updated track 24 with truck at (409.1, 94.0)
2025-08-25 09:47:18 | RSUFusion.Track | DEBUG    | sort_tracker.py:100 | Updated track 14 with car at (472.8, 99.1)
2025-08-25 09:47:18 | RSUFusion.Track | DEBUG    | sort_tracker.py:100 | Updated track 23 with truck at (331.6, 94.7)
2025-08-25 09:47:18 | RSUFusion.Track | DEBUG    | sort_tracker.py:100 | Updated track 18 with car at (435.3, 95.4)
2025-08-25 09:47:18 | RSUFusion.Track | DEBUG    | sort_tracker.py:100 | Updated track 24 with truck at (409.1, 94.0)
2025-08-25 09:47:18 | RSUFusion.CameraProcess | DEBUG    | run_phase1.py:146 | Ambulance speed: 0.0 km/h
2025-08-25 09:47:18 | RSUFusion.Track | DEBUG    | sort_tracker.py:100 | Updated track 14 with car at (472.9, 99.1)
2025-08-25 09:47:18 | RSUFusion.Track | DEBUG    | sort_tracker.py:100 | Updated track 23 with truck at (331.6, 94.7)
2025-08-25 09:47:18 | RSUFusion.Track | DEBUG    | sort_tracker.py:100 | Updated track 18 with car at (435.3, 95.4)
2025-08-25 09:47:18 | RSUFusion.Track | DEBUG    | sort_tracker.py:100 | Updated track 24 with truck at (409.1, 94.0)
2025-08-25 09:47:18 | RSUFusion.Track | DEBUG    | sort_tracker.py:100 | Updated track 14 with car at (472.8, 99.2)
2025-08-25 09:47:18 | RSUFusion.Track | DEBUG    | sort_tracker.py:100 | Updated track 23 with truck at (331.6, 94.8)
2025-08-25 09:47:18 | RSUFusion.Track | DEBUG    | sort_tracker.py:100 | Updated track 18 with car at (435.3, 95.3)
2025-08-25 09:47:18 | RSUFusion.Track | DEBUG    | sort_tracker.py:100 | Updated track 24 with truck at (409.1, 94.0)
2025-08-25 09:47:19 | RSUFusion.VisualizationProcess | DEBUG    | run_phase1.py:346 | Visualization: 42.8 FPS
2025-08-25 09:47:19 | RSUFusion.Track | DEBUG    | sort_tracker.py:100 | Updated track 14 with car at (472.8, 99.2)
2025-08-25 09:47:19 | RSUFusion.Track | DEBUG    | sort_tracker.py:100 | Updated track 23 with truck at (331.6, 94.7)
2025-08-25 09:47:19 | RSUFusion.Track | DEBUG    | sort_tracker.py:100 | Updated track 18 with car at (435.3, 95.3)
2025-08-25 09:47:19 | RSUFusion.Track | DEBUG    | sort_tracker.py:100 | Updated track 24 with truck at (409.1, 94.0)
2025-08-25 09:47:19 | RSUFusion.Track | DEBUG    | sort_tracker.py:100 | Updated track 14 with car at (472.7, 99.1)
2025-08-25 09:47:19 | RSUFusion.Track | DEBUG    | sort_tracker.py:100 | Updated track 23 with truck at (331.6, 94.7)
2025-08-25 09:47:19 | RSUFusion.Track | DEBUG    | sort_tracker.py:100 | Updated track 18 with car at (435.3, 95.2)
2025-08-25 09:47:19 | RSUFusion.Track | DEBUG    | sort_tracker.py:100 | Updated track 14 with car at (472.7, 99.1)
2025-08-25 09:47:19 | RSUFusion.Track | DEBUG    | sort_tracker.py:100 | Updated track 23 with truck at (331.6, 94.7)
2025-08-25 09:47:19 | RSUFusion.Track | DEBUG    | sort_tracker.py:100 | Updated track 18 with car at (435.3, 95.2)
2025-08-25 09:47:19 | RSUFusion.Track | DEBUG    | sort_tracker.py:100 | Updated track 14 with car at (472.9, 99.1)
2025-08-25 09:47:19 | RSUFusion.Track | DEBUG    | sort_tracker.py:100 | Updated track 23 with truck at (331.6, 94.7)
2025-08-25 09:47:19 | RSUFusion.Track | DEBUG    | sort_tracker.py:100 | Updated track 18 with car at (435.3, 95.3)
2025-08-25 09:47:19 | RSUFusion.Track | DEBUG    | sort_tracker.py:100 | Updated track 24 with truck at (409.1, 94.0)
2025-08-25 09:47:19 | RSUFusion.Track | DEBUG    | sort_tracker.py:100 | Updated track 14 with car at (472.8, 99.1)
2025-08-25 09:47:19 | RSUFusion.Track | DEBUG    | sort_tracker.py:100 | Updated track 23 with truck at (331.5, 94.8)
2025-08-25 09:47:19 | RSUFusion.Track | DEBUG    | sort_tracker.py:100 | Updated track 18 with car at (435.3, 95.3)
2025-08-25 09:47:19 | RSUFusion.Track | DEBUG    | sort_tracker.py:100 | Updated track 24 with truck at (409.1, 94.0)
2025-08-25 09:47:19 | RSUFusion.Track | DEBUG    | sort_tracker.py:100 | Updated track 14 with car at (472.8, 99.1)
2025-08-25 09:47:19 | RSUFusion.Track | DEBUG    | sort_tracker.py:100 | Updated track 23 with truck at (331.7, 94.7)
2025-08-25 09:47:19 | RSUFusion.Track | DEBUG    | sort_tracker.py:100 | Updated track 18 with car at (435.3, 95.3)
2025-08-25 09:47:19 | RSUFusion.Track | DEBUG    | sort_tracker.py:100 | Updated track 24 with truck at (409.0, 94.0)
2025-08-25 09:47:19 | RSUFusion.VisualizationProcess | DEBUG    | run_phase1.py:346 | Visualization: 52.6 FPS
2025-08-25 09:47:19 | RSUFusion.Track | DEBUG    | sort_tracker.py:100 | Updated track 14 with car at (472.9, 99.2)
2025-08-25 09:47:19 | RSUFusion.Track | DEBUG    | sort_tracker.py:100 | Updated track 23 with truck at (331.6, 94.7)
2025-08-25 09:47:19 | RSUFusion.Track | DEBUG    | sort_tracker.py:100 | Updated track 18 with car at (435.3, 95.3)
2025-08-25 09:47:19 | RSUFusion.Track | DEBUG    | sort_tracker.py:100 | Updated track 24 with truck at (409.1, 94.0)
2025-08-25 09:47:19 | RSUFusion.Track | DEBUG    | sort_tracker.py:100 | Updated track 14 with car at (472.8, 99.2)
2025-08-25 09:47:19 | RSUFusion.Track | DEBUG    | sort_tracker.py:100 | Updated track 23 with truck at (331.5, 94.7)
2025-08-25 09:47:19 | RSUFusion.Track | DEBUG    | sort_tracker.py:100 | Updated track 18 with car at (435.3, 95.3)
2025-08-25 09:47:19 | RSUFusion.Track | DEBUG    | sort_tracker.py:100 | Updated track 24 with truck at (409.1, 94.0)
2025-08-25 09:47:19 | RSUFusion.Track | DEBUG    | sort_tracker.py:100 | Updated track 14 with car at (472.8, 99.2)
2025-08-25 09:47:19 | RSUFusion.Track | DEBUG    | sort_tracker.py:100 | Updated track 23 with truck at (331.6, 94.7)
2025-08-25 09:47:19 | RSUFusion.Track | DEBUG    | sort_tracker.py:100 | Updated track 18 with car at (435.3, 95.3)
2025-08-25 09:47:19 | RSUFusion.Track | DEBUG    | sort_tracker.py:100 | Updated track 24 with truck at (409.0, 94.0)
2025-08-25 09:47:19 | RSUFusion.Track | DEBUG    | sort_tracker.py:100 | Updated track 14 with car at (472.8, 99.2)
2025-08-25 09:47:19 | RSUFusion.Track | DEBUG    | sort_tracker.py:100 | Updated track 23 with truck at (331.6, 94.7)
2025-08-25 09:47:19 | RSUFusion.Track | DEBUG    | sort_tracker.py:100 | Updated track 18 with car at (435.3, 95.2)
2025-08-25 09:47:19 | RSUFusion.Track | DEBUG    | sort_tracker.py:100 | Updated track 24 with truck at (409.0, 94.1)
2025-08-25 09:47:20 | RSUFusion.Track | DEBUG    | sort_tracker.py:100 | Updated track 14 with car at (472.7, 99.2)
2025-08-25 09:47:20 | RSUFusion.Track | DEBUG    | sort_tracker.py:100 | Updated track 23 with truck at (331.6, 94.7)
2025-08-25 09:47:20 | RSUFusion.Track | DEBUG    | sort_tracker.py:100 | Updated track 18 with car at (435.2, 95.3)
2025-08-25 09:47:20 | RSUFusion.Track | DEBUG    | sort_tracker.py:100 | Updated track 14 with car at (472.9, 99.1)
2025-08-25 09:47:20 | RSUFusion.Track | DEBUG    | sort_tracker.py:100 | Updated track 23 with truck at (331.6, 94.7)
2025-08-25 09:47:20 | RSUFusion.Track | DEBUG    | sort_tracker.py:100 | Updated track 18 with car at (435.3, 95.1)
2025-08-25 09:47:20 | RSUFusion.VisualizationProcess | DEBUG    | run_phase1.py:346 | Visualization: 42.9 FPS
2025-08-25 09:47:20 | RSUFusion.Track | DEBUG    | sort_tracker.py:100 | Updated track 14 with car at (472.9, 99.2)
2025-08-25 09:47:20 | RSUFusion.Track | DEBUG    | sort_tracker.py:100 | Updated track 23 with truck at (331.5, 94.8)
2025-08-25 09:47:20 | RSUFusion.Track | DEBUG    | sort_tracker.py:100 | Updated track 18 with car at (435.3, 95.2)
2025-08-25 09:47:20 | RSUFusion.Track | DEBUG    | sort_tracker.py:100 | Updated track 24 with truck at (409.1, 94.0)
2025-08-25 09:47:20 | RSUFusion.YOLODetector | DEBUG    | yolo_detector.py:155 | Detection performance: 57.1 FPS, 4 objects detected
2025-08-25 09:47:20 | RSUFusion.DetectionProcess | DEBUG    | run_phase1.py:198 | Detection: 56.5 FPS, 5250 detections processed
2025-08-25 09:47:20 | RSUFusion.Track | DEBUG    | sort_tracker.py:100 | Updated track 14 with car at (472.9, 99.2)
2025-08-25 09:47:20 | RSUFusion.Track | DEBUG    | sort_tracker.py:100 | Updated track 23 with truck at (331.7, 94.7)
2025-08-25 09:47:20 | RSUFusion.Track | DEBUG    | sort_tracker.py:100 | Updated track 18 with car at (435.3, 95.2)
2025-08-25 09:47:20 | RSUFusion.Track | DEBUG    | sort_tracker.py:100 | Updated track 24 with truck at (409.1, 94.0)
2025-08-25 09:47:20 | RSUFusion.SORTTracker | DEBUG    | sort_tracker.py:208 | SORT performance: 1.1ms/frame, 4 confirmed tracks
2025-08-25 09:47:20 | RSUFusion.TrackingProcess | DEBUG    | run_phase1.py:268 | Tracking: 4 confirmed tracks
2025-08-25 09:47:20 | RSUFusion.Track | DEBUG    | sort_tracker.py:100 | Updated track 14 with car at (472.9, 99.1)
2025-08-25 09:47:20 | RSUFusion.Track | DEBUG    | sort_tracker.py:100 | Updated track 23 with truck at (331.6, 94.7)
2025-08-25 09:47:20 | RSUFusion.Track | DEBUG    | sort_tracker.py:100 | Updated track 18 with car at (435.3, 95.2)
2025-08-25 09:47:20 | RSUFusion.Track | DEBUG    | sort_tracker.py:100 | Updated track 24 with truck at (409.1, 94.0)
2025-08-25 09:47:20 | RSUFusion.Track | DEBUG    | sort_tracker.py:100 | Updated track 23 with truck at (331.6, 94.8)
2025-08-25 09:47:20 | RSUFusion.Track | DEBUG    | sort_tracker.py:100 | Updated track 14 with car at (472.7, 99.2)
2025-08-25 09:47:20 | RSUFusion.Track | DEBUG    | sort_tracker.py:100 | Updated track 18 with car at (435.3, 95.3)
2025-08-25 09:47:20 | RSUFusion.Track | DEBUG    | sort_tracker.py:100 | Updated track 24 with truck at (409.1, 94.0)
2025-08-25 09:47:20 | RSUFusion.Track | DEBUG    | sort_tracker.py:100 | Updated track 14 with car at (472.8, 99.2)
2025-08-25 09:47:20 | RSUFusion.Track | DEBUG    | sort_tracker.py:100 | Updated track 23 with truck at (331.6, 94.8)
2025-08-25 09:47:20 | RSUFusion.Track | DEBUG    | sort_tracker.py:100 | Updated track 18 with car at (435.3, 95.2)
2025-08-25 09:47:20 | RSUFusion.Track | DEBUG    | sort_tracker.py:100 | Updated track 24 with truck at (409.1, 94.0)
2025-08-25 09:47:20 | RSUFusion.Track | DEBUG    | sort_tracker.py:100 | Updated track 14 with car at (472.8, 99.1)
2025-08-25 09:47:20 | RSUFusion.Track | DEBUG    | sort_tracker.py:100 | Updated track 23 with truck at (331.6, 94.7)
2025-08-25 09:47:20 | RSUFusion.Track | DEBUG    | sort_tracker.py:100 | Updated track 18 with car at (435.3, 95.2)
2025-08-25 09:47:20 | RSUFusion.Track | DEBUG    | sort_tracker.py:100 | Updated track 24 with truck at (409.0, 94.1)
2025-08-25 09:47:20 | RSUFusion.VisualizationProcess | DEBUG    | run_phase1.py:346 | Visualization: 48.0 FPS
2025-08-25 09:47:20 | RSUFusion.Track | DEBUG    | sort_tracker.py:100 | Updated track 14 with car at (472.6, 99.1)
2025-08-25 09:47:20 | RSUFusion.Track | DEBUG    | sort_tracker.py:100 | Updated track 23 with truck at (331.6, 94.7)
2025-08-25 09:47:20 | RSUFusion.Track | DEBUG    | sort_tracker.py:100 | Updated track 18 with car at (435.3, 95.2)
2025-08-25 09:47:21 | RSUFusion.Track | DEBUG    | sort_tracker.py:100 | Updated track 14 with car at (472.8, 99.2)
2025-08-25 09:47:21 | RSUFusion.Track | DEBUG    | sort_tracker.py:100 | Updated track 23 with truck at (331.6, 94.7)
2025-08-25 09:47:21 | RSUFusion.Track | DEBUG    | sort_tracker.py:100 | Updated track 18 with car at (435.3, 95.0)
2025-08-25 09:47:21 | RSUFusion.Track | DEBUG    | sort_tracker.py:100 | Updated track 14 with car at (472.9, 99.2)
2025-08-25 09:47:21 | RSUFusion.Track | DEBUG    | sort_tracker.py:100 | Updated track 23 with truck at (331.5, 94.7)
2025-08-25 09:47:21 | RSUFusion.Track | DEBUG    | sort_tracker.py:100 | Updated track 18 with car at (435.4, 95.2)
2025-08-25 09:47:21 | RSUFusion.Track | DEBUG    | sort_tracker.py:100 | Updated track 24 with truck at (409.1, 94.0)
2025-08-25 09:47:21 | RSUFusion.Track | DEBUG    | sort_tracker.py:100 | Updated track 14 with car at (472.9, 99.2)
2025-08-25 09:47:21 | RSUFusion.Track | DEBUG    | sort_tracker.py:100 | Updated track 23 with truck at (331.7, 94.6)
2025-08-25 09:47:21 | RSUFusion.Track | DEBUG    | sort_tracker.py:100 | Updated track 18 with car at (435.3, 95.3)
2025-08-25 09:47:21 | RSUFusion.Track | DEBUG    | sort_tracker.py:100 | Updated track 24 with truck at (409.1, 94.0)
2025-08-25 09:47:21 | RSUFusion.Track | DEBUG    | sort_tracker.py:100 | Updated track 14 with car at (472.9, 99.1)
2025-08-25 09:47:21 | RSUFusion.Track | DEBUG    | sort_tracker.py:100 | Updated track 23 with truck at (331.6, 94.7)
2025-08-25 09:47:21 | RSUFusion.Track | DEBUG    | sort_tracker.py:100 | Updated track 18 with car at (435.3, 95.3)
2025-08-25 09:47:21 | RSUFusion.Track | DEBUG    | sort_tracker.py:100 | Updated track 24 with truck at (409.1, 94.0)
2025-08-25 09:47:21 | RSUFusion.Track | DEBUG    | sort_tracker.py:100 | Updated track 14 with car at (472.8, 99.2)
2025-08-25 09:47:21 | RSUFusion.Track | DEBUG    | sort_tracker.py:100 | Updated track 23 with truck at (331.6, 94.7)
2025-08-25 09:47:21 | RSUFusion.Track | DEBUG    | sort_tracker.py:100 | Updated track 18 with car at (435.3, 95.3)
2025-08-25 09:47:21 | RSUFusion.Track | DEBUG    | sort_tracker.py:100 | Updated track 24 with truck at (409.1, 94.0)
2025-08-25 09:47:21 | RSUFusion.VisualizationProcess | DEBUG    | run_phase1.py:346 | Visualization: 50.4 FPS
2025-08-25 09:47:21 | RSUFusion.Track | DEBUG    | sort_tracker.py:100 | Updated track 14 with car at (472.8, 99.2)
2025-08-25 09:47:21 | RSUFusion.Track | DEBUG    | sort_tracker.py:100 | Updated track 23 with truck at (331.7, 94.8)
2025-08-25 09:47:21 | RSUFusion.Track | DEBUG    | sort_tracker.py:100 | Updated track 18 with car at (435.3, 95.3)
2025-08-25 09:47:21 | RSUFusion.Track | DEBUG    | sort_tracker.py:100 | Updated track 24 with truck at (409.0, 94.0)
2025-08-25 09:47:21 | RSUFusion.Track | DEBUG    | sort_tracker.py:100 | Updated track 14 with car at (472.8, 99.1)
2025-08-25 09:47:21 | RSUFusion.Track | DEBUG    | sort_tracker.py:100 | Updated track 23 with truck at (331.6, 94.8)
2025-08-25 09:47:21 | RSUFusion.Track | DEBUG    | sort_tracker.py:100 | Updated track 18 with car at (435.3, 95.2)
2025-08-25 09:47:21 | RSUFusion.Track | DEBUG    | sort_tracker.py:100 | Updated track 24 with truck at (409.0, 94.1)
2025-08-25 09:47:21 | RSUFusion.Track | DEBUG    | sort_tracker.py:100 | Updated track 14 with car at (472.7, 99.2)
2025-08-25 09:47:21 | RSUFusion.Track | DEBUG    | sort_tracker.py:100 | Updated track 23 with truck at (331.6, 94.7)
2025-08-25 09:47:21 | RSUFusion.Track | DEBUG    | sort_tracker.py:100 | Updated track 18 with car at (435.3, 95.3)
2025-08-25 09:47:21 | RSUFusion.Track | DEBUG    | sort_tracker.py:100 | Updated track 14 with car at (472.8, 99.1)
2025-08-25 09:47:21 | RSUFusion.Track | DEBUG    | sort_tracker.py:100 | Updated track 23 with truck at (331.6, 94.7)
2025-08-25 09:47:21 | RSUFusion.Track | DEBUG    | sort_tracker.py:100 | Updated track 18 with car at (435.3, 95.2)
2025-08-25 09:47:21 | RSUFusion.Track | DEBUG    | sort_tracker.py:100 | Updated track 24 with truck at (409.0, 94.0)
2025-08-25 09:47:21 | RSUFusion.CameraProcess | DEBUG    | run_phase1.py:146 | Ambulance speed: 0.0 km/h
2025-08-25 09:47:22 | RSUFusion.Track | DEBUG    | sort_tracker.py:100 | Updated track 14 with car at (472.8, 99.2)
2025-08-25 09:47:22 | RSUFusion.Track | DEBUG    | sort_tracker.py:100 | Updated track 23 with truck at (331.5, 94.8)
2025-08-25 09:47:22 | RSUFusion.Track | DEBUG    | sort_tracker.py:100 | Updated track 18 with car at (435.3, 95.4)
2025-08-25 09:47:22 | RSUFusion.Track | DEBUG    | sort_tracker.py:100 | Updated track 24 with truck at (409.1, 94.0)
2025-08-25 09:47:22 | RSUFusion.VisualizationProcess | DEBUG    | run_phase1.py:346 | Visualization: 48.6 FPS
2025-08-25 09:47:22 | RSUFusion.Phase1System | INFO     | run_phase1.py:418 | 🛑 Shutting down Phase 1 system...
2025-08-25 09:47:22 | RSUFusion.Phase1System | INFO     | run_phase1.py:418 | 🛑 Shutting down Phase 1 system...
2025-08-25 09:47:22 | RSUFusion.Phase1System | INFO     | run_phase1.py:418 | 🛑 Shutting down Phase 1 system...
2025-08-25 09:47:22 | RSUFusion.Phase1System | INFO     | run_phase1.py:425 | Waiting for camera process to finish...
2025-08-25 09:47:22 | RSUFusion.Phase1System | INFO     | run_phase1.py:418 | 🛑 Shutting down Phase 1 system...
2025-08-25 09:47:22 | RSUFusion.Phase1System | INFO     | run_phase1.py:446 | ✅ System shutdown complete
2025-08-25 09:47:22 | RSUFusion.Phase1System | INFO     | run_phase1.py:418 | 🛑 Shutting down Phase 1 system...
2025-08-25 09:47:22 | RSUFusion.YOLODetector | ERROR    | yolo_detector.py:161 | Detection error: can only test a child process
2025-08-25 09:47:22 | RSUFusion.DetectionProcess | INFO     | run_phase1.py:211 | Cleaning up detection process...
2025-08-25 09:47:22 | RSUFusion.YOLODetector | INFO     | yolo_detector.py:181 | Cleaning up YOLO detector...
2025-08-25 09:47:22 | RSUFusion.Phase1System | INFO     | run_phase1.py:425 | Waiting for detection process to finish...
2025-08-25 09:47:22 | RSUFusion.VisualizationProcess | INFO     | run_phase1.py:356 | Cleaning up visualization process...
2025-08-25 09:47:22 | RSUFusion.TrackingProcess | INFO     | run_phase1.py:280 | Cleaning up tracking process...
2025-08-25 09:47:22 | RSUFusion.LiveViewer | INFO     | live_viewer.py:320 | Cleaning up live viewer...
2025-08-25 09:47:22 | RSUFusion.SORTTracker | INFO     | sort_tracker.py:329 | Cleaning up SORT tracker...
2025-08-25 09:47:22 | RSUFusion.LiveViewer | INFO     | live_viewer.py:316 | Live viewer stopped
2025-08-25 09:47:22 | RSUFusion.Phase1System | INFO     | run_phase1.py:446 | ✅ System shutdown complete
